{"type":"FeatureCollection","features":[{"type":"Feature","properties":{"name":"Տավուշի ջրամբար"},"geometry":{"type":"Polygon","coordinates":[[[45.4138,40.9074],[45.4295,40.9113],[45.4273,40.9132],[45.4172,40.911],[45.4195,40.9102],[45.4112,40.9078],[45.4138,40.9074]]]}},{"type":"Feature","properties":{"name":"Խնձորութի ավազան"},"geometry":{"type":"Polygon","coordinates":[[[45.5586,40.879],[45.5614,40.8975],[45.5577,40.8976],[45.5547,40.8934],[45.5569,40.8924],[45.5547,40.879],[45.5586,40.879]]]}},{"type":"Feature","properties":{"name":"Տոլորսի ջրամբար"},"geometry":{"type":"Polygon","coordinates":[[[46.0205,39.4654],[46.0235,39.4633],[46.0315,39.4795],[46.0411,39.4859],[46.0362,39.4883],[46.0354,39.4945],[46.0315,39.4943],[46.0345,39.4895],[46.0276,39.49],[46.0119,39.4842],[46.0043,39.4784],[45.9974,39.4764],[45.9943,39.4721],[45.9957,39.4708],[46.0147,39.4758],[46.0226,39.4801],[46.0191,39.4718],[46.021,39.4726],[46.0205,39.4654]]]}},{"type":"Feature","properties":{"name":"Վարդավառի լիճ"},"geometry":{"type":"Polygon","coordinates":[[[44.5289,40.1548],[44.5264,40.1522],[44.5269,40.1555],[44.5289,40.1548]]]}},{"type":"Feature","properties":{"name":null},"geometry":{"type":"Polygon","coordinates":[[[44.519,40.188],[44.519,40.188]]]}},{"type":"Feature","properties":{"name":null},"geometry":{"type":"Polygon","coordinates":[[[44.5202,40.2194],[44.5244,40.2214],[44.5202,40.2194]]]}},{"type":"Feature","properties":{"name":"Քարի լիճ"},"geometry":{"type":"Polygon","coordinates":[[[44.1814,40.4724],[44.1781,40.4753],[44.1841,40.4753],[44.1814,40.4724]]]}},{"type":"Feature","properties":{"name":null},"geometry":{"type":"Polygon","coordinates":[[[44.4794,40.206],[44.4794,40.206]]]}},{"type":"Feature","properties":{"name":null},"geometry":{"type":"Polygon","coordinates":[[[44.4907,40.1994],[44.4907,40.1994]]]}},{"type":"Feature","properties":{"name":null},"geometry":{"type":"Polygon","coordinates":[[[44.5693,40.0873],[44.5693,40.0873]]]}},{"type":"Feature","properties":{"name":null},"geometry":{"type":"Polygon","coordinates":[[[44.5738,40.0863],[44.5738,40.0863]]]}},{"type":"Feature","properties":{"name":null},"geometry":{"type":"Polygon","coordinates":[[[44.5922,40.0628],[44.5946,40.0628],[44.5922,40.0628]]]}},{"type":"Feature","properties":{"name":"Lori Reservoir"},"geometry":{"type":"Polygon","coordinates":[[[44.1885,41.2367],[44.1972,41.2322],[44.1956,41.2243],[44.2,41.2201],[44.1989,41.2177],[44.202,41.2146],[44.2003,41.2117],[44.2029,41.2079],[44.2006,41.1962],[44.1953,41.1979],[44.1984,41.2075],[44.1934,41.211],[44.1949,41.2132],[44.1906,41.2162],[44.1919,41.2217],[44.184,41.2297],[44.1847,41.2338],[44.1885,41.2367]]]}},{"type":"Feature","properties":{"name":null},"geometry":{"type":"Polygon","coordinates":[[[44.2892,41.079],[44.2936,41.0761],[44.2874,41.0732],[44.2863,41.0765],[44.2892,41.079]]]}},{"type":"Feature","properties":{"name":null},"geometry":{"type":"Polygon","coordinates":[[[44.3304,41.0489],[44.3348,41.0486],[44.3304,41.0489]]]}},{"type":"Feature","properties":{"name":null},"geometry":{"type":"Polygon","coordinates":[[[44.3101,41.0536],[44.314,41.053],[44.3082,41.0513],[44.3101,41.0536]]]}},{"type":"Feature","properties":{"name":null},"geometry":{"type":"Polygon","coordinates":[[[44.3,41.0662],[44.3083,41.0657],[44.3058,41.0617],[44.2987,41.0632],[44.3,41.0662]]]}},{"type":"Feature","properties":{"name":null},"geometry":{"type":"Polygon","coordinates":[[[44.2807,41.0572],[44.2858,41.0583],[44.2826,41.0546],[44.2807,41.0572]]]}},{"type":"Feature","properties":{"name":null},"geometry":{"type":"Polygon","coordinates":[[[44.291,41.0556],[44.2968,41.0543],[44.2925,41.0533],[44.2899,41.0544],[44.291,41.0556]]]}},{"type":"Feature","properties":{"name":null},"geometry":{"type":"Polygon","coordinates":[[[44.2874,41.0595],[44.2928,41.0609],[44.2874,41.0595]]]}},{"type":"Feature","properties":{"name":"Կեչուտի ջրամբար"},"geometry":{"type":"Polygon","coordinates":[[[45.6482,39.7915],[45.6629,39.795],[45.6603,39.797],[45.6708,39.8006],[45.661,39.7988],[45.6598,39.8064],[45.6625,39.8126],[45.6586,39.8104],[45.6581,39.8062],[45.6542,39.7999],[45.6531,39.8016],[45.6482,39.7915]]]}},{"type":"Feature","properties":{"name":"Թավշուտի ջրամբար"},"geometry":{"type":"Polygon","coordinates":[[[43.7983,41.1259],[43.8002,41.1202],[43.8054,41.1212],[43.8082,41.1246],[43.8047,41.1189],[43.807,41.115],[43.8038,41.1142],[43.7962,41.1208],[43.7872,41.1244],[43.7963,41.1229],[43.7994,41.1304],[43.7983,41.1259]]]}},{"type":"Feature","properties":{"name":null},"geometry":{"type":"Polygon","coordinates":[[[43.7129,41.0773],[43.7183,41.0777],[43.7129,41.0773]]]}},{"type":"Feature","properties":{"name":null},"geometry":{"type":"Polygon","coordinates":[[[44.5434,40.1166],[44.5448,40.1173],[44.5434,40.1166]]]}},{"type":"Feature","properties":{"name":null},"geometry":{"type":"Polygon","coordinates":[[[44.2517,40.0575],[44.2448,40.0533],[44.2385,40.0562],[44.2451,40.0555],[44.2485,40.0591],[44.2517,40.0575]]]}},{"type":"Feature","properties":{"name":null},"geometry":{"type":"Polygon","coordinates":[[[44.1784,40.1326],[44.1751,40.1342],[44.18,40.1378],[44.1784,40.1326]]]}},{"type":"Feature","properties":{"name":"Ակնա լիճ"},"geometry":{"type":"Polygon","coordinates":[[[44.1698,40.1436],[44.1669,40.145],[44.1698,40.1457],[44.1698,40.1436]]]}},{"type":"Feature","properties":{"name":null},"geometry":{"type":"Polygon","coordinates":[[[44.1962,40.1154],[44.1939,40.1175],[44.1973,40.117],[44.1962,40.1154]]]}},{"type":"Feature","properties":{"name":"Վիշապա"},"geometry":{"type":"Polygon","coordinates":[[[44.9048,40.1504],[44.9113,40.1455],[44.911,40.1512],[44.9066,40.1522],[44.9048,40.1504]]]}},{"type":"Feature","properties":{"name":null},"geometry":{"type":"Polygon","coordinates":[[[43.8274,40.7803],[43.8274,40.7803]]]}},{"type":"Feature","properties":{"name":"Պարզ լիճ"},"geometry":{"type":"Polygon","coordinates":[[[44.9617,40.7529],[44.9592,40.7495],[44.9617,40.7529]]]}},{"type":"Feature","properties":{"name":null},"geometry":{"type":"Polygon","coordinates":[[[44.2242,40.101],[44.217,40.109],[44.2159,40.1061],[44.2184,40.1041],[44.2152,40.1031],[44.2247,40.0996],[44.2242,40.101]]]}},{"type":"Feature","properties":{"name":null},"geometry":{"type":"Polygon","coordinates":[[[44.2462,40.0903],[44.2466,40.0975],[44.2435,40.0983],[44.2462,40.0903]]]}},{"type":"Feature","properties":{"name":null},"geometry":{"type":"Polygon","coordinates":[[[44.2278,40.1025],[44.2382,40.1053],[44.2426,40.1005],[44.2369,40.1036],[44.2327,40.1005],[44.2278,40.1025]]]}},{"type":"Feature","properties":{"name":null},"geometry":{"type":"Polygon","coordinates":[[[44.274,40.169],[44.2748,40.1674],[44.274,40.169]]]}},{"type":"Feature","properties":{"name":null},"geometry":{"type":"Polygon","coordinates":[[[43.6971,40.5515],[43.6971,40.5515]]]}},{"type":"Feature","properties":{"name":"Ջրամբար"},"geometry":{"type":"Polygon","coordinates":[[[43.6907,40.5518],[43.6907,40.5518]]]}},{"type":"Feature","properties":{"name":null},"geometry":{"type":"Polygon","coordinates":[[[43.6771,40.5587],[43.6771,40.5587]]]}},{"type":"Feature","properties":{"name":null},"geometry":{"type":"Polygon","coordinates":[[[43.6901,40.5585],[43.6901,40.5585]]]}},{"type":"Feature","properties":{"name":null},"geometry":{"type":"Polygon","coordinates":[[[43.661,40.5262],[43.661,40.5262]]]}},{"type":"Feature","properties":{"name":null},"geometry":{"type":"Polygon","coordinates":[[[43.8077,41.0909],[43.8077,41.0909]]]}},{"type":"Feature","properties":{"name":null},"geometry":{"type":"Polygon","coordinates":[[[44.7799,39.7425],[44.7866,39.7483],[44.7923,39.744],[44.786,39.7382],[44.7799,39.7425]]]}},{"type":"Feature","properties":{"name":null},"geometry":{"type":"Polygon","coordinates":[[[44.7501,39.7761],[44.7579,39.783],[44.7525,39.7867],[44.7448,39.78],[44.7501,39.7761]]]}},{"type":"Feature","properties":{"name":null},"geometry":{"type":"Polygon","coordinates":[[[44.7654,39.7411],[44.7724,39.7471],[44.7788,39.7424],[44.772,39.7367],[44.7654,39.7411]]]}},{"type":"Feature","properties":{"name":null},"geometry":{"type":"Polygon","coordinates":[[[44.7727,39.7473],[44.7797,39.7532],[44.7861,39.7487],[44.7794,39.7428],[44.7727,39.7473]]]}},{"type":"Feature","properties":{"name":null},"geometry":{"type":"Polygon","coordinates":[[[44.7551,39.7727],[44.7502,39.776],[44.7581,39.7829],[44.7629,39.7796],[44.7551,39.7727]]]}},{"type":"Feature","properties":{"name":null},"geometry":{"type":"Polygon","coordinates":[[[44.7724,39.7476],[44.7658,39.752],[44.7727,39.7581],[44.7793,39.7535],[44.7724,39.7476]]]}},{"type":"Feature","properties":{"name":null},"geometry":{"type":"Polygon","coordinates":[[[44.7671,39.7745],[44.7605,39.769],[44.7685,39.7636],[44.7715,39.7662],[44.7671,39.7745]]]}},{"type":"Feature","properties":{"name":null},"geometry":{"type":"Polygon","coordinates":[[[44.7786,39.7319],[44.7855,39.738],[44.7792,39.7422],[44.7724,39.7364],[44.7786,39.7319]]]}},{"type":"Feature","properties":{"name":null},"geometry":{"type":"Polygon","coordinates":[[[44.7948,39.7336],[44.8006,39.7386],[44.8035,39.7328],[44.7953,39.7303],[44.7948,39.7336]]]}},{"type":"Feature","properties":{"name":null},"geometry":{"type":"Polygon","coordinates":[[[44.739,39.7837],[44.7467,39.7906],[44.7522,39.7868],[44.7445,39.7799],[44.739,39.7837]]]}},{"type":"Feature","properties":{"name":null},"geometry":{"type":"Polygon","coordinates":[[[44.7476,39.7584],[44.7511,39.7511],[44.758,39.7569],[44.7517,39.7613],[44.7476,39.7584]]]}},{"type":"Feature","properties":{"name":null},"geometry":{"type":"Polygon","coordinates":[[[44.7965,39.7292],[44.8037,39.7314],[44.8045,39.7272],[44.7998,39.7263],[44.7965,39.7292]]]}},{"type":"Feature","properties":{"name":null},"geometry":{"type":"Polygon","coordinates":[[[44.76,39.7694],[44.7553,39.7725],[44.7631,39.7794],[44.7666,39.7751],[44.76,39.7694]]]}},{"type":"Feature","properties":{"name":null},"geometry":{"type":"Polygon","coordinates":[[[44.7579,39.7464],[44.7647,39.7521],[44.7584,39.7566],[44.7517,39.7508],[44.7579,39.7464]]]}},{"type":"Feature","properties":{"name":null},"geometry":{"type":"Polygon","coordinates":[[[44.7791,39.7317],[44.7861,39.727],[44.7927,39.7327],[44.7858,39.7376],[44.7791,39.7317]]]}},{"type":"Feature","properties":{"name":null},"geometry":{"type":"Polygon","coordinates":[[[44.7931,39.7332],[44.799,39.7382],[44.7927,39.7437],[44.7862,39.7381],[44.7931,39.7332]]]}},{"type":"Feature","properties":{"name":null},"geometry":{"type":"Polygon","coordinates":[[[44.7519,39.7618],[44.759,39.7676],[44.7652,39.7631],[44.7581,39.7573],[44.7519,39.7618]]]}},{"type":"Feature","properties":{"name":null},"geometry":{"type":"Polygon","coordinates":[[[44.7648,39.7415],[44.772,39.7473],[44.7654,39.7518],[44.7587,39.7459],[44.7648,39.7415]]]}},{"type":"Feature","properties":{"name":null},"geometry":{"type":"Polygon","coordinates":[[[44.7229,39.7772],[44.7344,39.7784],[44.7394,39.7738],[44.7296,39.7688],[44.7229,39.7772]]]}},{"type":"Feature","properties":{"name":null},"geometry":{"type":"Polygon","coordinates":[[[44.7298,39.7687],[44.7394,39.7736],[44.7425,39.7661],[44.7349,39.7624],[44.7298,39.7687]]]}},{"type":"Feature","properties":{"name":null},"geometry":{"type":"Polygon","coordinates":[[[44.7421,39.7656],[44.7455,39.7574],[44.7417,39.7542],[44.7354,39.7622],[44.7421,39.7656]]]}},{"type":"Feature","properties":{"name":null},"geometry":{"type":"Polygon","coordinates":[[[44.4998,40.0453],[44.4998,40.0453]]]}},{"type":"Feature","properties":{"name":null},"geometry":{"type":"Polygon","coordinates":[[[44.444,40.0061],[44.4527,40.0114],[44.444,40.0061]]]}},{"type":"Feature","properties":{"name":null},"geometry":{"type":"Polygon","coordinates":[[[44.4458,40.0112],[44.4473,40.0106],[44.4458,40.0112]]]}},{"type":"Feature","properties":{"name":null},"geometry":{"type":"Polygon","coordinates":[[[44.4527,40.0115],[44.4527,40.0115]]]}},{"type":"Feature","properties":{"name":null},"geometry":{"type":"Polygon","coordinates":[[[44.2938,40.0624],[44.2938,40.0624]]]}},{"type":"Feature","properties":{"name":null},"geometry":{"type":"Polygon","coordinates":[[[44.3464,40.0464],[44.3486,40.0469],[44.3464,40.0464]]]}},{"type":"Feature","properties":{"name":null},"geometry":{"type":"Polygon","coordinates":[[[44.3488,40.0462],[44.3489,40.0487],[44.3527,40.0485],[44.3523,40.0459],[44.3488,40.0462]]]}},{"type":"Feature","properties":{"name":null},"geometry":{"type":"Polygon","coordinates":[[[44.2944,40.0615],[44.2975,40.0628],[44.2986,40.0608],[44.2954,40.0589],[44.2944,40.0615]]]}},{"type":"Feature","properties":{"name":null},"geometry":{"type":"Polygon","coordinates":[[[44.2912,40.062],[44.291,40.0648],[44.2959,40.0633],[44.2912,40.062]]]}},{"type":"Feature","properties":{"name":null},"geometry":{"type":"Polygon","coordinates":[[[44.337,40.0458],[44.335,40.0491],[44.337,40.0458]]]}},{"type":"Feature","properties":{"name":null},"geometry":{"type":"Polygon","coordinates":[[[44.4441,40.007],[44.4441,40.007]]]}},{"type":"Feature","properties":{"name":null},"geometry":{"type":"Polygon","coordinates":[[[44.294,40.0614],[44.294,40.0614]]]}},{"type":"Feature","properties":{"name":null},"geometry":{"type":"Polygon","coordinates":[[[45.0204,39.9715],[45.0204,39.9715]]]}},{"type":"Feature","properties":{"name":"Կապլինգյոլ"},"geometry":{"type":"Polygon","coordinates":[[[45.0373,39.9803],[45.0389,39.9815],[45.0348,39.9806],[45.0373,39.9803]]]}},{"type":"Feature","properties":{"name":null},"geometry":{"type":"Polygon","coordinates":[[[44.3708,40.0383],[44.3824,40.0456],[44.3854,40.04],[44.3854,40.0384],[44.3708,40.0383]]]}},{"type":"Feature","properties":{"name":null},"geometry":{"type":"Polygon","coordinates":[[[44.383,40.0374],[44.3859,40.0376],[44.3866,40.0355],[44.3838,40.0347],[44.383,40.0374]]]}},{"type":"Feature","properties":{"name":null},"geometry":{"type":"Polygon","coordinates":[[[44.3897,40.0378],[44.3967,40.0376],[44.39,40.0362],[44.3897,40.0378]]]}},{"type":"Feature","properties":{"name":null},"geometry":{"type":"Polygon","coordinates":[[[44.3828,40.0456],[44.3949,40.039],[44.3857,40.0384],[44.3828,40.0456]]]}},{"type":"Feature","properties":{"name":null},"geometry":{"type":"Polygon","coordinates":[[[44.2942,40.0581],[44.2923,40.06],[44.2942,40.0581]]]}},{"type":"Feature","properties":{"name":null},"geometry":{"type":"Polygon","coordinates":[[[44.3747,40.0351],[44.3763,40.033],[44.38,40.0342],[44.3747,40.0351]]]}},{"type":"Feature","properties":{"name":null},"geometry":{"type":"Polygon","coordinates":[[[44.2943,40.058],[44.296,40.0583],[44.2943,40.058]]]}},{"type":"Feature","properties":{"name":null},"geometry":{"type":"Polygon","coordinates":[[[44.3779,40.0351],[44.3776,40.037],[44.38,40.0372],[44.3806,40.0349],[44.3779,40.0351]]]}},{"type":"Feature","properties":{"name":null},"geometry":{"type":"Polygon","coordinates":[[[44.3803,40.0372],[44.3827,40.0375],[44.3836,40.0346],[44.3809,40.0348],[44.3803,40.0372]]]}},{"type":"Feature","properties":{"name":null},"geometry":{"type":"Polygon","coordinates":[[[44.3862,40.0376],[44.3897,40.0362],[44.3869,40.0354],[44.3862,40.0376]]]}},{"type":"Feature","properties":{"name":"Զանգակատան ջրամբար"},"geometry":{"type":"Polygon","coordinates":[[[45.0526,39.8465],[45.0537,39.8507],[45.0556,39.8466],[45.0526,39.8465]]]}},{"type":"Feature","properties":{"name":"Ակնալիճ"},"geometry":{"type":"Polygon","coordinates":[[[44.9156,40.283],[44.9201,40.279],[44.9242,40.2817],[44.9283,40.2802],[44.9212,40.2863],[44.9174,40.2863],[44.9179,40.2842],[44.9156,40.283]]]}},{"type":"Feature","properties":{"name":null},"geometry":{"type":"Polygon","coordinates":[[[44.7581,40.5102],[44.7586,40.5054],[44.75,40.5036],[44.7504,40.5074],[44.7581,40.5102]]]}},{"type":"Feature","properties":{"name":null},"geometry":{"type":"Polygon","coordinates":[[[43.7598,40.4659],[43.7598,40.4659]]]}},{"type":"Feature","properties":{"name":null},"geometry":{"type":"Polygon","coordinates":[[[43.8112,40.3645],[43.8112,40.3645]]]}},{"type":"Feature","properties":{"name":null},"geometry":{"type":"Polygon","coordinates":[[[43.8265,40.3412],[43.8265,40.3412]]]}},{"type":"Feature","properties":{"name":null},"geometry":{"type":"Polygon","coordinates":[[[45.067,39.9834],[45.067,39.9834]]]}},{"type":"Feature","properties":{"name":null},"geometry":{"type":"Polygon","coordinates":[[[45.0606,39.9799],[45.0606,39.9799]]]}},{"type":"Feature","properties":{"name":null},"geometry":{"type":"Polygon","coordinates":[[[43.807,40.103],[43.807,40.103]]]}},{"type":"Feature","properties":{"name":null},"geometry":{"type":"Polygon","coordinates":[[[44.2843,40.1077],[44.2843,40.1077]]]}},{"type":"Feature","properties":{"name":"Սեւ լիճ - İşıqlı Qaragöl"},"geometry":{"type":"Polygon","coordinates":[[[46.2323,39.5931],[46.2219,39.592],[46.2206,39.5978],[46.2271,39.6032],[46.2401,39.6027],[46.2411,39.5982],[46.2323,39.5931]]]}},{"type":"Feature","properties":{"name":null},"geometry":{"type":"Polygon","coordinates":[[[43.6247,40.3268],[43.6247,40.3268]]]}},{"type":"Feature","properties":{"name":null},"geometry":{"type":"Polygon","coordinates":[[[43.6946,40.3843],[43.6946,40.3843]]]}},{"type":"Feature","properties":{"name":null},"geometry":{"type":"Polygon","coordinates":[[[43.7902,40.4414],[43.7908,40.4395],[43.7946,40.4423],[43.7925,40.4436],[43.7902,40.4414]]]}},{"type":"Feature","properties":{"name":null},"geometry":{"type":"Polygon","coordinates":[[[43.7306,40.3802],[43.7306,40.3802]]]}},{"type":"Feature","properties":{"name":null},"geometry":{"type":"Polygon","coordinates":[[[43.8484,40.7401],[43.8457,40.7359],[43.8487,40.7374],[43.8491,40.7424],[43.8484,40.7401]]]}},{"type":"Feature","properties":{"name":null},"geometry":{"type":"Polygon","coordinates":[[[43.8285,40.7977],[43.8285,40.7977]]]}},{"type":"Feature","properties":{"name":null},"geometry":{"type":"Polygon","coordinates":[[[43.8289,40.7974],[43.8289,40.7974]]]}},{"type":"Feature","properties":{"name":"Ումրոյի"},"geometry":{"type":"Polygon","coordinates":[[[44.2596,40.5209],[44.2664,40.5198],[44.2632,40.5185],[44.2596,40.5209]]]}},{"type":"Feature","properties":{"name":"Հալավար"},"geometry":{"type":"Polygon","coordinates":[[[44.3302,40.6541],[44.3246,40.6506],[44.3252,40.6471],[44.332,40.6485],[44.3342,40.6511],[44.333,40.6609],[44.3301,40.6595],[44.3302,40.6541]]]}},{"type":"Feature","properties":{"name":null},"geometry":{"type":"Polygon","coordinates":[[[43.8286,40.7978],[43.8286,40.7978]]]}},{"type":"Feature","properties":{"name":"Մանթաշի ջրամբար"},"geometry":{"type":"Polygon","coordinates":[[[44.0979,40.5663],[44.1015,40.5674],[44.1091,40.5588],[44.1092,40.5497],[44.1065,40.5503],[44.1059,40.5579],[44.0979,40.5663]]]}},{"type":"Feature","properties":{"name":null},"geometry":{"type":"Polygon","coordinates":[[[43.8285,40.7978],[43.8285,40.7978]]]}},{"type":"Feature","properties":{"name":null},"geometry":{"type":"Polygon","coordinates":[[[43.8287,40.7976],[43.8287,40.7976]]]}},{"type":"Feature","properties":{"name":null},"geometry":{"type":"Polygon","coordinates":[[[43.8285,40.7976],[43.8285,40.7976]]]}},{"type":"Feature","properties":{"name":null},"geometry":{"type":"Polygon","coordinates":[[[44.431,40.2238],[44.431,40.2238]]]}},{"type":"Feature","properties":{"name":null},"geometry":{"type":"Polygon","coordinates":[[[44.4565,40.1777],[44.4565,40.1777]]]}},{"type":"Feature","properties":{"name":null},"geometry":{"type":"Polygon","coordinates":[[[44.2906,41.0665],[44.2869,41.0659],[44.2906,41.0665]]]}},{"type":"Feature","properties":{"name":null},"geometry":{"type":"Polygon","coordinates":[[[44.2768,41.0725],[44.2796,41.074],[44.2768,41.0725]]]}},{"type":"Feature","properties":{"name":null},"geometry":{"type":"Polygon","coordinates":[[[44.2962,41.068],[44.2975,41.0658],[44.2936,41.0672],[44.2962,41.068]]]}},{"type":"Feature","properties":{"name":null},"geometry":{"type":"Polygon","coordinates":[[[44.2791,41.069],[44.2813,41.0702],[44.2822,41.0664],[44.2767,41.0681],[44.2791,41.069]]]}},{"type":"Feature","properties":{"name":"Խնձորուտի ջրամբար"},"geometry":{"type":"Polygon","coordinates":[[[45.4463,40.8064],[45.4471,40.8048],[45.4431,40.8021],[45.4351,40.8003],[45.4463,40.8064]]]}},{"type":"Feature","properties":{"name":null},"geometry":{"type":"Polygon","coordinates":[[[45.3855,40.9724],[45.3906,40.9705],[45.3898,40.9657],[45.3864,40.9679],[45.3756,40.9607],[45.3728,40.9618],[45.3807,40.9698],[45.3838,40.9699],[45.3813,40.9719],[45.3855,40.9724]]]}},{"type":"Feature","properties":{"name":null},"geometry":{"type":"Polygon","coordinates":[[[43.9851,41.0508],[43.9891,41.053],[43.9885,41.0507],[43.9851,41.0508]]]}},{"type":"Feature","properties":{"name":null},"geometry":{"type":"Polygon","coordinates":[[[44.3228,41.0475],[44.3241,41.0494],[44.3247,41.0475],[44.3228,41.0475]]]}},{"type":"Feature","properties":{"name":null},"geometry":{"type":"Polygon","coordinates":[[[44.3261,41.0412],[44.3278,41.0417],[44.3261,41.0412]]]}},{"type":"Feature","properties":{"name":null},"geometry":{"type":"Polygon","coordinates":[[[44.3173,41.0519],[44.3196,41.0513],[44.3173,41.0519]]]}},{"type":"Feature","properties":{"name":null},"geometry":{"type":"Polygon","coordinates":[[[44.3008,41.075],[44.3049,41.0746],[44.3008,41.075]]]}},{"type":"Feature","properties":{"name":null},"geometry":{"type":"Polygon","coordinates":[[[46.3814,39.4896],[46.3814,39.4896]]]}},{"type":"Feature","properties":{"name":null},"geometry":{"type":"Polygon","coordinates":[[[43.6169,40.4948],[43.6169,40.4948]]]}},{"type":"Feature","properties":{"name":"Զարդալիճ"},"geometry":{"type":"Polygon","coordinates":[[[45.8713,39.4917],[45.8739,39.4925],[45.8738,39.4963],[45.8698,39.4935],[45.8713,39.4917]]]}},{"type":"Feature","properties":{"name":"Դելֆինների լճակ"},"geometry":{"type":"Polygon","coordinates":[[[45.6656,39.8385],[45.6656,39.8385]]]}},{"type":"Feature","properties":{"name":"Յոթնաղբյուր"},"geometry":{"type":"Polygon","coordinates":[[[45.6663,39.8401],[45.6681,39.8409],[45.6663,39.8401]]]}},{"type":"Feature","properties":{"name":"Սառնաղբյուր"},"geometry":{"type":"Polygon","coordinates":[[[45.668,39.8414],[45.671,39.8422],[45.668,39.8414]]]}},{"type":"Feature","properties":{"name":"Կառնուտ"},"geometry":{"type":"Polygon","coordinates":[[[43.9586,40.7737],[43.9587,40.7686],[43.9638,40.7643],[43.9789,40.7619],[43.973,40.7652],[43.9705,40.7704],[43.9618,40.7753],[43.9586,40.7737]]]}},{"type":"Feature","properties":{"name":null},"geometry":{"type":"Polygon","coordinates":[[[44.7234,39.8088],[44.7264,39.8062],[44.7294,39.8101],[44.7263,39.8129],[44.7234,39.8088]]]}},{"type":"Feature","properties":{"name":null},"geometry":{"type":"Polygon","coordinates":[[[43.8385,40.6974],[43.8405,40.6962],[43.8385,40.6974]]]}},{"type":"Feature","properties":{"name":"Akhurian"},"geometry":{"type":"Polygon","coordinates":[[[43.6036,40.5162],[43.6103,40.5137],[43.6187,40.5252],[43.618,40.5211],[43.6109,40.5136],[43.6036,40.5162]]]}},{"type":"Feature","properties":{"name":"Akhurian"},"geometry":{"type":"Polygon","coordinates":[[[43.65,40.531],[43.6509,40.5377],[43.6453,40.5441],[43.6419,40.5569],[43.6447,40.5628],[43.6422,40.5568],[43.6455,40.5446],[43.6513,40.5377],[43.65,40.531]]]}},{"type":"Feature","properties":{"name":"Akhurian"},"geometry":{"type":"Polygon","coordinates":[[[43.6038,40.5159],[43.5992,40.511],[43.5894,40.507],[43.6038,40.5159]]]}},{"type":"Feature","properties":{"name":null},"geometry":{"type":"Polygon","coordinates":[[[44.4219,40.1368],[44.4219,40.1368]]]}},{"type":"Feature","properties":{"name":null},"geometry":{"type":"Polygon","coordinates":[[[43.7495,40.668],[43.7537,40.6703],[43.7495,40.668]]]}},{"type":"Feature","properties":{"name":null},"geometry":{"type":"Polygon","coordinates":[[[43.754,40.6697],[43.7577,40.6675],[43.7535,40.6682],[43.754,40.6697]]]}},{"type":"Feature","properties":{"name":null},"geometry":{"type":"Polygon","coordinates":[[[43.7764,40.7319],[43.7777,40.7341],[43.7764,40.7319]]]}},{"type":"Feature","properties":{"name":null},"geometry":{"type":"Polygon","coordinates":[[[44.5839,40.1746],[44.5862,40.1754],[44.5839,40.1746]]]}},{"type":"Feature","properties":{"name":null},"geometry":{"type":"Polygon","coordinates":[[[44.2384,40.6732],[44.2413,40.6741],[44.2384,40.6732]]]}},{"type":"Feature","properties":{"name":null},"geometry":{"type":"Polygon","coordinates":[[[44.1863,40.4725],[44.1863,40.4725]]]}},{"type":"Feature","properties":{"name":null},"geometry":{"type":"Polygon","coordinates":[[[44.7874,39.7509],[44.7948,39.7573],[44.7894,39.7616],[44.7813,39.7547],[44.7874,39.7509]]]}},{"type":"Feature","properties":{"name":null},"geometry":{"type":"Polygon","coordinates":[[[44.7885,39.7503],[44.7957,39.7567],[44.8041,39.7515],[44.7954,39.7455],[44.7885,39.7503]]]}},{"type":"Feature","properties":{"name":null},"geometry":{"type":"Polygon","coordinates":[[[44.7957,39.7453],[44.8045,39.7512],[44.8121,39.7454],[44.8015,39.74],[44.7957,39.7453]]]}},{"type":"Feature","properties":{"name":null},"geometry":{"type":"Polygon","coordinates":[[[44.1805,40.7267],[44.1835,40.7286],[44.1826,40.7312],[44.1757,40.7328],[44.1805,40.7267]]]}},{"type":"Feature","properties":{"name":null},"geometry":{"type":"Polygon","coordinates":[[[44.7684,39.7783],[44.7718,39.7725],[44.7749,39.7737],[44.7731,39.7811],[44.7684,39.7783]]]}},{"type":"Feature","properties":{"name":null},"geometry":{"type":"Polygon","coordinates":[[[44.7873,39.727],[44.7952,39.7294],[44.7987,39.7265],[44.79,39.7246],[44.7873,39.727]]]}},{"type":"Feature","properties":{"name":null},"geometry":{"type":"Polygon","coordinates":[[[44.801,39.7389],[44.8073,39.742],[44.8102,39.7351],[44.8039,39.7332],[44.801,39.7389]]]}},{"type":"Feature","properties":{"name":null},"geometry":{"type":"Polygon","coordinates":[[[44.7909,39.7302],[44.7943,39.7304],[44.7909,39.7302]]]}},{"type":"Feature","properties":{"name":null},"geometry":{"type":"Polygon","coordinates":[[[44.7884,39.728],[44.7949,39.7299],[44.7884,39.728]]]}},{"type":"Feature","properties":{"name":"Քաղաքային լճեր"},"geometry":{"type":"Polygon","coordinates":[[[44.4963,40.8022],[44.4963,40.8022]]]}},{"type":"Feature","properties":{"name":"Երեք լճեր"},"geometry":{"type":"Polygon","coordinates":[[[44.4978,40.8036],[44.4993,40.8032],[44.4978,40.8036]]]}},{"type":"Feature","properties":{"name":null},"geometry":{"type":"Polygon","coordinates":[[[43.8599,40.5111],[43.8584,40.5129],[43.8599,40.5111]]]}},{"type":"Feature","properties":{"name":null},"geometry":{"type":"Polygon","coordinates":[[[43.7695,40.7063],[43.7712,40.7063],[43.7695,40.7063]]]}},{"type":"Feature","properties":{"name":"Ամբերդ"},"geometry":{"type":"Polygon","coordinates":[[[44.1504,40.4797],[44.1504,40.4797]]]}},{"type":"Feature","properties":{"name":null},"geometry":{"type":"Polygon","coordinates":[[[44.1134,40.5089],[44.1121,40.5097],[44.1134,40.5089]]]}},{"type":"Feature","properties":{"name":null},"geometry":{"type":"Polygon","coordinates":[[[44.2703,40.8351],[44.2703,40.8351]]]}},{"type":"Feature","properties":{"name":"Սայլայլի"},"geometry":{"type":"Polygon","coordinates":[[[44.1429,40.5325],[44.1429,40.5325]]]}},{"type":"Feature","properties":{"name":"Մթնալիճ"},"geometry":{"type":"Polygon","coordinates":[[[44.1818,40.5313],[44.1818,40.5313]]]}},{"type":"Feature","properties":{"name":null},"geometry":{"type":"Polygon","coordinates":[[[44.4994,40.8159],[44.4973,40.8148],[44.4994,40.8159]]]}},{"type":"Feature","properties":{"name":null},"geometry":{"type":"Polygon","coordinates":[[[44.9462,40.2267],[44.9486,40.2268],[44.9462,40.2267]]]}},{"type":"Feature","properties":{"name":null},"geometry":{"type":"Polygon","coordinates":[[[44.4083,40.7483],[44.4083,40.7483]]]}},{"type":"Feature","properties":{"name":null},"geometry":{"type":"Polygon","coordinates":[[[44.3958,40.8423],[44.3958,40.8423]]]}},{"type":"Feature","properties":{"name":null},"geometry":{"type":"Polygon","coordinates":[[[44.3861,40.8132],[44.3851,40.812],[44.3861,40.8132]]]}},{"type":"Feature","properties":{"name":null},"geometry":{"type":"Polygon","coordinates":[[[44.3994,40.5195],[44.3994,40.5195]]]}},{"type":"Feature","properties":{"name":"Գոշալիճ"},"geometry":{"type":"Polygon","coordinates":[[[45.016,40.7207],[45.016,40.7207]]]}},{"type":"Feature","properties":{"name":null},"geometry":{"type":"Polygon","coordinates":[[[44.4804,40.2892],[44.4804,40.2892]]]}},{"type":"Feature","properties":{"name":"Մարմարիկի ջրամբար"},"geometry":{"type":"Polygon","coordinates":[[[44.5577,40.6207],[44.5618,40.6228],[44.5553,40.6308],[44.5451,40.6311],[44.5413,40.6344],[44.5413,40.6304],[44.5381,40.6288],[44.5303,40.6311],[44.5374,40.6276],[44.5494,40.6293],[44.5577,40.6207]]]}},{"type":"Feature","properties":{"name":null},"geometry":{"type":"Polygon","coordinates":[[[44.1795,40.5228],[44.1795,40.5228]]]}},{"type":"Feature","properties":{"name":"Արքայական"},"geometry":{"type":"Polygon","coordinates":[[[44.0992,40.5174],[44.1008,40.5172],[44.0992,40.5174]]]}},{"type":"Feature","properties":{"name":"Եղնալիճ"},"geometry":{"type":"Polygon","coordinates":[[[44.2476,40.5657],[44.249,40.5635],[44.2495,40.5657],[44.2476,40.5657]]]}},{"type":"Feature","properties":{"name":null},"geometry":{"type":"Polygon","coordinates":[[[44.5736,40.1213],[44.5736,40.1213]]]}},{"type":"Feature","properties":{"name":null},"geometry":{"type":"Polygon","coordinates":[[[44.943,40.2401],[44.943,40.2401]]]}},{"type":"Feature","properties":{"name":"Սառնաղբյուրի ջրամբար"},"geometry":{"type":"Polygon","coordinates":[[[43.8909,40.5334],[43.8912,40.5279],[43.8963,40.5304],[43.8956,40.533],[43.8909,40.5334]]]}},{"type":"Feature","properties":{"name":"Վարդաքարի ջրամբար"},"geometry":{"type":"Polygon","coordinates":[[[43.9037,40.6635],[43.9027,40.6594],[43.9118,40.6574],[43.9119,40.6644],[43.9037,40.6635]]]}},{"type":"Feature","properties":{"name":null},"geometry":{"type":"Polygon","coordinates":[[[44.3647,40.3226],[44.3677,40.3232],[44.3647,40.3226]]]}},{"type":"Feature","properties":{"name":"Կապուտան (Գոգիլիճ)"},"geometry":{"type":"Polygon","coordinates":[[[46.0613,39.0933],[46.0596,39.0881],[46.057,39.0889],[46.058,39.0922],[46.0613,39.0933]]]}},{"type":"Feature","properties":{"name":"Ծակքարի"},"geometry":{"type":"Polygon","coordinates":[[[46.0845,39.0865],[46.0853,39.084],[46.0826,39.0835],[46.0845,39.0865]]]}},{"type":"Feature","properties":{"name":null},"geometry":{"type":"Polygon","coordinates":[[[44.4484,40.7652],[44.4484,40.7652]]]}},{"type":"Feature","properties":{"name":null},"geometry":{"type":"Polygon","coordinates":[[[44.3957,40.8463],[44.3948,40.8417],[44.3957,40.8463]]]}},{"type":"Feature","properties":{"name":null},"geometry":{"type":"Polygon","coordinates":[[[44.3948,40.8417],[44.3948,40.8417]]]}},{"type":"Feature","properties":{"name":null},"geometry":{"type":"Polygon","coordinates":[[[44.3605,40.1148],[44.3623,40.1151],[44.3605,40.1148]]]}},{"type":"Feature","properties":{"name":null},"geometry":{"type":"Polygon","coordinates":[[[44.3608,40.1167],[44.3632,40.116],[44.3608,40.1167]]]}},{"type":"Feature","properties":{"name":null},"geometry":{"type":"Polygon","coordinates":[[[44.3575,40.1144],[44.3575,40.1144]]]}},{"type":"Feature","properties":{"name":null},"geometry":{"type":"Polygon","coordinates":[[[44.3555,40.1156],[44.3573,40.115],[44.3555,40.1156]]]}},{"type":"Feature","properties":{"name":null},"geometry":{"type":"Polygon","coordinates":[[[44.3573,40.1133],[44.359,40.1135],[44.3573,40.1133]]]}},{"type":"Feature","properties":{"name":null},"geometry":{"type":"Polygon","coordinates":[[[44.3554,40.1141],[44.3567,40.1133],[44.3554,40.1141]]]}},{"type":"Feature","properties":{"name":null},"geometry":{"type":"Polygon","coordinates":[[[44.4974,40.8148],[44.4991,40.8122],[44.4974,40.8148]]]}},{"type":"Feature","properties":{"name":null},"geometry":{"type":"Polygon","coordinates":[[[44.4988,40.8046],[44.4996,40.8029],[44.4988,40.8046]]]}},{"type":"Feature","properties":{"name":null},"geometry":{"type":"Polygon","coordinates":[[[44.4989,40.8043],[44.4989,40.8043]]]}},{"type":"Feature","properties":{"name":null},"geometry":{"type":"Polygon","coordinates":[[[44.6775,40.6213],[44.6775,40.6213]]]}},{"type":"Feature","properties":{"name":null},"geometry":{"type":"Polygon","coordinates":[[[45.4568,40.9249],[45.4568,40.9249]]]}},{"type":"Feature","properties":{"name":null},"geometry":{"type":"Polygon","coordinates":[[[44.5078,40.2535],[44.5092,40.254],[44.5078,40.2535]]]}},{"type":"Feature","properties":{"name":null},"geometry":{"type":"Polygon","coordinates":[[[44.6274,40.7492],[44.6274,40.7492]]]}},{"type":"Feature","properties":{"name":null},"geometry":{"type":"Polygon","coordinates":[[[44.7491,40.7184],[44.7491,40.7184]]]}},{"type":"Feature","properties":{"name":null},"geometry":{"type":"Polygon","coordinates":[[[44.7038,40.727],[44.7038,40.727]]]}},{"type":"Feature","properties":{"name":null},"geometry":{"type":"Polygon","coordinates":[[[44.6886,40.7245],[44.6886,40.7245]]]}},{"type":"Feature","properties":{"name":null},"geometry":{"type":"Polygon","coordinates":[[[44.6775,40.726],[44.6775,40.726]]]}},{"type":"Feature","properties":{"name":null},"geometry":{"type":"Polygon","coordinates":[[[44.6272,40.7492],[44.6272,40.7492]]]}},{"type":"Feature","properties":{"name":null},"geometry":{"type":"Polygon","coordinates":[[[44.6776,40.7257],[44.6776,40.7257]]]}},{"type":"Feature","properties":{"name":null},"geometry":{"type":"Polygon","coordinates":[[[44.6779,40.724],[44.6779,40.724]]]}},{"type":"Feature","properties":{"name":null},"geometry":{"type":"Polygon","coordinates":[[[44.7027,40.7315],[44.7027,40.7315]]]}},{"type":"Feature","properties":{"name":null},"geometry":{"type":"Polygon","coordinates":[[[44.6102,40.195],[44.6122,40.1953],[44.6102,40.195]]]}},{"type":"Feature","properties":{"name":null},"geometry":{"type":"Polygon","coordinates":[[[44.6263,40.1975],[44.628,40.1982],[44.6263,40.1975]]]}},{"type":"Feature","properties":{"name":null},"geometry":{"type":"Polygon","coordinates":[[[44.6302,40.199],[44.6332,40.1992],[44.6302,40.199]]]}},{"type":"Feature","properties":{"name":null},"geometry":{"type":"Polygon","coordinates":[[[44.6245,40.1973],[44.6245,40.1973]]]}},{"type":"Feature","properties":{"name":null},"geometry":{"type":"Polygon","coordinates":[[[44.6226,40.196],[44.6226,40.196]]]}},{"type":"Feature","properties":{"name":"Քիմիական գործարանի պոչամբար"},"geometry":{"type":"Polygon","coordinates":[[[44.4693,40.8375],[44.4728,40.8376],[44.4698,40.8391],[44.4693,40.8375]]]}},{"type":"Feature","properties":{"name":null},"geometry":{"type":"Polygon","coordinates":[[[44.7694,39.7627],[44.7725,39.7655],[44.7836,39.7585],[44.7801,39.7555],[44.7694,39.7627]]]}},{"type":"Feature","properties":{"name":null},"geometry":{"type":"Polygon","coordinates":[[[44.7266,39.806],[44.7379,39.7962],[44.7389,39.8011],[44.7299,39.8096],[44.7266,39.806]]]}},{"type":"Feature","properties":{"name":null},"geometry":{"type":"Polygon","coordinates":[[[44.7556,39.7358],[44.7619,39.7386],[44.7527,39.7469],[44.7493,39.7444],[44.7556,39.7358]]]}},{"type":"Feature","properties":{"name":null},"geometry":{"type":"Polygon","coordinates":[[[44.7559,39.7355],[44.7651,39.7222],[44.7766,39.7275],[44.7622,39.738],[44.7559,39.7355]]]}},{"type":"Feature","properties":{"name":null},"geometry":{"type":"Polygon","coordinates":[[[44.8758,39.9721],[44.8758,39.9721]]]}},{"type":"Feature","properties":{"name":null},"geometry":{"type":"Polygon","coordinates":[[[44.5538,40.4407],[44.5541,40.4391],[44.5538,40.4407]]]}},{"type":"Feature","properties":{"name":null},"geometry":{"type":"Polygon","coordinates":[[[44.6199,40.757],[44.6199,40.757]]]}},{"type":"Feature","properties":{"name":null},"geometry":{"type":"Polygon","coordinates":[[[44.6068,40.7716],[44.6068,40.7716]]]}},{"type":"Feature","properties":{"name":null},"geometry":{"type":"Polygon","coordinates":[[[44.7631,40.669],[44.7631,40.669]]]}},{"type":"Feature","properties":{"name":null},"geometry":{"type":"Polygon","coordinates":[[[44.6673,40.6831],[44.6673,40.6831]]]}},{"type":"Feature","properties":{"name":null},"geometry":{"type":"Polygon","coordinates":[[[43.8354,40.5432],[43.8364,40.5421],[43.8354,40.5432]]]}},{"type":"Feature","properties":{"name":null},"geometry":{"type":"Polygon","coordinates":[[[43.8221,40.5065],[43.8221,40.5065]]]}},{"type":"Feature","properties":{"name":"Հորդախեղդ"},"geometry":{"type":"Polygon","coordinates":[[[44.2359,40.5261],[44.2342,40.5259],[44.2359,40.5261]]]}},{"type":"Feature","properties":{"name":null},"geometry":{"type":"Polygon","coordinates":[[[44.2801,41.1397],[44.2821,41.1409],[44.2787,41.141],[44.2801,41.1397]]]}},{"type":"Feature","properties":{"name":null},"geometry":{"type":"Polygon","coordinates":[[[45.2149,40.0689],[45.2134,40.0685],[45.2149,40.0689]]]}},{"type":"Feature","properties":{"name":"Քազիգյոլ"},"geometry":{"type":"Polygon","coordinates":[[[44.8038,40.1982],[44.8061,40.1958],[44.8008,40.1974],[44.8038,40.1982]]]}},{"type":"Feature","properties":{"name":null},"geometry":{"type":"Polygon","coordinates":[[[44.7429,40.1819],[44.7456,40.1834],[44.7401,40.1824],[44.7429,40.1819]]]}},{"type":"Feature","properties":{"name":null},"geometry":{"type":"Polygon","coordinates":[[[46.333,39.5193],[46.333,39.5193]]]}},{"type":"Feature","properties":{"name":null},"geometry":{"type":"Polygon","coordinates":[[[45.0692,40.3712],[45.0693,40.3696],[45.0692,40.3712]]]}},{"type":"Feature","properties":{"name":null},"geometry":{"type":"Polygon","coordinates":[[[45.0339,40.4063],[45.0339,40.4063]]]}},{"type":"Feature","properties":{"name":null},"geometry":{"type":"Polygon","coordinates":[[[45.0493,40.341],[45.0477,40.3407],[45.0493,40.341]]]}},{"type":"Feature","properties":{"name":null},"geometry":{"type":"Polygon","coordinates":[[[44.533,40.1181],[44.5303,40.1196],[44.533,40.1181]]]}},{"type":"Feature","properties":{"name":null},"geometry":{"type":"Polygon","coordinates":[[[44.3626,40.0492],[44.3708,40.0485],[44.3646,40.0421],[44.362,40.0422],[44.3626,40.0492]]]}},{"type":"Feature","properties":{"name":null},"geometry":{"type":"Polygon","coordinates":[[[44.5779,40.2983],[44.5779,40.2983]]]}},{"type":"Feature","properties":{"name":null},"geometry":{"type":"Polygon","coordinates":[[[44.6196,40.3822],[44.6207,40.3838],[44.6164,40.3824],[44.6196,40.3822]]]}},{"type":"Feature","properties":{"name":null},"geometry":{"type":"Polygon","coordinates":[[[44.2987,41.1113],[44.3008,41.1103],[44.2987,41.1113]]]}},{"type":"Feature","properties":{"name":null},"geometry":{"type":"Polygon","coordinates":[[[44.2967,41.1077],[44.3003,41.1066],[44.2967,41.1077]]]}},{"type":"Feature","properties":{"name":null},"geometry":{"type":"Polygon","coordinates":[[[44.268,41.1456],[44.2693,41.1487],[44.2663,41.1478],[44.268,41.1456]]]}},{"type":"Feature","properties":{"name":null},"geometry":{"type":"Polygon","coordinates":[[[44.299,41.1117],[44.3005,41.112],[44.299,41.1117]]]}},{"type":"Feature","properties":{"name":null},"geometry":{"type":"Polygon","coordinates":[[[44.502,40.1647],[44.502,40.1647]]]}},{"type":"Feature","properties":{"name":null},"geometry":{"type":"Polygon","coordinates":[[[44.7358,40.2274],[44.7352,40.2255],[44.7358,40.2274]]]}},{"type":"Feature","properties":{"name":null},"geometry":{"type":"Polygon","coordinates":[[[44.8027,40.0668],[44.8042,40.0659],[44.8027,40.0668]]]}},{"type":"Feature","properties":{"name":"Ջղին լջակներ (Jghin lakes)"},"geometry":{"type":"Polygon","coordinates":[[[44.9889,39.9891],[44.9889,39.9891]]]}},{"type":"Feature","properties":{"name":"Ծովեր Լիճ"},"geometry":{"type":"Polygon","coordinates":[[[44.6825,40.9499],[44.6834,40.9517],[44.6825,40.9499]]]}},{"type":"Feature","properties":{"name":"Սաղալիճ"},"geometry":{"type":"Polygon","coordinates":[[[46.2453,39.5952],[46.2515,39.6012],[46.2462,39.6016],[46.2429,39.5967],[46.2453,39.5952]]]}},{"type":"Feature","properties":{"name":null},"geometry":{"type":"Polygon","coordinates":[[[44.2778,41.1114],[44.2808,41.1119],[44.2778,41.1114]]]}},{"type":"Feature","properties":{"name":null},"geometry":{"type":"Polygon","coordinates":[[[44.2751,40.6241],[44.2743,40.6227],[44.2751,40.6241]]]}},{"type":"Feature","properties":{"name":null},"geometry":{"type":"Polygon","coordinates":[[[44.2635,40.6357],[44.262,40.6355],[44.2635,40.6357]]]}},{"type":"Feature","properties":{"name":null},"geometry":{"type":"Polygon","coordinates":[[[44.1282,40.4689],[44.1282,40.4689]]]}},{"type":"Feature","properties":{"name":null},"geometry":{"type":"Polygon","coordinates":[[[44.1324,40.4693],[44.1324,40.4693]]]}},{"type":"Feature","properties":{"name":null},"geometry":{"type":"Polygon","coordinates":[[[44.1211,40.4742],[44.1211,40.4742]]]}},{"type":"Feature","properties":{"name":null},"geometry":{"type":"Polygon","coordinates":[[[44.1234,40.4739],[44.1234,40.4739]]]}},{"type":"Feature","properties":{"name":null},"geometry":{"type":"Polygon","coordinates":[[[44.3545,40.6914],[44.3545,40.6914]]]}},{"type":"Feature","properties":{"name":null},"geometry":{"type":"Polygon","coordinates":[[[44.2668,40.7229],[44.2668,40.7229]]]}},{"type":"Feature","properties":{"name":null},"geometry":{"type":"Polygon","coordinates":[[[44.1069,40.7029],[44.1055,40.7009],[44.1069,40.7029]]]}},{"type":"Feature","properties":{"name":null},"geometry":{"type":"Polygon","coordinates":[[[44.428,40.47],[44.425,40.4714],[44.4265,40.4717],[44.4252,40.4745],[44.428,40.47]]]}},{"type":"Feature","properties":{"name":null},"geometry":{"type":"Polygon","coordinates":[[[45.153,40.4119],[45.1475,40.4113],[45.1456,40.4147],[45.1479,40.4167],[45.153,40.4119]]]}},{"type":"Feature","properties":{"name":null},"geometry":{"type":"Polygon","coordinates":[[[44.1942,40.4018],[44.1942,40.4018]]]}},{"type":"Feature","properties":{"name":null},"geometry":{"type":"Polygon","coordinates":[[[45.7524,40.0988],[45.75,40.1027],[45.7524,40.0988]]]}},{"type":"Feature","properties":{"name":null},"geometry":{"type":"Polygon","coordinates":[[[44.4984,40.804],[44.4984,40.804]]]}},{"type":"Feature","properties":{"name":null},"geometry":{"type":"Polygon","coordinates":[[[44.4991,40.8122],[44.4988,40.8046],[44.4991,40.8122]]]}},{"type":"Feature","properties":{"name":null},"geometry":{"type":"Polygon","coordinates":[[[44.9955,40.2693],[44.9955,40.2693]]]}},{"type":"Feature","properties":{"name":null},"geometry":{"type":"Polygon","coordinates":[[[44.5055,40.1783],[44.5055,40.1783]]]}},{"type":"Feature","properties":{"name":null},"geometry":{"type":"Polygon","coordinates":[[[43.9199,40.6383],[43.9205,40.6397],[43.9199,40.6383]]]}},{"type":"Feature","properties":{"name":null},"geometry":{"type":"Polygon","coordinates":[[[45.0172,40.3061],[45.0172,40.3061]]]}},{"type":"Feature","properties":{"name":null},"geometry":{"type":"Polygon","coordinates":[[[45.0267,40.1197],[45.0287,40.1201],[45.0267,40.1197]]]}},{"type":"Feature","properties":{"name":null},"geometry":{"type":"Polygon","coordinates":[[[44.9811,40.2122],[44.983,40.2122],[44.9811,40.2122]]]}},{"type":"Feature","properties":{"name":null},"geometry":{"type":"Polygon","coordinates":[[[44.9685,40.2348],[44.97,40.2328],[44.9685,40.2348]]]}},{"type":"Feature","properties":{"name":null},"geometry":{"type":"Polygon","coordinates":[[[43.8985,40.6615],[43.8985,40.6615]]]}},{"type":"Feature","properties":{"name":"Տասնոց"},"geometry":{"type":"Polygon","coordinates":[[[46.329,39.3917],[46.3305,39.3913],[46.329,39.3917]]]}},{"type":"Feature","properties":{"name":null},"geometry":{"type":"Polygon","coordinates":[[[45.6279,39.9454],[45.6306,39.9443],[45.6279,39.9454]]]}},{"type":"Feature","properties":{"name":"Ուխտասար"},"geometry":{"type":"Polygon","coordinates":[[[46.0532,39.6846],[46.0513,39.6858],[46.0532,39.6846]]]}},{"type":"Feature","properties":{"name":null},"geometry":{"type":"Polygon","coordinates":[[[43.766,40.8329],[43.766,40.8329]]]}},{"type":"Feature","properties":{"name":"Խոտ"},"geometry":{"type":"Polygon","coordinates":[[[46.3037,39.4643],[46.3037,39.4643]]]}},{"type":"Feature","properties":{"name":"Շնհեր"},"geometry":{"type":"Polygon","coordinates":[[[46.2642,39.4469],[46.2642,39.4469]]]}},{"type":"Feature","properties":{"name":null},"geometry":{"type":"Polygon","coordinates":[[[46.3137,39.4907],[46.3137,39.4874],[46.3215,39.4888],[46.3137,39.4907]]]}},{"type":"Feature","properties":{"name":null},"geometry":{"type":"Polygon","coordinates":[[[46.0211,39.716],[46.0185,39.7154],[46.0211,39.716]]]}},{"type":"Feature","properties":{"name":null},"geometry":{"type":"Polygon","coordinates":[[[45.9358,39.5633],[45.9543,39.5653],[45.939,39.5603],[45.9318,39.562],[45.9388,39.5607],[45.9358,39.5633]]]}},{"type":"Feature","properties":{"name":null},"geometry":{"type":"Polygon","coordinates":[[[46.0211,39.7174],[46.0211,39.7174]]]}},{"type":"Feature","properties":{"name":null},"geometry":{"type":"Polygon","coordinates":[[[45.6422,39.7614],[45.6437,39.7605],[45.6422,39.7614]]]}},{"type":"Feature","properties":{"name":"Հայելի լիճ"},"geometry":{"type":"Polygon","coordinates":[[[45.6511,39.6694],[45.648,39.6686],[45.6511,39.6694]]]}},{"type":"Feature","properties":{"name":null},"geometry":{"type":"Polygon","coordinates":[[[45.0499,39.808],[45.0524,39.8078],[45.0499,39.808]]]}},{"type":"Feature","properties":{"name":"Շենիկի ջրամբար"},"geometry":{"type":"Polygon","coordinates":[[[43.9263,40.466],[43.9258,40.4621],[43.9289,40.4633],[43.9263,40.466]]]}},{"type":"Feature","properties":{"name":null},"geometry":{"type":"Polygon","coordinates":[[[45.1468,39.8228],[45.1489,39.8228],[45.1468,39.8228]]]}},{"type":"Feature","properties":{"name":"Եղեգնալիճ"},"geometry":{"type":"Polygon","coordinates":[[[45.1778,39.7838],[45.1793,39.7813],[45.1778,39.7838]]]}},{"type":"Feature","properties":{"name":null},"geometry":{"type":"Polygon","coordinates":[[[45.2172,39.8281],[45.2172,39.8281]]]}},{"type":"Feature","properties":{"name":"Հորսի լիճ"},"geometry":{"type":"Polygon","coordinates":[[[45.22,39.8434],[45.2205,39.841],[45.2235,39.8416],[45.22,39.8434]]]}},{"type":"Feature","properties":{"name":null},"geometry":{"type":"Polygon","coordinates":[[[44.8932,40.2421],[44.8911,40.2415],[44.8932,40.2421]]]}},{"type":"Feature","properties":{"name":null},"geometry":{"type":"Polygon","coordinates":[[[45.03,40.1605],[45.032,40.1601],[45.03,40.1605]]]}},{"type":"Feature","properties":{"name":"Ռապի"},"geometry":{"type":"Polygon","coordinates":[[[44.194,40.5503],[44.1924,40.5508],[44.194,40.5503]]]}},{"type":"Feature","properties":{"name":null},"geometry":{"type":"Polygon","coordinates":[[[44.184,40.448],[44.184,40.448]]]}},{"type":"Feature","properties":{"name":null},"geometry":{"type":"Polygon","coordinates":[[[44.2287,40.5496],[44.2287,40.5496]]]}},{"type":"Feature","properties":{"name":"Աստղկան"},"geometry":{"type":"Polygon","coordinates":[[[44.2082,40.5433],[44.2082,40.5433]]]}},{"type":"Feature","properties":{"name":null},"geometry":{"type":"Polygon","coordinates":[[[44.2522,40.588],[44.2522,40.588]]]}},{"type":"Feature","properties":{"name":null},"geometry":{"type":"Polygon","coordinates":[[[44.5108,40.9697],[44.5108,40.9697]]]}},{"type":"Feature","properties":{"name":null},"geometry":{"type":"Polygon","coordinates":[[[44.57,39.9381],[44.57,39.9381]]]}},{"type":"Feature","properties":{"name":null},"geometry":{"type":"Polygon","coordinates":[[[44.4851,40.811],[44.4851,40.811]]]}},{"type":"Feature","properties":{"name":null},"geometry":{"type":"Polygon","coordinates":[[[44.4848,40.8111],[44.4848,40.8111]]]}},{"type":"Feature","properties":{"name":null},"geometry":{"type":"Polygon","coordinates":[[[44.4667,40.189],[44.4667,40.189]]]}},{"type":"Feature","properties":{"name":null},"geometry":{"type":"Polygon","coordinates":[[[44.4665,40.1877],[44.4665,40.1877]]]}},{"type":"Feature","properties":{"name":null},"geometry":{"type":"Polygon","coordinates":[[[44.4657,40.187],[44.4657,40.187]]]}},{"type":"Feature","properties":{"name":null},"geometry":{"type":"Polygon","coordinates":[[[45.1532,39.9216],[45.1532,39.9216]]]}},{"type":"Feature","properties":{"name":null},"geometry":{"type":"Polygon","coordinates":[[[45.4158,39.6944],[45.4158,39.6944]]]}},{"type":"Feature","properties":{"name":null},"geometry":{"type":"Polygon","coordinates":[[[45.52,39.5356],[45.52,39.5356]]]}},{"type":"Feature","properties":{"name":null},"geometry":{"type":"Polygon","coordinates":[[[44.8996,40.4276],[44.9008,40.4263],[44.8996,40.4276]]]}},{"type":"Feature","properties":{"name":null},"geometry":{"type":"Polygon","coordinates":[[[44.6222,40.1831],[44.6222,40.1831]]]}},{"type":"Feature","properties":{"name":null},"geometry":{"type":"Polygon","coordinates":[[[44.7418,40.1804],[44.7418,40.1804]]]}},{"type":"Feature","properties":{"name":null},"geometry":{"type":"Polygon","coordinates":[[[43.8906,40.1745],[43.8906,40.1745]]]}},{"type":"Feature","properties":{"name":null},"geometry":{"type":"Polygon","coordinates":[[[43.9045,40.4713],[43.9045,40.4713]]]}},{"type":"Feature","properties":{"name":null},"geometry":{"type":"Polygon","coordinates":[[[43.9561,40.4338],[43.9561,40.4338]]]}},{"type":"Feature","properties":{"name":"Ոսկեթասի ջրամբար"},"geometry":{"type":"Polygon","coordinates":[[[43.9392,40.443],[43.9416,40.4445],[43.9392,40.443]]]}},{"type":"Feature","properties":{"name":"Կաթնաղբյուրի ջրամբար"},"geometry":{"type":"Polygon","coordinates":[[[43.9526,40.381],[43.9526,40.381]]]}},{"type":"Feature","properties":{"name":null},"geometry":{"type":"Polygon","coordinates":[[[43.7728,40.8289],[43.7725,40.8274],[43.7728,40.8289]]]}},{"type":"Feature","properties":{"name":null},"geometry":{"type":"Polygon","coordinates":[[[43.7721,40.8298],[43.7721,40.8298]]]}},{"type":"Feature","properties":{"name":null},"geometry":{"type":"Polygon","coordinates":[[[43.7816,40.8221],[43.7797,40.824],[43.7876,40.8164],[43.7816,40.8221]]]}},{"type":"Feature","properties":{"name":null},"geometry":{"type":"Polygon","coordinates":[[[45.6259,39.664],[45.6259,39.664]]]}},{"type":"Feature","properties":{"name":null},"geometry":{"type":"Polygon","coordinates":[[[45.639,39.6496],[45.639,39.6496]]]}},{"type":"Feature","properties":{"name":"Մայրադուրք"},"geometry":{"type":"Polygon","coordinates":[[[45.6386,39.6603],[45.6386,39.6603]]]}},{"type":"Feature","properties":{"name":null},"geometry":{"type":"Polygon","coordinates":[[[45.6419,39.6887],[45.6419,39.6887]]]}},{"type":"Feature","properties":{"name":null},"geometry":{"type":"Polygon","coordinates":[[[45.6666,39.6899],[45.6666,39.6899]]]}},{"type":"Feature","properties":{"name":null},"geometry":{"type":"Polygon","coordinates":[[[45.6751,39.6983],[45.6751,39.6983]]]}},{"type":"Feature","properties":{"name":"Գոմք լիճ"},"geometry":{"type":"Polygon","coordinates":[[[45.6088,39.6004],[45.6098,39.5977],[45.6088,39.6004]]]}},{"type":"Feature","properties":{"name":"Չումով Լիճ"},"geometry":{"type":"Polygon","coordinates":[[[45.5226,39.5957],[45.5212,39.5949],[45.5226,39.5957]]]}},{"type":"Feature","properties":{"name":"Սարի Լիճ"},"geometry":{"type":"Polygon","coordinates":[[[45.6476,39.6337],[45.6476,39.6337]]]}},{"type":"Feature","properties":{"name":null},"geometry":{"type":"Polygon","coordinates":[[[45.6656,39.6926],[45.6656,39.6926]]]}},{"type":"Feature","properties":{"name":"Մարտիրոս 1 ջրամբար"},"geometry":{"type":"Polygon","coordinates":[[[45.5302,39.6023],[45.5302,39.6023]]]}},{"type":"Feature","properties":{"name":"Սրբալիճ"},"geometry":{"type":"Polygon","coordinates":[[[45.498,39.6014],[45.498,39.6014]]]}},{"type":"Feature","properties":{"name":null},"geometry":{"type":"Polygon","coordinates":[[[44.021,40.0503],[44.0182,40.048],[44.0151,40.049],[44.017,40.0518],[44.0272,40.0535],[44.021,40.0503]]]}},{"type":"Feature","properties":{"name":null},"geometry":{"type":"Polygon","coordinates":[[[44.514,40.2902],[44.514,40.2902]]]}},{"type":"Feature","properties":{"name":"Ծաղկունյաց"},"geometry":{"type":"Polygon","coordinates":[[[44.5743,40.5457],[44.5743,40.5457]]]}},{"type":"Feature","properties":{"name":"Գազանալիճ"},"geometry":{"type":"Polygon","coordinates":[[[46.0028,39.2062],[46.0029,39.2035],[46.0004,39.2028],[46.0028,39.2062]]]}},{"type":"Feature","properties":{"name":null},"geometry":{"type":"Polygon","coordinates":[[[44.7439,40.7166],[44.7439,40.7166]]]}},{"type":"Feature","properties":{"name":null},"geometry":{"type":"Polygon","coordinates":[[[46.3663,39.1273],[46.3663,39.1273]]]}},{"type":"Feature","properties":{"name":null},"geometry":{"type":"Polygon","coordinates":[[[45.2124,39.7316],[45.2174,39.7303],[45.2124,39.7316]]]}},{"type":"Feature","properties":{"name":null},"geometry":{"type":"Polygon","coordinates":[[[44.5488,40.0273],[44.5488,40.0273]]]}},{"type":"Feature","properties":{"name":null},"geometry":{"type":"Polygon","coordinates":[[[44.3838,41.0107],[44.3838,41.0107]]]}},{"type":"Feature","properties":{"name":null},"geometry":{"type":"Polygon","coordinates":[[[44.157,40.4805],[44.157,40.4805]]]}},{"type":"Feature","properties":{"name":null},"geometry":{"type":"Polygon","coordinates":[[[44.7923,40.2689],[44.7908,40.2663],[44.7942,40.2641],[44.7955,40.2656],[44.7923,40.2689]]]}},{"type":"Feature","properties":{"name":null},"geometry":{"type":"Polygon","coordinates":[[[44.863,40.9306],[44.863,40.9306]]]}},{"type":"Feature","properties":{"name":null},"geometry":{"type":"Polygon","coordinates":[[[44.8131,40.9406],[44.8131,40.9406]]]}},{"type":"Feature","properties":{"name":"Ուրասարի ջրաշուշանների լիճ"},"geometry":{"type":"Polygon","coordinates":[[[44.3043,41.0221],[44.3056,41.0246],[44.3001,41.0238],[44.3043,41.0221]]]}},{"type":"Feature","properties":{"name":null},"geometry":{"type":"Polygon","coordinates":[[[45.0793,40.9163],[45.0793,40.9163]]]}},{"type":"Feature","properties":{"name":null},"geometry":{"type":"Polygon","coordinates":[[[45.0792,40.9164],[45.0792,40.9164]]]}},{"type":"Feature","properties":{"name":"Կակաչ"},"geometry":{"type":"Polygon","coordinates":[[[44.9765,40.6475],[44.9765,40.6475]]]}},{"type":"Feature","properties":{"name":null},"geometry":{"type":"Polygon","coordinates":[[[45.0295,40.7923],[45.0295,40.7923]]]}},{"type":"Feature","properties":{"name":null},"geometry":{"type":"Polygon","coordinates":[[[45.0247,40.7905],[45.0247,40.7905]]]}},{"type":"Feature","properties":{"name":null},"geometry":{"type":"Polygon","coordinates":[[[45.1769,40.6852],[45.1782,40.6874],[45.1769,40.6852]]]}},{"type":"Feature","properties":{"name":null},"geometry":{"type":"Polygon","coordinates":[[[45.1741,40.6876],[45.1723,40.6849],[45.1741,40.6876]]]}},{"type":"Feature","properties":{"name":null},"geometry":{"type":"Polygon","coordinates":[[[44.8512,40.7558],[44.8512,40.7558]]]}},{"type":"Feature","properties":{"name":null},"geometry":{"type":"Polygon","coordinates":[[[44.7872,40.2067],[44.7872,40.2067]]]}},{"type":"Feature","properties":{"name":null},"geometry":{"type":"Polygon","coordinates":[[[44.081,40.1465],[44.0802,40.1449],[44.081,40.1465]]]}},{"type":"Feature","properties":{"name":null},"geometry":{"type":"Polygon","coordinates":[[[44.0717,40.0611],[44.0794,40.0645],[44.0825,40.0626],[44.0746,40.0591],[44.0717,40.0611]]]}},{"type":"Feature","properties":{"name":null},"geometry":{"type":"Polygon","coordinates":[[[44.1304,40.0982],[44.1377,40.0985],[44.1304,40.0982]]]}},{"type":"Feature","properties":{"name":null},"geometry":{"type":"Polygon","coordinates":[[[44.1192,40.0948],[44.1206,40.0976],[44.1318,40.097],[44.1212,40.0935],[44.1192,40.0948]]]}},{"type":"Feature","properties":{"name":null},"geometry":{"type":"Polygon","coordinates":[[[44.1355,40.0997],[44.1415,40.1037],[44.1396,40.0994],[44.1355,40.0997]]]}},{"type":"Feature","properties":{"name":null},"geometry":{"type":"Polygon","coordinates":[[[44.0979,40.0964],[44.1125,40.0919],[44.1086,40.0957],[44.0979,40.0964]]]}},{"type":"Feature","properties":{"name":null},"geometry":{"type":"Polygon","coordinates":[[[44.0751,40.0874],[44.0824,40.0905],[44.0751,40.0874]]]}},{"type":"Feature","properties":{"name":null},"geometry":{"type":"Polygon","coordinates":[[[44.0839,40.0916],[44.0904,40.0938],[44.0839,40.0916]]]}},{"type":"Feature","properties":{"name":null},"geometry":{"type":"Polygon","coordinates":[[[44.0615,40.3449],[44.0645,40.3452],[44.0634,40.3466],[44.0615,40.3449]]]}},{"type":"Feature","properties":{"name":"Ներքին Սասնաշենի ջրամբար"},"geometry":{"type":"Polygon","coordinates":[[[43.997,40.3532],[43.9994,40.3556],[43.997,40.3532]]]}},{"type":"Feature","properties":{"name":null},"geometry":{"type":"Polygon","coordinates":[[[43.9927,40.3591],[43.9927,40.3591]]]}},{"type":"Feature","properties":{"name":"Դավթաշենի ջրամբար"},"geometry":{"type":"Polygon","coordinates":[[[43.9913,40.3796],[43.9883,40.3793],[43.9913,40.3796]]]}},{"type":"Feature","properties":{"name":null},"geometry":{"type":"Polygon","coordinates":[[[44.0919,40.3031],[44.0916,40.305],[44.0919,40.3031]]]}},{"type":"Feature","properties":{"name":null},"geometry":{"type":"Polygon","coordinates":[[[44.1284,40.3014],[44.1304,40.3004],[44.1271,40.2999],[44.1284,40.3014]]]}},{"type":"Feature","properties":{"name":null},"geometry":{"type":"Polygon","coordinates":[[[44.8657,41.0979],[44.8657,41.0979]]]}},{"type":"Feature","properties":{"name":"Գեղարքունիքի N1 ջրամբար"},"geometry":{"type":"Polygon","coordinates":[[[45.153,40.2592],[45.153,40.2592]]]}},{"type":"Feature","properties":{"name":"Գեղարքունիքի N2 ջրամբար"},"geometry":{"type":"Polygon","coordinates":[[[45.156,40.2553],[45.1558,40.2529],[45.156,40.2553]]]}},{"type":"Feature","properties":{"name":"Խալաշ"},"geometry":{"type":"Polygon","coordinates":[[[45.9603,39.754],[45.959,39.752],[45.9624,39.7499],[45.9603,39.754]]]}},{"type":"Feature","properties":{"name":null},"geometry":{"type":"Polygon","coordinates":[[[45.0375,40.5093],[45.0414,40.5075],[45.0394,40.5046],[45.0319,40.5058],[45.0375,40.5093]]]}},{"type":"Feature","properties":{"name":null},"geometry":{"type":"Polygon","coordinates":[[[44.2606,41.1545],[44.2627,41.1539],[44.2606,41.1545]]]}},{"type":"Feature","properties":{"name":null},"geometry":{"type":"Polygon","coordinates":[[[45.7756,39.6864],[45.7748,39.6848],[45.7756,39.6864]]]}},{"type":"Feature","properties":{"name":null},"geometry":{"type":"Polygon","coordinates":[[[44.3964,40.4456],[44.3964,40.4456]]]}},{"type":"Feature","properties":{"name":"Փոքր Աղի լիճ"},"geometry":{"type":"Polygon","coordinates":[[[44.5328,40.1573],[44.5328,40.1573]]]}},{"type":"Feature","properties":{"name":"Մեծ աղի լիճ"},"geometry":{"type":"Polygon","coordinates":[[[44.5327,40.1568],[44.5327,40.1568]]]}},{"type":"Feature","properties":{"name":null},"geometry":{"type":"Polygon","coordinates":[[[45.2188,39.7288],[45.2188,39.7288]]]}},{"type":"Feature","properties":{"name":null},"geometry":{"type":"Polygon","coordinates":[[[44.2705,41.0554],[44.272,41.0549],[44.2705,41.0554]]]}},{"type":"Feature","properties":{"name":null},"geometry":{"type":"Polygon","coordinates":[[[44.3462,41.0295],[44.3439,41.0297],[44.3462,41.0295]]]}},{"type":"Feature","properties":{"name":null},"geometry":{"type":"Polygon","coordinates":[[[43.9919,40.4871],[43.9938,40.4867],[43.9919,40.4871]]]}},{"type":"Feature","properties":{"name":null},"geometry":{"type":"Polygon","coordinates":[[[43.8909,40.5437],[43.8909,40.5437]]]}},{"type":"Feature","properties":{"name":null},"geometry":{"type":"Polygon","coordinates":[[[43.8913,40.5442],[43.8913,40.5442]]]}},{"type":"Feature","properties":{"name":null},"geometry":{"type":"Polygon","coordinates":[[[44.1198,40.5632],[44.1198,40.5632]]]}},{"type":"Feature","properties":{"name":null},"geometry":{"type":"Polygon","coordinates":[[[44.1168,40.5632],[44.1168,40.5632]]]}},{"type":"Feature","properties":{"name":null},"geometry":{"type":"Polygon","coordinates":[[[44.0757,40.4797],[44.0757,40.4797]]]}},{"type":"Feature","properties":{"name":null},"geometry":{"type":"Polygon","coordinates":[[[44.11,40.522],[44.11,40.522]]]}},{"type":"Feature","properties":{"name":null},"geometry":{"type":"Polygon","coordinates":[[[44.1178,40.5632],[44.1178,40.5632]]]}},{"type":"Feature","properties":{"name":null},"geometry":{"type":"Polygon","coordinates":[[[44.1101,40.4611],[44.1101,40.4611]]]}},{"type":"Feature","properties":{"name":null},"geometry":{"type":"Polygon","coordinates":[[[44.0502,40.6313],[44.0502,40.6313]]]}},{"type":"Feature","properties":{"name":null},"geometry":{"type":"Polygon","coordinates":[[[44.1266,40.4748],[44.1266,40.4748]]]}},{"type":"Feature","properties":{"name":null},"geometry":{"type":"Polygon","coordinates":[[[44.139,40.4755],[44.139,40.4755]]]}},{"type":"Feature","properties":{"name":"Իրինդի ջրամբար"},"geometry":{"type":"Polygon","coordinates":[[[43.9841,40.402],[43.9855,40.401],[43.9841,40.402]]]}},{"type":"Feature","properties":{"name":null},"geometry":{"type":"Polygon","coordinates":[[[44.1435,40.532],[44.1435,40.532]]]}},{"type":"Feature","properties":{"name":null},"geometry":{"type":"Polygon","coordinates":[[[44.1403,40.5324],[44.1403,40.5324]]]}},{"type":"Feature","properties":{"name":null},"geometry":{"type":"Polygon","coordinates":[[[44.1213,40.5121],[44.1213,40.5121]]]}},{"type":"Feature","properties":{"name":null},"geometry":{"type":"Polygon","coordinates":[[[44.137,40.3],[44.137,40.3]]]}},{"type":"Feature","properties":{"name":null},"geometry":{"type":"Polygon","coordinates":[[[44.7643,40.3867],[44.7622,40.3864],[44.7643,40.3867]]]}},{"type":"Feature","properties":{"name":"Վերին Թալինի ջրամբար"},"geometry":{"type":"Polygon","coordinates":[[[43.8896,40.3996],[43.8908,40.4013],[43.8878,40.4017],[43.8896,40.3996]]]}},{"type":"Feature","properties":{"name":null},"geometry":{"type":"Polygon","coordinates":[[[44.0288,40.3706],[44.0324,40.3688],[44.0314,40.3715],[44.0288,40.3706]]]}},{"type":"Feature","properties":{"name":null},"geometry":{"type":"Polygon","coordinates":[[[44.0418,40.3762],[44.0372,40.377],[44.0418,40.3762]]]}},{"type":"Feature","properties":{"name":null},"geometry":{"type":"Polygon","coordinates":[[[44.341,40.7871],[44.341,40.7871]]]}},{"type":"Feature","properties":{"name":null},"geometry":{"type":"Polygon","coordinates":[[[44.3402,40.7862],[44.3402,40.7862]]]}},{"type":"Feature","properties":{"name":null},"geometry":{"type":"Polygon","coordinates":[[[44.3406,40.7866],[44.3406,40.7866]]]}},{"type":"Feature","properties":{"name":null},"geometry":{"type":"Polygon","coordinates":[[[44.3385,40.7852],[44.3385,40.7852]]]}},{"type":"Feature","properties":{"name":null},"geometry":{"type":"Polygon","coordinates":[[[44.3843,40.767],[44.3843,40.767]]]}},{"type":"Feature","properties":{"name":null},"geometry":{"type":"Polygon","coordinates":[[[45.1858,39.8951],[45.1858,39.8951]]]}},{"type":"Feature","properties":{"name":null},"geometry":{"type":"Polygon","coordinates":[[[45.0819,39.8265],[45.0819,39.8265]]]}},{"type":"Feature","properties":{"name":null},"geometry":{"type":"Polygon","coordinates":[[[44.8559,40.3625],[44.8559,40.3625]]]}},{"type":"Feature","properties":{"name":null},"geometry":{"type":"Polygon","coordinates":[[[44.9485,40.4006],[44.9485,40.4006]]]}},{"type":"Feature","properties":{"name":null},"geometry":{"type":"Polygon","coordinates":[[[44.9072,40.3675],[44.9072,40.3675]]]}},{"type":"Feature","properties":{"name":"Կարմիր լիճ"},"geometry":{"type":"Polygon","coordinates":[[[44.8984,40.3952],[44.8984,40.3952]]]}},{"type":"Feature","properties":{"name":null},"geometry":{"type":"Polygon","coordinates":[[[44.9538,40.3604],[44.9522,40.3596],[44.9538,40.3604]]]}},{"type":"Feature","properties":{"name":null},"geometry":{"type":"Polygon","coordinates":[[[44.9127,40.3243],[44.9127,40.3243]]]}},{"type":"Feature","properties":{"name":null},"geometry":{"type":"Polygon","coordinates":[[[44.2686,40.6205],[44.267,40.6191],[44.2686,40.6205]]]}},{"type":"Feature","properties":{"name":null},"geometry":{"type":"Polygon","coordinates":[[[44.0445,40.5719],[44.0445,40.5719]]]}},{"type":"Feature","properties":{"name":null},"geometry":{"type":"Polygon","coordinates":[[[44.2385,40.6213],[44.2365,40.6209],[44.2385,40.6213]]]}},{"type":"Feature","properties":{"name":null},"geometry":{"type":"Polygon","coordinates":[[[44.3579,41.039],[44.3586,41.0362],[44.3579,41.039]]]}},{"type":"Feature","properties":{"name":null},"geometry":{"type":"Polygon","coordinates":[[[44.362,41.0362],[44.362,41.0362]]]}},{"type":"Feature","properties":{"name":null},"geometry":{"type":"Polygon","coordinates":[[[44.3605,41.0345],[44.3576,41.0334],[44.3605,41.0345]]]}},{"type":"Feature","properties":{"name":null},"geometry":{"type":"Polygon","coordinates":[[[44.3789,41.0127],[44.3758,41.0135],[44.3789,41.0127]]]}},{"type":"Feature","properties":{"name":null},"geometry":{"type":"Polygon","coordinates":[[[44.376,41.0137],[44.372,41.0163],[44.376,41.0137]]]}},{"type":"Feature","properties":{"name":null},"geometry":{"type":"Polygon","coordinates":[[[44.5388,40.1292],[44.5388,40.1292]]]}},{"type":"Feature","properties":{"name":null},"geometry":{"type":"Polygon","coordinates":[[[44.6663,40.2633],[44.6663,40.2633]]]}},{"type":"Feature","properties":{"name":null},"geometry":{"type":"Polygon","coordinates":[[[43.7795,40.7212],[43.7825,40.7199],[43.7795,40.7212]]]}},{"type":"Feature","properties":{"name":null},"geometry":{"type":"Polygon","coordinates":[[[44.472,40.1552],[44.472,40.1552]]]}},{"type":"Feature","properties":{"name":null},"geometry":{"type":"Polygon","coordinates":[[[45.1816,40.6957],[45.1816,40.6957]]]}},{"type":"Feature","properties":{"name":null},"geometry":{"type":"Polygon","coordinates":[[[44.9179,41.2104],[44.9179,41.2104]]]}},{"type":"Feature","properties":{"name":null},"geometry":{"type":"Polygon","coordinates":[[[44.7717,39.7824],[44.7695,39.7813],[44.7717,39.7824]]]}},{"type":"Feature","properties":{"name":null},"geometry":{"type":"Polygon","coordinates":[[[45.3102,39.7473],[45.3102,39.7473]]]}},{"type":"Feature","properties":{"name":null},"geometry":{"type":"Polygon","coordinates":[[[45.2627,39.9264],[45.2628,39.9292],[45.2627,39.9264]]]}},{"type":"Feature","properties":{"name":null},"geometry":{"type":"Polygon","coordinates":[[[44.6076,40.1817],[44.6076,40.1817]]]}},{"type":"Feature","properties":{"name":null},"geometry":{"type":"Polygon","coordinates":[[[44.6047,40.1791],[44.6047,40.1791]]]}},{"type":"Feature","properties":{"name":null},"geometry":{"type":"Polygon","coordinates":[[[44.6077,40.1797],[44.6077,40.1797]]]}},{"type":"Feature","properties":{"name":null},"geometry":{"type":"Polygon","coordinates":[[[44.0763,40.9167],[44.0793,40.9152],[44.0763,40.9167]]]}},{"type":"Feature","properties":{"name":null},"geometry":{"type":"Polygon","coordinates":[[[44.0863,40.9169],[44.0863,40.9169]]]}},{"type":"Feature","properties":{"name":null},"geometry":{"type":"Polygon","coordinates":[[[44.9993,40.2951],[44.9993,40.2951]]]}},{"type":"Feature","properties":{"name":null},"geometry":{"type":"Polygon","coordinates":[[[44.7973,40.2662],[44.7973,40.2662]]]}},{"type":"Feature","properties":{"name":"Զիյնալ բատակ"},"geometry":{"type":"Polygon","coordinates":[[[44.8798,40.2715],[44.8798,40.2715]]]}},{"type":"Feature","properties":{"name":null},"geometry":{"type":"Polygon","coordinates":[[[44.8753,40.2729],[44.8753,40.2729]]]}},{"type":"Feature","properties":{"name":null},"geometry":{"type":"Polygon","coordinates":[[[44.9182,40.2905],[44.9182,40.2905]]]}},{"type":"Feature","properties":{"name":null},"geometry":{"type":"Polygon","coordinates":[[[44.9394,40.2765],[44.9376,40.2767],[44.9394,40.2765]]]}},{"type":"Feature","properties":{"name":null},"geometry":{"type":"Polygon","coordinates":[[[44.9308,40.2869],[44.9308,40.2869]]]}},{"type":"Feature","properties":{"name":null},"geometry":{"type":"Polygon","coordinates":[[[44.9401,40.2828],[44.9386,40.2821],[44.9401,40.2828]]]}},{"type":"Feature","properties":{"name":"Կարմիր Կատար"},"geometry":{"type":"Polygon","coordinates":[[[44.9373,40.2175],[44.9373,40.2175]]]}},{"type":"Feature","properties":{"name":null},"geometry":{"type":"Polygon","coordinates":[[[44.8923,40.2894],[44.8923,40.2894]]]}},{"type":"Feature","properties":{"name":null},"geometry":{"type":"Polygon","coordinates":[[[44.9396,40.3687],[44.9396,40.3687]]]}},{"type":"Feature","properties":{"name":null},"geometry":{"type":"Polygon","coordinates":[[[44.6138,40.6046],[44.6138,40.6046]]]}},{"type":"Feature","properties":{"name":null},"geometry":{"type":"Polygon","coordinates":[[[44.8916,40.8078],[44.8916,40.8078]]]}},{"type":"Feature","properties":{"name":null},"geometry":{"type":"Polygon","coordinates":[[[44.247,40.5212],[44.247,40.5212]]]}},{"type":"Feature","properties":{"name":"Արծվաշենի ջրամբար"},"geometry":{"type":"Polygon","coordinates":[[[45.5396,40.6227],[45.5449,40.6255],[45.542,40.6284],[45.5388,40.6286],[45.5391,40.6256],[45.5356,40.6255],[45.5396,40.6227]]]}},{"type":"Feature","properties":{"name":null},"geometry":{"type":"Polygon","coordinates":[[[43.9443,40.8453],[43.947,40.846],[43.9488,40.8437],[43.9443,40.8453]]]}},{"type":"Feature","properties":{"name":null},"geometry":{"type":"Polygon","coordinates":[[[45.2494,40.18],[45.2537,40.1795],[45.2544,40.1769],[45.2504,40.1773],[45.2494,40.18]]]}},{"type":"Feature","properties":{"name":"Ձորագյուղի լիճ"},"geometry":{"type":"Polygon","coordinates":[[[45.2075,40.1647],[45.2092,40.1655],[45.2071,40.1671],[45.2051,40.1646],[45.2075,40.1647]]]}},{"type":"Feature","properties":{"name":null},"geometry":{"type":"Polygon","coordinates":[[[43.8625,40.5043],[43.8644,40.5037],[43.8625,40.5043]]]}},{"type":"Feature","properties":{"name":null},"geometry":{"type":"Polygon","coordinates":[[[46.343,39.558],[46.343,39.558]]]}},{"type":"Feature","properties":{"name":null},"geometry":{"type":"Polygon","coordinates":[[[46.2556,39.5834],[46.2556,39.5834]]]}},{"type":"Feature","properties":{"name":null},"geometry":{"type":"Polygon","coordinates":[[[46.2406,39.5579],[46.239,39.5574],[46.2406,39.5579]]]}},{"type":"Feature","properties":{"name":null},"geometry":{"type":"Polygon","coordinates":[[[46.2083,39.5339],[46.2083,39.5339]]]}},{"type":"Feature","properties":{"name":null},"geometry":{"type":"Polygon","coordinates":[[[46.3301,39.5817],[46.3295,39.575],[46.3272,39.5787],[46.3301,39.5817]]]}},{"type":"Feature","properties":{"name":null},"geometry":{"type":"Polygon","coordinates":[[[46.3159,39.5963],[46.3159,39.5963]]]}},{"type":"Feature","properties":{"name":null},"geometry":{"type":"Polygon","coordinates":[[[46.318,39.5857],[46.318,39.5857]]]}},{"type":"Feature","properties":{"name":null},"geometry":{"type":"Polygon","coordinates":[[[46.3245,39.591],[46.3245,39.591]]]}},{"type":"Feature","properties":{"name":null},"geometry":{"type":"Polygon","coordinates":[[[44.221,40.5431],[44.221,40.5431]]]}},{"type":"Feature","properties":{"name":null},"geometry":{"type":"Polygon","coordinates":[[[44.2689,40.5186],[44.2689,40.5186]]]}},{"type":"Feature","properties":{"name":null},"geometry":{"type":"Polygon","coordinates":[[[44.1529,40.5478],[44.1529,40.5478]]]}},{"type":"Feature","properties":{"name":null},"geometry":{"type":"Polygon","coordinates":[[[45.1536,39.7205],[45.1536,39.7205]]]}},{"type":"Feature","properties":{"name":null},"geometry":{"type":"Polygon","coordinates":[[[44.1318,40.564],[44.1318,40.564]]]}},{"type":"Feature","properties":{"name":null},"geometry":{"type":"Polygon","coordinates":[[[43.8995,40.2038],[43.8995,40.2038]]]}},{"type":"Feature","properties":{"name":null},"geometry":{"type":"Polygon","coordinates":[[[43.6718,40.1091],[43.6742,40.1088],[43.6718,40.1091]]]}},{"type":"Feature","properties":{"name":null},"geometry":{"type":"Polygon","coordinates":[[[43.6705,40.1105],[43.6705,40.1105]]]}},{"type":"Feature","properties":{"name":null},"geometry":{"type":"Polygon","coordinates":[[[43.6716,40.1092],[43.6706,40.1104],[43.6716,40.1092]]]}},{"type":"Feature","properties":{"name":"Ատտիկ"},"geometry":{"type":"Polygon","coordinates":[[[44.117,41.1621],[44.1147,41.1601],[44.1143,41.1622],[44.117,41.1621]]]}},{"type":"Feature","properties":{"name":null},"geometry":{"type":"Polygon","coordinates":[[[43.8852,40.8431],[43.887,40.8438],[43.8852,40.8431]]]}},{"type":"Feature","properties":{"name":null},"geometry":{"type":"Polygon","coordinates":[[[46.0739,39.0852],[46.0739,39.0852]]]}},{"type":"Feature","properties":{"name":"Կապտաչ"},"geometry":{"type":"Polygon","coordinates":[[[46.0785,39.0649],[46.0785,39.0649]]]}},{"type":"Feature","properties":{"name":"Խուրջին"},"geometry":{"type":"Polygon","coordinates":[[[46.083,39.0595],[46.0845,39.0601],[46.083,39.0595]]]}},{"type":"Feature","properties":{"name":null},"geometry":{"type":"Polygon","coordinates":[[[46.3443,39.5052],[46.3443,39.5052]]]}},{"type":"Feature","properties":{"name":null},"geometry":{"type":"Polygon","coordinates":[[[46.3439,39.5066],[46.3439,39.5066]]]}},{"type":"Feature","properties":{"name":null},"geometry":{"type":"Polygon","coordinates":[[[44.4843,40.8148],[44.4843,40.8148]]]}},{"type":"Feature","properties":{"name":null},"geometry":{"type":"Polygon","coordinates":[[[44.5866,40.8717],[44.5866,40.8717]]]}},{"type":"Feature","properties":{"name":"Եղնիկի ջրամբար"},"geometry":{"type":"Polygon","coordinates":[[[43.9526,40.4114],[43.9526,40.4114]]]}},{"type":"Feature","properties":{"name":null},"geometry":{"type":"Polygon","coordinates":[[[44.3471,40.2859],[44.3471,40.2859]]]}},{"type":"Feature","properties":{"name":null},"geometry":{"type":"Polygon","coordinates":[[[44.4007,40.797],[44.4007,40.797]]]}},{"type":"Feature","properties":{"name":null},"geometry":{"type":"Polygon","coordinates":[[[44.6775,40.2609],[44.6775,40.2609]]]}},{"type":"Feature","properties":{"name":null},"geometry":{"type":"Polygon","coordinates":[[[44.4378,40.2331],[44.4378,40.2331]]]}},{"type":"Feature","properties":{"name":null},"geometry":{"type":"Polygon","coordinates":[[[44.0956,40.9156],[44.0956,40.9156]]]}},{"type":"Feature","properties":{"name":null},"geometry":{"type":"Polygon","coordinates":[[[44.8689,40.2352],[44.8689,40.2352]]]}},{"type":"Feature","properties":{"name":null},"geometry":{"type":"Polygon","coordinates":[[[44.9714,40.2701],[44.9714,40.2701]]]}},{"type":"Feature","properties":{"name":null},"geometry":{"type":"Polygon","coordinates":[[[43.9713,40.9448],[43.9713,40.9448]]]}},{"type":"Feature","properties":{"name":null},"geometry":{"type":"Polygon","coordinates":[[[44.1049,40.9102],[44.1049,40.9102]]]}},{"type":"Feature","properties":{"name":null},"geometry":{"type":"Polygon","coordinates":[[[44.1347,40.9039],[44.1347,40.9039]]]}},{"type":"Feature","properties":{"name":null},"geometry":{"type":"Polygon","coordinates":[[[44.0608,40.914],[44.0608,40.914]]]}},{"type":"Feature","properties":{"name":null},"geometry":{"type":"Polygon","coordinates":[[[44.0925,40.8757],[44.0925,40.8757]]]}},{"type":"Feature","properties":{"name":null},"geometry":{"type":"Polygon","coordinates":[[[44.23,40.9076],[44.23,40.9076]]]}},{"type":"Feature","properties":{"name":null},"geometry":{"type":"Polygon","coordinates":[[[44.5823,40.4095],[44.5823,40.4095]]]}},{"type":"Feature","properties":{"name":null},"geometry":{"type":"Polygon","coordinates":[[[44.5648,40.5491],[44.5648,40.5491]]]}},{"type":"Feature","properties":{"name":null},"geometry":{"type":"Polygon","coordinates":[[[44.7202,40.3719],[44.7202,40.3719]]]}},{"type":"Feature","properties":{"name":null},"geometry":{"type":"Polygon","coordinates":[[[44.9145,40.3895],[44.9145,40.3895]]]}},{"type":"Feature","properties":{"name":null},"geometry":{"type":"Polygon","coordinates":[[[44.9689,40.3346],[44.9689,40.3346]]]}},{"type":"Feature","properties":{"name":null},"geometry":{"type":"Polygon","coordinates":[[[44.8867,40.3789],[44.8867,40.3789]]]}},{"type":"Feature","properties":{"name":null},"geometry":{"type":"Polygon","coordinates":[[[45.5569,39.9058],[45.5569,39.9058]]]}},{"type":"Feature","properties":{"name":null},"geometry":{"type":"Polygon","coordinates":[[[45.5571,39.9064],[45.5571,39.9064]]]}},{"type":"Feature","properties":{"name":null},"geometry":{"type":"Polygon","coordinates":[[[45.6881,39.8101],[45.6881,39.8101]]]}},{"type":"Feature","properties":{"name":null},"geometry":{"type":"Polygon","coordinates":[[[45.6465,39.9351],[45.6465,39.9351]]]}},{"type":"Feature","properties":{"name":null},"geometry":{"type":"Polygon","coordinates":[[[45.6482,39.9343],[45.6482,39.9343]]]}},{"type":"Feature","properties":{"name":null},"geometry":{"type":"Polygon","coordinates":[[[46.0306,39.1106],[46.0295,39.1095],[46.0306,39.1106]]]}},{"type":"Feature","properties":{"name":null},"geometry":{"type":"Polygon","coordinates":[[[46.0332,39.1019],[46.031,39.1014],[46.0332,39.1019]]]}},{"type":"Feature","properties":{"name":null},"geometry":{"type":"Polygon","coordinates":[[[46.0283,39.708],[46.0262,39.7088],[46.0283,39.708]]]}},{"type":"Feature","properties":{"name":null},"geometry":{"type":"Polygon","coordinates":[[[46.2652,38.8938],[46.2654,38.8902],[46.2633,38.8924],[46.2652,38.8938]]]}},{"type":"Feature","properties":{"name":null},"geometry":{"type":"Polygon","coordinates":[[[45.3387,40.0788],[45.34,40.0762],[45.3387,40.0788]]]}},{"type":"Feature","properties":{"name":null},"geometry":{"type":"Polygon","coordinates":[[[45.3204,39.9595],[45.3204,39.9595]]]}},{"type":"Feature","properties":{"name":null},"geometry":{"type":"Polygon","coordinates":[[[45.0313,39.9672],[45.0313,39.9672]]]}},{"type":"Feature","properties":{"name":null},"geometry":{"type":"Polygon","coordinates":[[[45.0323,39.968],[45.0323,39.968]]]}},{"type":"Feature","properties":{"name":null},"geometry":{"type":"Polygon","coordinates":[[[45.5836,40.0397],[45.5823,40.036],[45.5836,40.0397]]]}},{"type":"Feature","properties":{"name":"Լիճըն"},"geometry":{"type":"Polygon","coordinates":[[[45.8356,39.9966],[45.8356,39.9966]]]}},{"type":"Feature","properties":{"name":null},"geometry":{"type":"Polygon","coordinates":[[[44.5492,40.1968],[44.5492,40.1968]]]}},{"type":"Feature","properties":{"name":null},"geometry":{"type":"Polygon","coordinates":[[[44.0801,40.2823],[44.0801,40.2823]]]}},{"type":"Feature","properties":{"name":null},"geometry":{"type":"Polygon","coordinates":[[[44.0774,40.2858],[44.0774,40.2858]]]}},{"type":"Feature","properties":{"name":"Papoyi gyol"},"geometry":{"type":"Polygon","coordinates":[[[44.2322,40.2259],[44.2322,40.2259]]]}},{"type":"Feature","properties":{"name":null},"geometry":{"type":"Polygon","coordinates":[[[44.0228,40.0707],[44.0255,40.0686],[44.0226,40.0689],[44.0228,40.0707]]]}},{"type":"Feature","properties":{"name":null},"geometry":{"type":"Polygon","coordinates":[[[44.0826,40.1236],[44.0843,40.1236],[44.0826,40.1236]]]}},{"type":"Feature","properties":{"name":null},"geometry":{"type":"Polygon","coordinates":[[[43.8291,40.8267],[43.8291,40.8267]]]}},{"type":"Feature","properties":{"name":null},"geometry":{"type":"Polygon","coordinates":[[[44.5901,40.4998],[44.5901,40.4998]]]}},{"type":"Feature","properties":{"name":null},"geometry":{"type":"Polygon","coordinates":[[[44.077,40.1198],[44.0789,40.1198],[44.077,40.1198]]]}},{"type":"Feature","properties":{"name":"Տալվորիկի լիճ"},"geometry":{"type":"Polygon","coordinates":[[[43.8745,40.0987],[43.8764,40.097],[43.8745,40.0987]]]}},{"type":"Feature","properties":{"name":null},"geometry":{"type":"Polygon","coordinates":[[[43.8956,40.6011],[43.8955,40.6027],[43.8956,40.6011]]]}},{"type":"Feature","properties":{"name":null},"geometry":{"type":"Polygon","coordinates":[[[43.9851,40.0831],[43.9851,40.0831]]]}},{"type":"Feature","properties":{"name":null},"geometry":{"type":"Polygon","coordinates":[[[43.7512,40.845],[43.7578,40.8403],[43.7508,40.8447],[43.7519,40.8515],[43.7512,40.845]]]}},{"type":"Feature","properties":{"name":null},"geometry":{"type":"Polygon","coordinates":[[[43.8483,40.6896],[43.8483,40.6896]]]}},{"type":"Feature","properties":{"name":null},"geometry":{"type":"Polygon","coordinates":[[[44.4733,40.8378],[44.4733,40.8378]]]}},{"type":"Feature","properties":{"name":null},"geometry":{"type":"Polygon","coordinates":[[[44.377,40.343],[44.377,40.343]]]}},{"type":"Feature","properties":{"name":null},"geometry":{"type":"Polygon","coordinates":[[[44.5227,40.1754],[44.5227,40.1754]]]}},{"type":"Feature","properties":{"name":null},"geometry":{"type":"Polygon","coordinates":[[[44.5227,40.8154],[44.5136,40.8154],[44.5227,40.8154]]]}},{"type":"Feature","properties":{"name":null},"geometry":{"type":"Polygon","coordinates":[[[45.0215,39.9772],[45.0215,39.9772]]]}},{"type":"Feature","properties":{"name":null},"geometry":{"type":"Polygon","coordinates":[[[45.1184,39.8003],[45.1184,39.8003]]]}},{"type":"Feature","properties":{"name":null},"geometry":{"type":"Polygon","coordinates":[[[45.1182,39.8227],[45.1182,39.8227]]]}},{"type":"Feature","properties":{"name":"Պուլպուլակ"},"geometry":{"type":"Polygon","coordinates":[[[44.4328,40.1614],[44.4328,40.1614]]]}},{"type":"Feature","properties":{"name":null},"geometry":{"type":"Polygon","coordinates":[[[46.2177,39.5573],[46.2177,39.5573]]]}},{"type":"Feature","properties":{"name":null},"geometry":{"type":"Polygon","coordinates":[[[46.2475,39.5627],[46.2475,39.5627]]]}},{"type":"Feature","properties":{"name":null},"geometry":{"type":"Polygon","coordinates":[[[45.8814,40.0571],[45.8814,40.0571]]]}},{"type":"Feature","properties":{"name":null},"geometry":{"type":"Polygon","coordinates":[[[45.2882,39.7359],[45.2882,39.7359]]]}},{"type":"Feature","properties":{"name":null},"geometry":{"type":"Polygon","coordinates":[[[45.081,39.9606],[45.081,39.9606]]]}},{"type":"Feature","properties":{"name":"Ջղին լջակներ (Jghin lakes)"},"geometry":{"type":"Polygon","coordinates":[[[44.9893,39.9887],[44.9893,39.9887]]]}},{"type":"Feature","properties":{"name":null},"geometry":{"type":"Polygon","coordinates":[[[45.5473,39.691],[45.5473,39.691]]]}},{"type":"Feature","properties":{"name":null},"geometry":{"type":"Polygon","coordinates":[[[43.6688,41.099],[43.6688,41.099]]]}},{"type":"Feature","properties":{"name":null},"geometry":{"type":"Polygon","coordinates":[[[44.2695,40.1981],[44.2695,40.1981]]]}},{"type":"Feature","properties":{"name":null},"geometry":{"type":"Polygon","coordinates":[[[44.2694,40.197],[44.2694,40.197]]]}},{"type":"Feature","properties":{"name":null},"geometry":{"type":"Polygon","coordinates":[[[44.2693,40.1957],[44.2701,40.1944],[44.2693,40.1957]]]}},{"type":"Feature","properties":{"name":null},"geometry":{"type":"Polygon","coordinates":[[[44.2696,40.1928],[44.2696,40.1928]]]}},{"type":"Feature","properties":{"name":null},"geometry":{"type":"Polygon","coordinates":[[[44.4131,40.07],[44.4131,40.07]]]}},{"type":"Feature","properties":{"name":null},"geometry":{"type":"Polygon","coordinates":[[[44.4138,40.0701],[44.4138,40.0701]]]}},{"type":"Feature","properties":{"name":null},"geometry":{"type":"Polygon","coordinates":[[[44.4139,40.0702],[44.4139,40.0702]]]}},{"type":"Feature","properties":{"name":null},"geometry":{"type":"Polygon","coordinates":[[[44.3981,40.0468],[44.3981,40.0468]]]}},{"type":"Feature","properties":{"name":null},"geometry":{"type":"Polygon","coordinates":[[[44.3966,40.0472],[44.3966,40.0472]]]}},{"type":"Feature","properties":{"name":null},"geometry":{"type":"Polygon","coordinates":[[[44.3965,40.0472],[44.3965,40.0472]]]}},{"type":"Feature","properties":{"name":null},"geometry":{"type":"Polygon","coordinates":[[[44.1545,40.1419],[44.1545,40.1419]]]}},{"type":"Feature","properties":{"name":null},"geometry":{"type":"Polygon","coordinates":[[[44.1544,40.1417],[44.1544,40.1417]]]}},{"type":"Feature","properties":{"name":null},"geometry":{"type":"Polygon","coordinates":[[[44.1596,40.1399],[44.1596,40.1399]]]}},{"type":"Feature","properties":{"name":null},"geometry":{"type":"Polygon","coordinates":[[[44.1591,40.1392],[44.1591,40.1392]]]}},{"type":"Feature","properties":{"name":null},"geometry":{"type":"Polygon","coordinates":[[[44.1592,40.1389],[44.1592,40.1389]]]}},{"type":"Feature","properties":{"name":null},"geometry":{"type":"Polygon","coordinates":[[[45.0171,40.3915],[45.0171,40.3915]]]}},{"type":"Feature","properties":{"name":null},"geometry":{"type":"Polygon","coordinates":[[[44.8724,40.4005],[44.8724,40.4005]]]}},{"type":"Feature","properties":{"name":"Չամանգյոլ"},"geometry":{"type":"Polygon","coordinates":[[[44.8113,40.4824],[44.8113,40.4824]]]}},{"type":"Feature","properties":{"name":null},"geometry":{"type":"Polygon","coordinates":[[[44.8661,40.4467],[44.8661,40.4467]]]}},{"type":"Feature","properties":{"name":null},"geometry":{"type":"Polygon","coordinates":[[[44.9199,40.499],[44.9199,40.499]]]}},{"type":"Feature","properties":{"name":null},"geometry":{"type":"Polygon","coordinates":[[[44.7849,40.4191],[44.7849,40.4191]]]}},{"type":"Feature","properties":{"name":"Լեսինգ"},"geometry":{"type":"Polygon","coordinates":[[[44.2639,40.5271],[44.2639,40.5271]]]}},{"type":"Feature","properties":{"name":"Լեսինգ"},"geometry":{"type":"Polygon","coordinates":[[[44.2573,40.5372],[44.2573,40.5372]]]}},{"type":"Feature","properties":{"name":null},"geometry":{"type":"Polygon","coordinates":[[[44.2692,40.5549],[44.2692,40.5549]]]}},{"type":"Feature","properties":{"name":null},"geometry":{"type":"Polygon","coordinates":[[[44.5158,40.1729],[44.5175,40.1731],[44.5158,40.1729]]]}},{"type":"Feature","properties":{"name":null},"geometry":{"type":"Polygon","coordinates":[[[44.2756,41.1627],[44.2747,41.161],[44.2756,41.1627]]]}},{"type":"Feature","properties":{"name":null},"geometry":{"type":"Polygon","coordinates":[[[44.8643,40.1524],[44.8643,40.1524]]]}},{"type":"Feature","properties":{"name":null},"geometry":{"type":"Polygon","coordinates":[[[44.798,40.3145],[44.798,40.3145]]]}},{"type":"Feature","properties":{"name":null},"geometry":{"type":"Polygon","coordinates":[[[44.8165,40.3197],[44.8165,40.3197]]]}},{"type":"Feature","properties":{"name":null},"geometry":{"type":"Polygon","coordinates":[[[44.8656,40.3379],[44.8656,40.3379]]]}},{"type":"Feature","properties":{"name":null},"geometry":{"type":"Polygon","coordinates":[[[44.8491,40.3393],[44.8491,40.3393]]]}},{"type":"Feature","properties":{"name":null},"geometry":{"type":"Polygon","coordinates":[[[44.8388,40.3153],[44.8388,40.3153]]]}},{"type":"Feature","properties":{"name":"Գենդարիլիճ"},"geometry":{"type":"Polygon","coordinates":[[[44.9992,40.2718],[44.9978,40.271],[44.9998,40.2735],[44.9992,40.2718]]]}},{"type":"Feature","properties":{"name":null},"geometry":{"type":"Polygon","coordinates":[[[44.8274,40.3631],[44.8274,40.3631]]]}},{"type":"Feature","properties":{"name":null},"geometry":{"type":"Polygon","coordinates":[[[44.8427,40.3673],[44.8427,40.3673]]]}},{"type":"Feature","properties":{"name":null},"geometry":{"type":"Polygon","coordinates":[[[44.8291,40.362],[44.8291,40.362]]]}},{"type":"Feature","properties":{"name":null},"geometry":{"type":"Polygon","coordinates":[[[44.8119,40.3599],[44.8119,40.3599]]]}},{"type":"Feature","properties":{"name":null},"geometry":{"type":"Polygon","coordinates":[[[44.8283,40.3626],[44.8283,40.3626]]]}},{"type":"Feature","properties":{"name":null},"geometry":{"type":"Polygon","coordinates":[[[44.8248,40.3838],[44.8248,40.3838]]]}},{"type":"Feature","properties":{"name":null},"geometry":{"type":"Polygon","coordinates":[[[44.7936,40.3738],[44.7936,40.3738]]]}},{"type":"Feature","properties":{"name":null},"geometry":{"type":"Polygon","coordinates":[[[44.8322,40.3953],[44.8322,40.3953]]]}},{"type":"Feature","properties":{"name":null},"geometry":{"type":"Polygon","coordinates":[[[44.8974,40.3542],[44.8974,40.3542]]]}},{"type":"Feature","properties":{"name":null},"geometry":{"type":"Polygon","coordinates":[[[44.8676,40.3788],[44.8676,40.3788]]]}},{"type":"Feature","properties":{"name":"Այրեյգյոլ"},"geometry":{"type":"Polygon","coordinates":[[[44.8466,40.4332],[44.8466,40.4332]]]}},{"type":"Feature","properties":{"name":null},"geometry":{"type":"Polygon","coordinates":[[[44.9112,40.4245],[44.9112,40.4245]]]}},{"type":"Feature","properties":{"name":null},"geometry":{"type":"Polygon","coordinates":[[[44.9069,40.3956],[44.9069,40.3956]]]}},{"type":"Feature","properties":{"name":null},"geometry":{"type":"Polygon","coordinates":[[[44.8941,40.4106],[44.8941,40.4106]]]}},{"type":"Feature","properties":{"name":null},"geometry":{"type":"Polygon","coordinates":[[[44.8285,40.3501],[44.8285,40.3501]]]}},{"type":"Feature","properties":{"name":null},"geometry":{"type":"Polygon","coordinates":[[[44.9254,40.3087],[44.9254,40.3087]]]}},{"type":"Feature","properties":{"name":null},"geometry":{"type":"Polygon","coordinates":[[[44.9139,40.3035],[44.9139,40.3035]]]}},{"type":"Feature","properties":{"name":null},"geometry":{"type":"Polygon","coordinates":[[[44.8938,40.3333],[44.8928,40.3317],[44.8938,40.3333]]]}},{"type":"Feature","properties":{"name":null},"geometry":{"type":"Polygon","coordinates":[[[44.9012,40.2871],[44.9012,40.2871]]]}},{"type":"Feature","properties":{"name":null},"geometry":{"type":"Polygon","coordinates":[[[44.8989,40.2862],[44.8989,40.2862]]]}},{"type":"Feature","properties":{"name":null},"geometry":{"type":"Polygon","coordinates":[[[44.9814,40.2881],[44.9814,40.2881]]]}},{"type":"Feature","properties":{"name":null},"geometry":{"type":"Polygon","coordinates":[[[44.9557,40.2822],[44.9557,40.2822]]]}},{"type":"Feature","properties":{"name":null},"geometry":{"type":"Polygon","coordinates":[[[44.8883,40.3255],[44.8883,40.3255]]]}},{"type":"Feature","properties":{"name":null},"geometry":{"type":"Polygon","coordinates":[[[44.8711,40.334],[44.8711,40.334]]]}},{"type":"Feature","properties":{"name":null},"geometry":{"type":"Polygon","coordinates":[[[46.496,39.1947],[46.496,39.1947]]]}},{"type":"Feature","properties":{"name":null},"geometry":{"type":"Polygon","coordinates":[[[45.4432,39.9837],[45.4432,39.9837]]]}},{"type":"Feature","properties":{"name":null},"geometry":{"type":"Polygon","coordinates":[[[45.4048,39.9747],[45.4048,39.9747]]]}},{"type":"Feature","properties":{"name":null},"geometry":{"type":"Polygon","coordinates":[[[45.4029,39.9742],[45.4029,39.9742]]]}},{"type":"Feature","properties":{"name":null},"geometry":{"type":"Polygon","coordinates":[[[45.4087,39.9757],[45.4087,39.9757]]]}},{"type":"Feature","properties":{"name":null},"geometry":{"type":"Polygon","coordinates":[[[45.6039,40.1586],[45.6017,40.1594],[45.6039,40.1586]]]}},{"type":"Feature","properties":{"name":null},"geometry":{"type":"Polygon","coordinates":[[[45.6083,40.1502],[45.6083,40.1502]]]}},{"type":"Feature","properties":{"name":null},"geometry":{"type":"Polygon","coordinates":[[[45.6084,40.1519],[45.6084,40.1519]]]}},{"type":"Feature","properties":{"name":null},"geometry":{"type":"Polygon","coordinates":[[[45.5581,40.0079],[45.5581,40.0079]]]}},{"type":"Feature","properties":{"name":null},"geometry":{"type":"Polygon","coordinates":[[[45.4174,39.9639],[45.4174,39.9639]]]}},{"type":"Feature","properties":{"name":null},"geometry":{"type":"Polygon","coordinates":[[[45.5312,40.0021],[45.5312,40.0021]]]}},{"type":"Feature","properties":{"name":null},"geometry":{"type":"Polygon","coordinates":[[[45.7191,40.0711],[45.7191,40.0711]]]}},{"type":"Feature","properties":{"name":null},"geometry":{"type":"Polygon","coordinates":[[[44.8086,40.8346],[44.8086,40.8346]]]}},{"type":"Feature","properties":{"name":null},"geometry":{"type":"Polygon","coordinates":[[[45.1209,40.855],[45.122,40.8498],[45.119,40.8478],[45.1222,40.8497],[45.1202,40.8524],[45.122,40.8561],[45.1209,40.855]]]}},{"type":"Feature","properties":{"name":null},"geometry":{"type":"Polygon","coordinates":[[[45.2702,40.9637],[45.2702,40.9637]]]}},{"type":"Feature","properties":{"name":null},"geometry":{"type":"Polygon","coordinates":[[[44.8374,41.1143],[44.8284,41.1158],[44.8364,41.1195],[44.8388,41.1177],[44.8374,41.1143]]]}},{"type":"Feature","properties":{"name":null},"geometry":{"type":"Polygon","coordinates":[[[44.8293,41.1024],[44.8293,41.1024]]]}},{"type":"Feature","properties":{"name":null},"geometry":{"type":"Polygon","coordinates":[[[44.8396,41.121],[44.8381,41.1199],[44.8396,41.121]]]}},{"type":"Feature","properties":{"name":null},"geometry":{"type":"Polygon","coordinates":[[[44.1743,40.4675],[44.1743,40.4675]]]}},{"type":"Feature","properties":{"name":null},"geometry":{"type":"Polygon","coordinates":[[[44.2785,40.8859],[44.2772,40.8852],[44.2785,40.8859]]]}},{"type":"Feature","properties":{"name":null},"geometry":{"type":"Polygon","coordinates":[[[44.2788,40.8864],[44.2788,40.8864]]]}},{"type":"Feature","properties":{"name":null},"geometry":{"type":"Polygon","coordinates":[[[44.2876,41.0066],[44.2876,41.0066]]]}},{"type":"Feature","properties":{"name":null},"geometry":{"type":"Polygon","coordinates":[[[44.8918,40.8073],[44.8918,40.8073]]]}},{"type":"Feature","properties":{"name":null},"geometry":{"type":"Polygon","coordinates":[[[44.8923,40.8071],[44.8923,40.8071]]]}},{"type":"Feature","properties":{"name":"Քարագյոլ"},"geometry":{"type":"Polygon","coordinates":[[[45.195,39.8858],[45.195,39.8858]]]}},{"type":"Feature","properties":{"name":null},"geometry":{"type":"Polygon","coordinates":[[[45.0511,39.9266],[45.0511,39.9266]]]}},{"type":"Feature","properties":{"name":null},"geometry":{"type":"Polygon","coordinates":[[[44.8651,40.4282],[44.8651,40.4282]]]}},{"type":"Feature","properties":{"name":null},"geometry":{"type":"Polygon","coordinates":[[[44.3963,40.474],[44.3963,40.474]]]}},{"type":"Feature","properties":{"name":null},"geometry":{"type":"Polygon","coordinates":[[[46.004,39.7173],[46.004,39.7173]]]}},{"type":"Feature","properties":{"name":"Alagollar Lake"},"geometry":{"type":"Polygon","coordinates":[[[46.0119,39.7432],[46.0189,39.7467],[46.0204,39.7502],[46.017,39.7518],[46.0086,39.7493],[46.0068,39.7473],[46.0115,39.7467],[46.0119,39.7432]]]}},{"type":"Feature","properties":{"name":"Ներքին Թալինի ջրամբար"},"geometry":{"type":"Polygon","coordinates":[[[43.8585,40.3483],[43.8585,40.3483]]]}},{"type":"Feature","properties":{"name":null},"geometry":{"type":"Polygon","coordinates":[[[46.0521,39.6339],[46.0521,39.6339]]]}},{"type":"Feature","properties":{"name":null},"geometry":{"type":"Polygon","coordinates":[[[45.8718,39.7991],[45.8718,39.7991]]]}},{"type":"Feature","properties":{"name":null},"geometry":{"type":"Polygon","coordinates":[[[46.043,39.7053],[46.043,39.7053]]]}},{"type":"Feature","properties":{"name":null},"geometry":{"type":"Polygon","coordinates":[[[45.0272,40.7927],[45.0272,40.7927]]]}},{"type":"Feature","properties":{"name":null},"geometry":{"type":"Polygon","coordinates":[[[44.5189,40.1732],[44.5189,40.1732]]]}},{"type":"Feature","properties":{"name":null},"geometry":{"type":"Polygon","coordinates":[[[45.0247,40.7766],[45.0247,40.7766]]]}},{"type":"Feature","properties":{"name":null},"geometry":{"type":"Polygon","coordinates":[[[44.317,40.4181],[44.317,40.4181]]]}},{"type":"Feature","properties":{"name":null},"geometry":{"type":"Polygon","coordinates":[[[44.3864,40.4325],[44.3864,40.4325]]]}},{"type":"Feature","properties":{"name":null},"geometry":{"type":"Polygon","coordinates":[[[44.3725,40.3604],[44.3725,40.3604]]]}},{"type":"Feature","properties":{"name":null},"geometry":{"type":"Polygon","coordinates":[[[44.3068,40.4462],[44.3047,40.4467],[44.3068,40.4462]]]}},{"type":"Feature","properties":{"name":null},"geometry":{"type":"Polygon","coordinates":[[[44.3902,40.4416],[44.3904,40.4398],[44.3902,40.4416]]]}},{"type":"Feature","properties":{"name":null},"geometry":{"type":"Polygon","coordinates":[[[44.9451,40.8448],[44.9451,40.8448]]]}},{"type":"Feature","properties":{"name":null},"geometry":{"type":"Polygon","coordinates":[[[43.914,40.3344],[43.914,40.3344]]]}},{"type":"Feature","properties":{"name":null},"geometry":{"type":"Polygon","coordinates":[[[44.045,40.3907],[44.045,40.3907]]]}},{"type":"Feature","properties":{"name":null},"geometry":{"type":"Polygon","coordinates":[[[44.8894,40.2517],[44.8894,40.2517]]]}},{"type":"Feature","properties":{"name":null},"geometry":{"type":"Polygon","coordinates":[[[44.8591,40.2331],[44.8591,40.2331]]]}},{"type":"Feature","properties":{"name":null},"geometry":{"type":"Polygon","coordinates":[[[44.8992,40.2485],[44.8992,40.2485]]]}},{"type":"Feature","properties":{"name":null},"geometry":{"type":"Polygon","coordinates":[[[44.3284,40.2605],[44.3284,40.2605]]]}},{"type":"Feature","properties":{"name":null},"geometry":{"type":"Polygon","coordinates":[[[44.8949,40.2495],[44.8949,40.2495]]]}},{"type":"Feature","properties":{"name":null},"geometry":{"type":"Polygon","coordinates":[[[44.8983,40.251],[44.8983,40.251]]]}},{"type":"Feature","properties":{"name":null},"geometry":{"type":"Polygon","coordinates":[[[44.8799,40.2115],[44.8782,40.2115],[44.8799,40.2115]]]}},{"type":"Feature","properties":{"name":null},"geometry":{"type":"Polygon","coordinates":[[[44.7408,40.716],[44.7408,40.716]]]}},{"type":"Feature","properties":{"name":null},"geometry":{"type":"Polygon","coordinates":[[[44.7401,40.7161],[44.7401,40.7161]]]}},{"type":"Feature","properties":{"name":null},"geometry":{"type":"Polygon","coordinates":[[[44.8496,40.6969],[44.8496,40.6969]]]}},{"type":"Feature","properties":{"name":null},"geometry":{"type":"Polygon","coordinates":[[[44.8494,40.6969],[44.8494,40.6969]]]}},{"type":"Feature","properties":{"name":null},"geometry":{"type":"Polygon","coordinates":[[[44.8915,40.3473],[44.8915,40.3473]]]}},{"type":"Feature","properties":{"name":null},"geometry":{"type":"Polygon","coordinates":[[[44.9853,40.1695],[44.9853,40.1695]]]}},{"type":"Feature","properties":{"name":null},"geometry":{"type":"Polygon","coordinates":[[[45.3302,39.7395],[45.3319,39.7399],[45.3302,39.7395]]]}},{"type":"Feature","properties":{"name":null},"geometry":{"type":"Polygon","coordinates":[[[44.9616,40.1702],[44.9616,40.1702]]]}},{"type":"Feature","properties":{"name":null},"geometry":{"type":"Polygon","coordinates":[[[44.8999,40.7419],[44.8999,40.7419]]]}},{"type":"Feature","properties":{"name":null},"geometry":{"type":"Polygon","coordinates":[[[44.8723,40.3899],[44.8723,40.3899]]]}},{"type":"Feature","properties":{"name":null},"geometry":{"type":"Polygon","coordinates":[[[44.8879,40.2406],[44.8879,40.2406]]]}},{"type":"Feature","properties":{"name":null},"geometry":{"type":"Polygon","coordinates":[[[45.8712,39.6305],[45.8745,39.6275],[45.8712,39.6305]]]}},{"type":"Feature","properties":{"name":null},"geometry":{"type":"Polygon","coordinates":[[[44.9305,40.2747],[44.9305,40.2747]]]}},{"type":"Feature","properties":{"name":null},"geometry":{"type":"Polygon","coordinates":[[[45.724,39.9331],[45.724,39.9331]]]}},{"type":"Feature","properties":{"name":null},"geometry":{"type":"Polygon","coordinates":[[[45.7229,39.9333],[45.7229,39.9333]]]}},{"type":"Feature","properties":{"name":null},"geometry":{"type":"Polygon","coordinates":[[[44.8968,40.258],[44.8968,40.258]]]}},{"type":"Feature","properties":{"name":null},"geometry":{"type":"Polygon","coordinates":[[[45.0374,40.1641],[45.0374,40.1641]]]}},{"type":"Feature","properties":{"name":null},"geometry":{"type":"Polygon","coordinates":[[[44.992,40.7743],[44.992,40.7743]]]}},{"type":"Feature","properties":{"name":null},"geometry":{"type":"Polygon","coordinates":[[[44.9928,40.7734],[44.9928,40.7734]]]}},{"type":"Feature","properties":{"name":null},"geometry":{"type":"Polygon","coordinates":[[[44.9923,40.7738],[44.9923,40.7738]]]}},{"type":"Feature","properties":{"name":null},"geometry":{"type":"Polygon","coordinates":[[[44.6038,40.2683],[44.6056,40.2677],[44.6038,40.2683]]]}},{"type":"Feature","properties":{"name":null},"geometry":{"type":"Polygon","coordinates":[[[45.0763,40.8078],[45.0763,40.8078]]]}},{"type":"Feature","properties":{"name":null},"geometry":{"type":"Polygon","coordinates":[[[45.0617,40.7935],[45.0617,40.7935]]]}},{"type":"Feature","properties":{"name":null},"geometry":{"type":"Polygon","coordinates":[[[45.0618,40.7934],[45.0618,40.7934]]]}},{"type":"Feature","properties":{"name":null},"geometry":{"type":"Polygon","coordinates":[[[45.0619,40.7934],[45.0619,40.7934]]]}},{"type":"Feature","properties":{"name":null},"geometry":{"type":"Polygon","coordinates":[[[45.0617,40.7937],[45.0617,40.7937]]]}},{"type":"Feature","properties":{"name":null},"geometry":{"type":"Polygon","coordinates":[[[44.9313,40.2275],[44.9313,40.2275]]]}},{"type":"Feature","properties":{"name":null},"geometry":{"type":"Polygon","coordinates":[[[44.9413,40.2359],[44.9413,40.2359]]]}},{"type":"Feature","properties":{"name":null},"geometry":{"type":"Polygon","coordinates":[[[45.0186,40.2861],[45.0186,40.2861]]]}},{"type":"Feature","properties":{"name":null},"geometry":{"type":"Polygon","coordinates":[[[44.9621,40.2519],[44.9621,40.2519]]]}},{"type":"Feature","properties":{"name":null},"geometry":{"type":"Polygon","coordinates":[[[44.688,40.3657],[44.688,40.3657]]]}},{"type":"Feature","properties":{"name":null},"geometry":{"type":"Polygon","coordinates":[[[44.967,40.2422],[44.967,40.2422]]]}},{"type":"Feature","properties":{"name":null},"geometry":{"type":"Polygon","coordinates":[[[44.9048,40.7588],[44.9048,40.7588]]]}},{"type":"Feature","properties":{"name":null},"geometry":{"type":"Polygon","coordinates":[[[45.0577,40.0434],[45.0577,40.0434]]]}},{"type":"Feature","properties":{"name":null},"geometry":{"type":"Polygon","coordinates":[[[45.0542,40.0202],[45.0542,40.0202]]]}},{"type":"Feature","properties":{"name":null},"geometry":{"type":"Polygon","coordinates":[[[44.8966,40.1748],[44.8966,40.1748]]]}},{"type":"Feature","properties":{"name":null},"geometry":{"type":"Polygon","coordinates":[[[44.8972,40.2583],[44.8972,40.2583]]]}},{"type":"Feature","properties":{"name":null},"geometry":{"type":"Polygon","coordinates":[[[44.8967,40.2432],[44.8967,40.2432]]]}},{"type":"Feature","properties":{"name":null},"geometry":{"type":"Polygon","coordinates":[[[44.9054,40.2614],[44.9054,40.2614]]]}},{"type":"Feature","properties":{"name":null},"geometry":{"type":"Polygon","coordinates":[[[44.9189,40.2575],[44.9189,40.2575]]]}},{"type":"Feature","properties":{"name":null},"geometry":{"type":"Polygon","coordinates":[[[44.8512,40.7569],[44.8512,40.7569]]]}},{"type":"Feature","properties":{"name":null},"geometry":{"type":"Polygon","coordinates":[[[44.8509,40.7564],[44.8509,40.7564]]]}},{"type":"Feature","properties":{"name":null},"geometry":{"type":"Polygon","coordinates":[[[44.9114,40.2693],[44.9114,40.2693]]]}},{"type":"Feature","properties":{"name":null},"geometry":{"type":"Polygon","coordinates":[[[45.0545,40.7084],[45.0545,40.7084]]]}},{"type":"Feature","properties":{"name":null},"geometry":{"type":"Polygon","coordinates":[[[45.0544,40.7086],[45.0544,40.7086]]]}},{"type":"Feature","properties":{"name":null},"geometry":{"type":"Polygon","coordinates":[[[45.0544,40.7087],[45.0544,40.7087]]]}},{"type":"Feature","properties":{"name":null},"geometry":{"type":"Polygon","coordinates":[[[45.0542,40.7088],[45.0542,40.7088]]]}},{"type":"Feature","properties":{"name":null},"geometry":{"type":"Polygon","coordinates":[[[44.8493,40.6968],[44.8493,40.6968]]]}},{"type":"Feature","properties":{"name":null},"geometry":{"type":"Polygon","coordinates":[[[44.7527,40.1203],[44.7527,40.1203]]]}},{"type":"Feature","properties":{"name":null},"geometry":{"type":"Polygon","coordinates":[[[44.7529,40.1202],[44.7529,40.1202]]]}},{"type":"Feature","properties":{"name":null},"geometry":{"type":"Polygon","coordinates":[[[44.7532,40.1203],[44.7532,40.1203]]]}},{"type":"Feature","properties":{"name":null},"geometry":{"type":"Polygon","coordinates":[[[44.7534,40.1205],[44.7534,40.1205]]]}},{"type":"Feature","properties":{"name":null},"geometry":{"type":"Polygon","coordinates":[[[44.7537,40.1206],[44.7537,40.1206]]]}},{"type":"Feature","properties":{"name":null},"geometry":{"type":"Polygon","coordinates":[[[44.754,40.1208],[44.754,40.1208]]]}},{"type":"Feature","properties":{"name":"Քարի լիճ"},"geometry":{"type":"Polygon","coordinates":[[[45.0476,40.7934],[45.0461,40.7946],[45.0476,40.7934]]]}},{"type":"Feature","properties":{"name":null},"geometry":{"type":"Polygon","coordinates":[[[44.2965,40.6464],[44.2942,40.6452],[44.2978,40.643],[44.2965,40.6464]]]}},{"type":"Feature","properties":{"name":null},"geometry":{"type":"Polygon","coordinates":[[[44.7685,40.5248],[44.7685,40.5248]]]}},{"type":"Feature","properties":{"name":null},"geometry":{"type":"Polygon","coordinates":[[[44.5763,40.2364],[44.5763,40.2364]]]}},{"type":"Feature","properties":{"name":null},"geometry":{"type":"Polygon","coordinates":[[[44.5765,40.2372],[44.5765,40.2372]]]}},{"type":"Feature","properties":{"name":null},"geometry":{"type":"Polygon","coordinates":[[[44.5765,40.2371],[44.5765,40.2371]]]}},{"type":"Feature","properties":{"name":null},"geometry":{"type":"Polygon","coordinates":[[[44.5766,40.2367],[44.5766,40.2367]]]}},{"type":"Feature","properties":{"name":null},"geometry":{"type":"Polygon","coordinates":[[[44.9177,40.3893],[44.9177,40.3893]]]}},{"type":"Feature","properties":{"name":null},"geometry":{"type":"Polygon","coordinates":[[[44.9103,40.2918],[44.9103,40.2918]]]}},{"type":"Feature","properties":{"name":null},"geometry":{"type":"Polygon","coordinates":[[[44.9304,40.274],[44.9304,40.274]]]}},{"type":"Feature","properties":{"name":null},"geometry":{"type":"Polygon","coordinates":[[[44.9413,40.2419],[44.9413,40.2419]]]}},{"type":"Feature","properties":{"name":null},"geometry":{"type":"Polygon","coordinates":[[[44.9394,40.2479],[44.9383,40.2496],[44.9394,40.2479]]]}},{"type":"Feature","properties":{"name":null},"geometry":{"type":"Polygon","coordinates":[[[44.9347,40.2778],[44.937,40.2789],[44.9347,40.2778]]]}},{"type":"Feature","properties":{"name":"Բադի լիճ"},"geometry":{"type":"Polygon","coordinates":[[[44.9913,40.2011],[44.9891,40.2],[44.9905,40.1982],[44.9913,40.2011]]]}},{"type":"Feature","properties":{"name":null},"geometry":{"type":"Polygon","coordinates":[[[45.1016,40.7092],[45.1016,40.7092]]]}},{"type":"Feature","properties":{"name":null},"geometry":{"type":"Polygon","coordinates":[[[45.9556,39.7742],[45.9556,39.7742]]]}},{"type":"Feature","properties":{"name":null},"geometry":{"type":"Polygon","coordinates":[[[45.9617,39.7546],[45.9648,39.7575],[45.9617,39.7546]]]}},{"type":"Feature","properties":{"name":null},"geometry":{"type":"Polygon","coordinates":[[[45.9432,39.781],[45.9442,39.7788],[45.9534,39.7834],[45.9537,39.7874],[45.9518,39.7833],[45.9432,39.781]]]}},{"type":"Feature","properties":{"name":null},"geometry":{"type":"Polygon","coordinates":[[[45.9386,39.7862],[45.9379,39.7838],[45.9386,39.7862]]]}},{"type":"Feature","properties":{"name":null},"geometry":{"type":"Polygon","coordinates":[[[44.987,40.7708],[44.987,40.7708]]]}},{"type":"Feature","properties":{"name":null},"geometry":{"type":"Polygon","coordinates":[[[44.9867,40.7708],[44.9867,40.7708]]]}},{"type":"Feature","properties":{"name":null},"geometry":{"type":"Polygon","coordinates":[[[44.9861,40.7708],[44.9861,40.7708]]]}},{"type":"Feature","properties":{"name":null},"geometry":{"type":"Polygon","coordinates":[[[44.9197,40.7677],[44.9197,40.7677]]]}},{"type":"Feature","properties":{"name":null},"geometry":{"type":"Polygon","coordinates":[[[44.678,40.2611],[44.678,40.2611]]]}},{"type":"Feature","properties":{"name":null},"geometry":{"type":"Polygon","coordinates":[[[46.3939,39.1958],[46.3939,39.1958]]]}},{"type":"Feature","properties":{"name":null},"geometry":{"type":"Polygon","coordinates":[[[44.9666,40.8073],[44.9666,40.8073]]]}},{"type":"Feature","properties":{"name":null},"geometry":{"type":"Polygon","coordinates":[[[46.3839,39.2628],[46.3839,39.2628]]]}},{"type":"Feature","properties":{"name":null},"geometry":{"type":"Polygon","coordinates":[[[46.3844,39.2625],[46.3844,39.2625]]]}},{"type":"Feature","properties":{"name":null},"geometry":{"type":"Polygon","coordinates":[[[46.3848,39.2616],[46.3848,39.2616]]]}},{"type":"Feature","properties":{"name":null},"geometry":{"type":"Polygon","coordinates":[[[46.021,39.6948],[46.021,39.6948]]]}},{"type":"Feature","properties":{"name":null},"geometry":{"type":"Polygon","coordinates":[[[44.5578,40.1009],[44.5578,40.1009]]]}},{"type":"Feature","properties":{"name":null},"geometry":{"type":"Polygon","coordinates":[[[44.324,41.055],[44.3207,41.0505],[44.3237,41.051],[44.324,41.055]]]}},{"type":"Feature","properties":{"name":null},"geometry":{"type":"Polygon","coordinates":[[[43.9654,41.1659],[43.9637,41.1652],[43.9654,41.1659]]]}},{"type":"Feature","properties":{"name":null},"geometry":{"type":"Polygon","coordinates":[[[43.9711,41.1593],[43.9695,41.1588],[43.9711,41.1593]]]}},{"type":"Feature","properties":{"name":null},"geometry":{"type":"Polygon","coordinates":[[[45.1371,39.9859],[45.1371,39.9859]]]}},{"type":"Feature","properties":{"name":null},"geometry":{"type":"Polygon","coordinates":[[[45.1487,40.6561],[45.1487,40.6561]]]}},{"type":"Feature","properties":{"name":null},"geometry":{"type":"Polygon","coordinates":[[[45.1466,40.6542],[45.1449,40.6545],[45.1466,40.6542]]]}},{"type":"Feature","properties":{"name":null},"geometry":{"type":"Polygon","coordinates":[[[44.6473,41.0968],[44.6473,41.0968]]]}},{"type":"Feature","properties":{"name":null},"geometry":{"type":"Polygon","coordinates":[[[44.6846,41.0948],[44.6928,41.0911],[44.696,41.0986],[44.6925,41.0912],[44.6846,41.0948]]]}},{"type":"Feature","properties":{"name":null},"geometry":{"type":"Polygon","coordinates":[[[44.3461,40.2844],[44.3461,40.2844]]]}},{"type":"Feature","properties":{"name":null},"geometry":{"type":"Polygon","coordinates":[[[44.377,40.3018],[44.377,40.3018]]]}},{"type":"Feature","properties":{"name":null},"geometry":{"type":"Polygon","coordinates":[[[44.7483,39.8067],[44.7509,39.809],[44.7474,39.8104],[44.7483,39.8067]]]}},{"type":"Feature","properties":{"name":null},"geometry":{"type":"Polygon","coordinates":[[[44.7399,39.7762],[44.7442,39.7776],[44.7399,39.7762]]]}},{"type":"Feature","properties":{"name":null},"geometry":{"type":"Polygon","coordinates":[[[44.7446,39.7679],[44.7482,39.7712],[44.7464,39.7725],[44.7436,39.77],[44.7446,39.7679]]]}},{"type":"Feature","properties":{"name":null},"geometry":{"type":"Polygon","coordinates":[[[44.7461,39.7651],[44.7508,39.7694],[44.7482,39.7705],[44.7445,39.7675],[44.7461,39.7651]]]}},{"type":"Feature","properties":{"name":null},"geometry":{"type":"Polygon","coordinates":[[[44.7697,39.7713],[44.772,39.7669],[44.7739,39.7677],[44.7717,39.772],[44.7697,39.7713]]]}},{"type":"Feature","properties":{"name":null},"geometry":{"type":"Polygon","coordinates":[[[44.7844,39.7614],[44.7867,39.7605],[44.784,39.7593],[44.7795,39.7619],[44.7819,39.764],[44.7856,39.7604],[44.7844,39.7614]]]}},{"type":"Feature","properties":{"name":null},"geometry":{"type":"Polygon","coordinates":[[[44.5094,40.254],[44.5094,40.254]]]}},{"type":"Feature","properties":{"name":null},"geometry":{"type":"Polygon","coordinates":[[[45.3031,40.1595],[45.3031,40.1595]]]}},{"type":"Feature","properties":{"name":null},"geometry":{"type":"Polygon","coordinates":[[[45.3046,40.1617],[45.3046,40.1617]]]}},{"type":"Feature","properties":{"name":null},"geometry":{"type":"Polygon","coordinates":[[[45.3042,40.1607],[45.3042,40.1607]]]}},{"type":"Feature","properties":{"name":null},"geometry":{"type":"Polygon","coordinates":[[[45.3986,39.9755],[45.3986,39.9755]]]}},{"type":"Feature","properties":{"name":null},"geometry":{"type":"Polygon","coordinates":[[[44.9548,39.8615],[44.9548,39.8615]]]}},{"type":"Feature","properties":{"name":null},"geometry":{"type":"Polygon","coordinates":[[[44.5891,40.2938],[44.5888,40.297],[44.5891,40.2938]]]}},{"type":"Feature","properties":{"name":null},"geometry":{"type":"Polygon","coordinates":[[[46.0465,39.0885],[46.0465,39.0885]]]}},{"type":"Feature","properties":{"name":null},"geometry":{"type":"Polygon","coordinates":[[[46.0371,39.0973],[46.0371,39.0973]]]}},{"type":"Feature","properties":{"name":null},"geometry":{"type":"Polygon","coordinates":[[[44.7522,41.1201],[44.7525,41.1215],[44.7522,41.1201]]]}},{"type":"Feature","properties":{"name":"Շղարշիկի ջրամբար"},"geometry":{"type":"Polygon","coordinates":[[[43.9757,40.4216],[43.9739,40.4212],[43.9757,40.4216]]]}},{"type":"Feature","properties":{"name":null},"geometry":{"type":"Polygon","coordinates":[[[44.3385,40.527],[44.3366,40.5266],[44.3385,40.527]]]}},{"type":"Feature","properties":{"name":null},"geometry":{"type":"Polygon","coordinates":[[[44.3413,40.5232],[44.3412,40.5209],[44.3379,40.5225],[44.3413,40.5232]]]}},{"type":"Feature","properties":{"name":null},"geometry":{"type":"Polygon","coordinates":[[[45.05,39.9281],[45.05,39.9281]]]}},{"type":"Feature","properties":{"name":null},"geometry":{"type":"Polygon","coordinates":[[[44.8158,41.1774],[44.8158,41.1774]]]}},{"type":"Feature","properties":{"name":null},"geometry":{"type":"Polygon","coordinates":[[[44.722,39.8069],[44.7231,39.8085],[44.7251,39.8067],[44.722,39.8069]]]}},{"type":"Feature","properties":{"name":null},"geometry":{"type":"Polygon","coordinates":[[[44.741,39.7995],[44.7455,39.8029],[44.7405,39.8078],[44.7349,39.8053],[44.741,39.7995]]]}},{"type":"Feature","properties":{"name":null},"geometry":{"type":"Polygon","coordinates":[[[44.744,39.8004],[44.7433,39.7973],[44.7411,39.7994],[44.744,39.8004]]]}},{"type":"Feature","properties":{"name":null},"geometry":{"type":"Polygon","coordinates":[[[44.7443,39.7983],[44.7466,39.8019],[44.7489,39.7997],[44.7485,39.7972],[44.7443,39.7983]]]}},{"type":"Feature","properties":{"name":null},"geometry":{"type":"Polygon","coordinates":[[[44.7187,39.8084],[44.7219,39.8069],[44.723,39.8086],[44.7205,39.8109],[44.7187,39.8084]]]}},{"type":"Feature","properties":{"name":null},"geometry":{"type":"Polygon","coordinates":[[[44.6338,40.0989],[44.6338,40.0989]]]}},{"type":"Feature","properties":{"name":null},"geometry":{"type":"Polygon","coordinates":[[[44.6593,40.0113],[44.6593,40.0113]]]}},{"type":"Feature","properties":{"name":null},"geometry":{"type":"Polygon","coordinates":[[[45.0071,39.9808],[45.0071,39.9808]]]}},{"type":"Feature","properties":{"name":null},"geometry":{"type":"Polygon","coordinates":[[[44.7583,40.5111],[44.7583,40.5111]]]}},{"type":"Feature","properties":{"name":null},"geometry":{"type":"Polygon","coordinates":[[[45.8668,39.7908],[45.8668,39.7908]]]}},{"type":"Feature","properties":{"name":null},"geometry":{"type":"Polygon","coordinates":[[[45.8685,39.7967],[45.8685,39.7967]]]}},{"type":"Feature","properties":{"name":null},"geometry":{"type":"Polygon","coordinates":[[[45.8733,39.7952],[45.8717,39.7953],[45.8733,39.7952]]]}},{"type":"Feature","properties":{"name":null},"geometry":{"type":"Polygon","coordinates":[[[43.9097,40.7106],[43.9113,40.7107],[43.9097,40.7106]]]}},{"type":"Feature","properties":{"name":null},"geometry":{"type":"Polygon","coordinates":[[[44.0687,40.6872],[44.0687,40.6872]]]}},{"type":"Feature","properties":{"name":null},"geometry":{"type":"Polygon","coordinates":[[[44.0118,40.8223],[44.0118,40.8223]]]}},{"type":"Feature","properties":{"name":null},"geometry":{"type":"Polygon","coordinates":[[[44.6002,40.3615],[44.6037,40.3677],[44.6016,40.3716],[44.6043,40.3718],[44.6075,40.379],[44.6038,40.3722],[44.601,40.3718],[44.6031,40.3678],[44.6002,40.3615]]]}},{"type":"Feature","properties":{"name":null},"geometry":{"type":"Polygon","coordinates":[[[45.0584,40.2613],[45.0584,40.2613]]]}},{"type":"Feature","properties":{"name":null},"geometry":{"type":"Polygon","coordinates":[[[44.1563,40.1424],[44.1577,40.1405],[44.1545,40.1385],[44.1575,40.1404],[44.1563,40.1424]]]}},{"type":"Feature","properties":{"name":null},"geometry":{"type":"Polygon","coordinates":[[[46.0107,39.534],[46.0107,39.534]]]}},{"type":"Feature","properties":{"name":null},"geometry":{"type":"Polygon","coordinates":[[[46.0105,39.5342],[46.0105,39.5342]]]}},{"type":"Feature","properties":{"name":null},"geometry":{"type":"Polygon","coordinates":[[[46.0098,39.5344],[46.0098,39.5344]]]}},{"type":"Feature","properties":{"name":null},"geometry":{"type":"Polygon","coordinates":[[[46.0099,39.5345],[46.0099,39.5345]]]}},{"type":"Feature","properties":{"name":null},"geometry":{"type":"Polygon","coordinates":[[[46.0099,39.5346],[46.0099,39.5346]]]}},{"type":"Feature","properties":{"name":null},"geometry":{"type":"Polygon","coordinates":[[[46.0099,39.5347],[46.0099,39.5347]]]}},{"type":"Feature","properties":{"name":null},"geometry":{"type":"Polygon","coordinates":[[[46.0099,39.5348],[46.0099,39.5348]]]}},{"type":"Feature","properties":{"name":null},"geometry":{"type":"Polygon","coordinates":[[[46.0099,39.535],[46.0099,39.535]]]}},{"type":"Feature","properties":{"name":null},"geometry":{"type":"Polygon","coordinates":[[[44.1536,40.1838],[44.1499,40.1809],[44.1536,40.1838]]]}},{"type":"Feature","properties":{"name":null},"geometry":{"type":"Polygon","coordinates":[[[44.3809,40.4076],[44.3809,40.4076]]]}},{"type":"Feature","properties":{"name":null},"geometry":{"type":"Polygon","coordinates":[[[45.2444,40.1671],[45.2444,40.1671]]]}},{"type":"Feature","properties":{"name":null},"geometry":{"type":"Polygon","coordinates":[[[45.6475,39.7944],[45.6475,39.7944]]]}},{"type":"Feature","properties":{"name":null},"geometry":{"type":"Polygon","coordinates":[[[44.3572,40.2954],[44.3572,40.2954]]]}},{"type":"Feature","properties":{"name":null},"geometry":{"type":"Polygon","coordinates":[[[45.8889,40.1285],[45.8889,40.1285]]]}},{"type":"Feature","properties":{"name":null},"geometry":{"type":"Polygon","coordinates":[[[45.8856,40.1336],[45.8856,40.1336]]]}},{"type":"Feature","properties":{"name":null},"geometry":{"type":"Polygon","coordinates":[[[45.8904,40.1321],[45.8904,40.1321]]]}},{"type":"Feature","properties":{"name":null},"geometry":{"type":"Polygon","coordinates":[[[45.89,40.1304],[45.89,40.1304]]]}},{"type":"Feature","properties":{"name":null},"geometry":{"type":"Polygon","coordinates":[[[45.8206,40.0849],[45.8206,40.0849]]]}},{"type":"Feature","properties":{"name":null},"geometry":{"type":"Polygon","coordinates":[[[44.3104,40.3284],[44.3104,40.3284]]]}},{"type":"Feature","properties":{"name":null},"geometry":{"type":"Polygon","coordinates":[[[44.3105,40.3282],[44.3105,40.3282]]]}},{"type":"Feature","properties":{"name":null},"geometry":{"type":"Polygon","coordinates":[[[44.0744,40.7483],[44.0744,40.7483]]]}},{"type":"Feature","properties":{"name":null},"geometry":{"type":"Polygon","coordinates":[[[44.075,40.748],[44.075,40.748]]]}},{"type":"Feature","properties":{"name":null},"geometry":{"type":"Polygon","coordinates":[[[44.3143,41.0573],[44.3084,41.0555],[44.3143,41.0573]]]}},{"type":"Feature","properties":{"name":null},"geometry":{"type":"Polygon","coordinates":[[[44.1651,41.0831],[44.1633,41.0814],[44.1651,41.0831]]]}},{"type":"Feature","properties":{"name":null},"geometry":{"type":"Polygon","coordinates":[[[44.1837,41.0606],[44.1828,41.0592],[44.1815,41.0611],[44.1837,41.0606]]]}},{"type":"Feature","properties":{"name":null},"geometry":{"type":"Polygon","coordinates":[[[44.9399,40.2806],[44.9399,40.2806]]]}},{"type":"Feature","properties":{"name":null},"geometry":{"type":"Polygon","coordinates":[[[45.0319,39.9873],[45.0319,39.9873]]]}},{"type":"Feature","properties":{"name":null},"geometry":{"type":"Polygon","coordinates":[[[45.6953,40.1904],[45.6953,40.1904]]]}},{"type":"Feature","properties":{"name":null},"geometry":{"type":"Polygon","coordinates":[[[45.6957,40.1901],[45.6957,40.1901]]]}},{"type":"Feature","properties":{"name":null},"geometry":{"type":"Polygon","coordinates":[[[45.696,40.1899],[45.696,40.1899]]]}},{"type":"Feature","properties":{"name":null},"geometry":{"type":"Polygon","coordinates":[[[45.6985,40.1768],[45.6985,40.1768]]]}},{"type":"Feature","properties":{"name":null},"geometry":{"type":"Polygon","coordinates":[[[45.6983,40.1763],[45.6983,40.1763]]]}},{"type":"Feature","properties":{"name":null},"geometry":{"type":"Polygon","coordinates":[[[45.696,40.1704],[45.696,40.1704]]]}},{"type":"Feature","properties":{"name":null},"geometry":{"type":"Polygon","coordinates":[[[45.6976,40.1836],[45.6976,40.1836]]]}},{"type":"Feature","properties":{"name":null},"geometry":{"type":"Polygon","coordinates":[[[44.8337,40.2378],[44.8337,40.2378]]]}},{"type":"Feature","properties":{"name":null},"geometry":{"type":"Polygon","coordinates":[[[44.8955,40.1892],[44.8955,40.1892]]]}},{"type":"Feature","properties":{"name":null},"geometry":{"type":"Polygon","coordinates":[[[44.9883,40.205],[44.9873,40.2036],[44.9883,40.205]]]}},{"type":"Feature","properties":{"name":null},"geometry":{"type":"Polygon","coordinates":[[[44.9888,40.2056],[44.9888,40.2056]]]}},{"type":"Feature","properties":{"name":null},"geometry":{"type":"Polygon","coordinates":[[[44.9911,40.2044],[44.9911,40.2044]]]}},{"type":"Feature","properties":{"name":"Գեղաքարի լիճ"},"geometry":{"type":"Polygon","coordinates":[[[45.6835,40.1181],[45.6835,40.1181]]]}},{"type":"Feature","properties":{"name":null},"geometry":{"type":"Polygon","coordinates":[[[44.4694,40.0833],[44.4694,40.0833]]]}},{"type":"Feature","properties":{"name":null},"geometry":{"type":"Polygon","coordinates":[[[44.6197,40.748],[44.6197,40.748]]]}},{"type":"Feature","properties":{"name":null},"geometry":{"type":"Polygon","coordinates":[[[45.1836,39.8938],[45.1836,39.8938]]]}},{"type":"Feature","properties":{"name":null},"geometry":{"type":"Polygon","coordinates":[[[44.9202,41.1244],[44.9202,41.1244]]]}},{"type":"Feature","properties":{"name":null},"geometry":{"type":"Polygon","coordinates":[[[44.9553,41.1708],[44.9553,41.1708]]]}},{"type":"Feature","properties":{"name":null},"geometry":{"type":"Polygon","coordinates":[[[44.9547,41.1698],[44.9547,41.1698]]]}},{"type":"Feature","properties":{"name":null},"geometry":{"type":"Polygon","coordinates":[[[46.2171,39.4193],[46.2191,39.4194],[46.2171,39.4193]]]}},{"type":"Feature","properties":{"name":null},"geometry":{"type":"Polygon","coordinates":[[[44.7862,40.1842],[44.7878,40.1837],[44.7862,40.1842]]]}},{"type":"Feature","properties":{"name":null},"geometry":{"type":"Polygon","coordinates":[[[45.0145,40.8269],[45.0145,40.8269]]]}},{"type":"Feature","properties":{"name":null},"geometry":{"type":"Polygon","coordinates":[[[45.0142,40.8269],[45.0142,40.8269]]]}},{"type":"Feature","properties":{"name":null},"geometry":{"type":"Polygon","coordinates":[[[45.9716,39.7679],[45.9716,39.7679]]]}},{"type":"Feature","properties":{"name":null},"geometry":{"type":"Polygon","coordinates":[[[45.9764,39.7662],[45.9738,39.7645],[45.9764,39.7662]]]}},{"type":"Feature","properties":{"name":null},"geometry":{"type":"Polygon","coordinates":[[[43.7768,41.0136],[43.7768,41.0136]]]}},{"type":"Feature","properties":{"name":null},"geometry":{"type":"Polygon","coordinates":[[[44.9411,40.1265],[44.9411,40.1265]]]}},{"type":"Feature","properties":{"name":null},"geometry":{"type":"Polygon","coordinates":[[[45.627,39.6638],[45.627,39.6638]]]}},{"type":"Feature","properties":{"name":null},"geometry":{"type":"Polygon","coordinates":[[[45.6275,39.6652],[45.6275,39.6652]]]}},{"type":"Feature","properties":{"name":null},"geometry":{"type":"Polygon","coordinates":[[[45.6098,39.6606],[45.6098,39.6606]]]}},{"type":"Feature","properties":{"name":null},"geometry":{"type":"Polygon","coordinates":[[[45.6089,39.6606],[45.6089,39.6606]]]}},{"type":"Feature","properties":{"name":null},"geometry":{"type":"Polygon","coordinates":[[[45.6091,39.6605],[45.6091,39.6605]]]}},{"type":"Feature","properties":{"name":null},"geometry":{"type":"Polygon","coordinates":[[[45.6094,39.6605],[45.6094,39.6605]]]}},{"type":"Feature","properties":{"name":null},"geometry":{"type":"Polygon","coordinates":[[[45.61,39.6602],[45.61,39.6602]]]}},{"type":"Feature","properties":{"name":null},"geometry":{"type":"Polygon","coordinates":[[[45.6104,39.6598],[45.6104,39.6598]]]}},{"type":"Feature","properties":{"name":null},"geometry":{"type":"Polygon","coordinates":[[[45.6377,39.6675],[45.6377,39.6675]]]}},{"type":"Feature","properties":{"name":null},"geometry":{"type":"Polygon","coordinates":[[[45.6407,39.642],[45.6407,39.642]]]}},{"type":"Feature","properties":{"name":"Ալակն"},"geometry":{"type":"Polygon","coordinates":[[[45.6501,39.6521],[45.6501,39.6521]]]}},{"type":"Feature","properties":{"name":null},"geometry":{"type":"Polygon","coordinates":[[[45.5967,39.6609],[45.5967,39.6609]]]}},{"type":"Feature","properties":{"name":null},"geometry":{"type":"Polygon","coordinates":[[[45.5935,39.6171],[45.5935,39.6171]]]}},{"type":"Feature","properties":{"name":"Կապ"},"geometry":{"type":"Polygon","coordinates":[[[45.5386,39.6379],[45.5386,39.6379]]]}},{"type":"Feature","properties":{"name":null},"geometry":{"type":"Polygon","coordinates":[[[45.5628,39.6335],[45.5628,39.6335]]]}},{"type":"Feature","properties":{"name":null},"geometry":{"type":"Polygon","coordinates":[[[45.5631,39.6334],[45.5631,39.6334]]]}},{"type":"Feature","properties":{"name":null},"geometry":{"type":"Polygon","coordinates":[[[45.5614,39.6338],[45.5614,39.6338]]]}},{"type":"Feature","properties":{"name":null},"geometry":{"type":"Polygon","coordinates":[[[45.5615,39.6337],[45.5615,39.6337]]]}},{"type":"Feature","properties":{"name":null},"geometry":{"type":"Polygon","coordinates":[[[45.2123,39.9972],[45.2123,39.9972]]]}},{"type":"Feature","properties":{"name":null},"geometry":{"type":"Polygon","coordinates":[[[45.2122,39.9966],[45.2122,39.9966]]]}},{"type":"Feature","properties":{"name":null},"geometry":{"type":"Polygon","coordinates":[[[45.2117,39.9965],[45.2117,39.9965]]]}},{"type":"Feature","properties":{"name":"Kentronakan Jrambar"},"geometry":{"type":"Polygon","coordinates":[[[43.9622,40.4105],[43.9622,40.4105]]]}},{"type":"Feature","properties":{"name":null},"geometry":{"type":"Polygon","coordinates":[[[44.8451,40.9259],[44.8451,40.9259]]]}},{"type":"Feature","properties":{"name":null},"geometry":{"type":"Polygon","coordinates":[[[45.4318,39.8801],[45.4318,39.8801]]]}},{"type":"Feature","properties":{"name":null},"geometry":{"type":"Polygon","coordinates":[[[43.8154,40.7831],[43.8154,40.7831]]]}},{"type":"Feature","properties":{"name":null},"geometry":{"type":"Polygon","coordinates":[[[44.3562,40.0704],[44.3562,40.0704]]]}},{"type":"Feature","properties":{"name":null},"geometry":{"type":"Polygon","coordinates":[[[44.3546,40.0708],[44.3555,40.0693],[44.3546,40.0708]]]}},{"type":"Feature","properties":{"name":null},"geometry":{"type":"Polygon","coordinates":[[[44.3556,40.0712],[44.3556,40.0712]]]}},{"type":"Feature","properties":{"name":null},"geometry":{"type":"Polygon","coordinates":[[[44.3556,40.0706],[44.3556,40.0706]]]}},{"type":"Feature","properties":{"name":null},"geometry":{"type":"Polygon","coordinates":[[[44.3551,40.0707],[44.3551,40.0707]]]}},{"type":"Feature","properties":{"name":null},"geometry":{"type":"Polygon","coordinates":[[[44.3549,40.0707],[44.3549,40.0707]]]}},{"type":"Feature","properties":{"name":null},"geometry":{"type":"Polygon","coordinates":[[[44.3549,40.0702],[44.3549,40.0702]]]}},{"type":"Feature","properties":{"name":null},"geometry":{"type":"Polygon","coordinates":[[[44.3559,40.0701],[44.3559,40.0701]]]}},{"type":"Feature","properties":{"name":null},"geometry":{"type":"Polygon","coordinates":[[[44.356,40.0701],[44.356,40.0701]]]}},{"type":"Feature","properties":{"name":null},"geometry":{"type":"Polygon","coordinates":[[[44.4485,40.2202],[44.4484,40.2219],[44.4485,40.2202]]]}},{"type":"Feature","properties":{"name":null},"geometry":{"type":"Polygon","coordinates":[[[44.4075,40.2037],[44.4075,40.2037]]]}},{"type":"Feature","properties":{"name":null},"geometry":{"type":"Polygon","coordinates":[[[44.4076,40.2027],[44.4076,40.2027]]]}},{"type":"Feature","properties":{"name":null},"geometry":{"type":"Polygon","coordinates":[[[44.4311,40.2232],[44.4311,40.2232]]]}},{"type":"Feature","properties":{"name":null},"geometry":{"type":"Polygon","coordinates":[[[45.6078,39.6002],[45.6078,39.6002]]]}},{"type":"Feature","properties":{"name":null},"geometry":{"type":"Polygon","coordinates":[[[44.9121,40.2435],[44.9121,40.2435]]]}},{"type":"Feature","properties":{"name":null},"geometry":{"type":"Polygon","coordinates":[[[44.9315,40.2385],[44.9315,40.2385]]]}},{"type":"Feature","properties":{"name":null},"geometry":{"type":"Polygon","coordinates":[[[44.7794,39.9201],[44.7794,39.9201]]]}},{"type":"Feature","properties":{"name":null},"geometry":{"type":"Polygon","coordinates":[[[44.9713,40.1339],[44.9713,40.1339]]]}},{"type":"Feature","properties":{"name":null},"geometry":{"type":"Polygon","coordinates":[[[44.9917,40.2063],[44.9917,40.2063]]]}},{"type":"Feature","properties":{"name":null},"geometry":{"type":"Polygon","coordinates":[[[44.9916,40.2058],[44.9916,40.2058]]]}},{"type":"Feature","properties":{"name":null},"geometry":{"type":"Polygon","coordinates":[[[44.9909,40.2047],[44.9909,40.2047]]]}},{"type":"Feature","properties":{"name":null},"geometry":{"type":"Polygon","coordinates":[[[44.5174,40.6036],[44.5174,40.6036]]]}},{"type":"Feature","properties":{"name":null},"geometry":{"type":"Polygon","coordinates":[[[45.5619,39.6385],[45.5619,39.6385]]]}},{"type":"Feature","properties":{"name":null},"geometry":{"type":"Polygon","coordinates":[[[44.5094,40.1559],[44.5094,40.1559]]]}},{"type":"Feature","properties":{"name":null},"geometry":{"type":"Polygon","coordinates":[[[44.5096,40.1559],[44.5096,40.1559]]]}},{"type":"Feature","properties":{"name":"«Նահատակ» պոչամբար"},"geometry":{"type":"Polygon","coordinates":[[[44.8184,41.175],[44.8226,41.1727],[44.8227,41.1692],[44.818,41.1718],[44.8184,41.175]]]}},{"type":"Feature","properties":{"name":null},"geometry":{"type":"Polygon","coordinates":[[[45.5923,39.6181],[45.5923,39.6181]]]}},{"type":"Feature","properties":{"name":null},"geometry":{"type":"Polygon","coordinates":[[[45.6679,39.6968],[45.6679,39.6968]]]}},{"type":"Feature","properties":{"name":null},"geometry":{"type":"Polygon","coordinates":[[[45.6466,39.6686],[45.6466,39.6686]]]}},{"type":"Feature","properties":{"name":null},"geometry":{"type":"Polygon","coordinates":[[[44.2781,41.1546],[44.2781,41.1546]]]}},{"type":"Feature","properties":{"name":null},"geometry":{"type":"Polygon","coordinates":[[[43.8488,41.0342],[43.8488,41.0342]]]}},{"type":"Feature","properties":{"name":null},"geometry":{"type":"Polygon","coordinates":[[[43.8494,41.0338],[43.8494,41.0338]]]}},{"type":"Feature","properties":{"name":"Vardumyans' Family Garden's Little pond"},"geometry":{"type":"Polygon","coordinates":[[[44.6031,40.9053],[44.6031,40.9053]]]}},{"type":"Feature","properties":{"name":"Վարդմանց գոմերի լճակը"},"geometry":{"type":"Polygon","coordinates":[[[44.5267,40.9001],[44.5267,40.9001]]]}},{"type":"Feature","properties":{"name":null},"geometry":{"type":"Polygon","coordinates":[[[44.6099,40.9597],[44.6099,40.9597]]]}},{"type":"Feature","properties":{"name":null},"geometry":{"type":"Polygon","coordinates":[[[44.6091,40.9596],[44.6091,40.9596]]]}},{"type":"Feature","properties":{"name":null},"geometry":{"type":"Polygon","coordinates":[[[44.609,40.9597],[44.609,40.9597]]]}},{"type":"Feature","properties":{"name":null},"geometry":{"type":"Polygon","coordinates":[[[45.2462,40.1671],[45.2462,40.1671]]]}},{"type":"Feature","properties":{"name":null},"geometry":{"type":"Polygon","coordinates":[[[46.4061,39.209],[46.4159,39.2033],[46.4068,39.2087],[46.3864,39.2078],[46.4061,39.209]]]}},{"type":"Feature","properties":{"name":null},"geometry":{"type":"Polygon","coordinates":[[[46.4514,39.2113],[46.4529,39.2102],[46.4514,39.2113]]]}},{"type":"Feature","properties":{"name":null},"geometry":{"type":"Polygon","coordinates":[[[46.2345,39.3525],[46.2345,39.3525]]]}},{"type":"Feature","properties":{"name":null},"geometry":{"type":"Polygon","coordinates":[[[44.2699,40.3631],[44.2699,40.3631]]]}},{"type":"Feature","properties":{"name":null},"geometry":{"type":"Polygon","coordinates":[[[44.2707,40.3624],[44.2707,40.3624]]]}},{"type":"Feature","properties":{"name":null},"geometry":{"type":"Polygon","coordinates":[[[44.4621,40.0672],[44.4621,40.0672]]]}},{"type":"Feature","properties":{"name":null},"geometry":{"type":"Polygon","coordinates":[[[46.039,39.3992],[46.039,39.3992]]]}},{"type":"Feature","properties":{"name":null},"geometry":{"type":"Polygon","coordinates":[[[44.4732,40.2205],[44.4732,40.2205]]]}},{"type":"Feature","properties":{"name":null},"geometry":{"type":"Polygon","coordinates":[[[43.7723,40.8265],[43.7723,40.8265]]]}},{"type":"Feature","properties":{"name":null},"geometry":{"type":"Polygon","coordinates":[[[43.7955,40.8119],[43.7955,40.8119]]]}},{"type":"Feature","properties":{"name":null},"geometry":{"type":"Polygon","coordinates":[[[43.8118,40.7927],[43.8118,40.7927]]]}},{"type":"Feature","properties":{"name":null},"geometry":{"type":"Polygon","coordinates":[[[43.7946,40.8127],[43.7946,40.8127]]]}},{"type":"Feature","properties":{"name":null},"geometry":{"type":"Polygon","coordinates":[[[44.3726,40.0645],[44.3748,40.0646],[44.3726,40.0645]]]}},{"type":"Feature","properties":{"name":null},"geometry":{"type":"Polygon","coordinates":[[[46.3684,39.4269],[46.3684,39.4269]]]}},{"type":"Feature","properties":{"name":null},"geometry":{"type":"Polygon","coordinates":[[[46.3136,39.3531],[46.3136,39.3531]]]}},{"type":"Feature","properties":{"name":null},"geometry":{"type":"Polygon","coordinates":[[[46.3133,39.3531],[46.3133,39.3531]]]}},{"type":"Feature","properties":{"name":null},"geometry":{"type":"Polygon","coordinates":[[[45.6903,40.1734],[45.6903,40.1734]]]}},{"type":"Feature","properties":{"name":null},"geometry":{"type":"Polygon","coordinates":[[[46.2077,39.4031],[46.2077,39.4031]]]}},{"type":"Feature","properties":{"name":null},"geometry":{"type":"Polygon","coordinates":[[[46.226,39.3465],[46.226,39.3465]]]}},{"type":"Feature","properties":{"name":"Յոթնաղբյուր լիճ"},"geometry":{"type":"Polygon","coordinates":[[[45.0035,40.4461],[45.0035,40.4461]]]}},{"type":"Feature","properties":{"name":null},"geometry":{"type":"Polygon","coordinates":[[[46.1962,39.3288],[46.1962,39.3288]]]}},{"type":"Feature","properties":{"name":null},"geometry":{"type":"Polygon","coordinates":[[[46.4022,39.3777],[46.4022,39.3777]]]}},{"type":"Feature","properties":{"name":null},"geometry":{"type":"Polygon","coordinates":[[[45.9991,39.2064],[45.999,39.208],[45.9991,39.2064]]]}},{"type":"Feature","properties":{"name":null},"geometry":{"type":"Polygon","coordinates":[[[46.2587,38.8902],[46.2587,38.8902]]]}},{"type":"Feature","properties":{"name":null},"geometry":{"type":"Polygon","coordinates":[[[45.6999,39.8572],[45.6999,39.8572]]]}},{"type":"Feature","properties":{"name":null},"geometry":{"type":"Polygon","coordinates":[[[45.7629,40.057],[45.7629,40.057]]]}},{"type":"Feature","properties":{"name":null},"geometry":{"type":"Polygon","coordinates":[[[45.3111,39.7471],[45.3111,39.7471]]]}},{"type":"Feature","properties":{"name":null},"geometry":{"type":"Polygon","coordinates":[[[44.3452,40.094],[44.3452,40.094]]]}},{"type":"Feature","properties":{"name":null},"geometry":{"type":"Polygon","coordinates":[[[44.3447,40.0937],[44.3447,40.0937]]]}},{"type":"Feature","properties":{"name":null},"geometry":{"type":"Polygon","coordinates":[[[44.3452,40.0934],[44.3452,40.0934]]]}},{"type":"Feature","properties":{"name":null},"geometry":{"type":"Polygon","coordinates":[[[44.3102,40.3261],[44.3102,40.3261]]]}},{"type":"Feature","properties":{"name":null},"geometry":{"type":"Polygon","coordinates":[[[44.4451,40.4588],[44.4451,40.4588]]]}},{"type":"Feature","properties":{"name":null},"geometry":{"type":"Polygon","coordinates":[[[43.7818,40.1133],[43.7818,40.1133]]]}},{"type":"Feature","properties":{"name":null},"geometry":{"type":"Polygon","coordinates":[[[44.7475,39.8121],[44.7517,39.8098],[44.7475,39.8121]]]}},{"type":"Feature","properties":{"name":"Mnatsavan big pond"},"geometry":{"type":"Polygon","coordinates":[[[45.2277,40.6707],[45.2277,40.6707]]]}},{"type":"Feature","properties":{"name":"Mnatsavan small pond"},"geometry":{"type":"Polygon","coordinates":[[[45.2281,40.6706],[45.2281,40.6706]]]}},{"type":"Feature","properties":{"name":"Mnatsavan smaller pond"},"geometry":{"type":"Polygon","coordinates":[[[45.2273,40.6703],[45.2273,40.6703]]]}},{"type":"Feature","properties":{"name":"Mnatsavan smallest ponds"},"geometry":{"type":"Polygon","coordinates":[[[45.2268,40.6705],[45.2268,40.6705]]]}},{"type":"Feature","properties":{"name":null},"geometry":{"type":"Polygon","coordinates":[[[44.8093,41.2777],[44.8111,41.2764],[44.8093,41.2777]]]}},{"type":"Feature","properties":{"name":null},"geometry":{"type":"Polygon","coordinates":[[[44.8095,41.2759],[44.8114,41.2759],[44.8109,41.2724],[44.8095,41.2759]]]}},{"type":"Feature","properties":{"name":null},"geometry":{"type":"Polygon","coordinates":[[[46.2529,39.5965],[46.2529,39.5965]]]}},{"type":"Feature","properties":{"name":null},"geometry":{"type":"Polygon","coordinates":[[[46.319,39.2248],[46.319,39.2248]]]}},{"type":"Feature","properties":{"name":null},"geometry":{"type":"Polygon","coordinates":[[[44.5986,40.9555],[44.5986,40.9555]]]}},{"type":"Feature","properties":{"name":"Ճոխտալիճ"},"geometry":{"type":"Polygon","coordinates":[[[46.208,39.4738],[46.208,39.4738]]]}},{"type":"Feature","properties":{"name":null},"geometry":{"type":"Polygon","coordinates":[[[44.6549,40.9241],[44.6549,40.9241]]]}},{"type":"Feature","properties":{"name":null},"geometry":{"type":"Polygon","coordinates":[[[44.6519,40.923],[44.6519,40.923]]]}},{"type":"Feature","properties":{"name":"Water reservoir"},"geometry":{"type":"Polygon","coordinates":[[[44.6492,40.1821],[44.6492,40.1821]]]}},{"type":"Feature","properties":{"name":null},"geometry":{"type":"Polygon","coordinates":[[[43.9706,40.9966],[43.9706,40.9966]]]}},{"type":"Feature","properties":{"name":null},"geometry":{"type":"Polygon","coordinates":[[[43.9706,40.9964],[43.9706,40.9964]]]}},{"type":"Feature","properties":{"name":null},"geometry":{"type":"Polygon","coordinates":[[[44.6008,40.9585],[44.6091,40.9595],[44.6008,40.9585]]]}},{"type":"Feature","properties":{"name":null},"geometry":{"type":"Polygon","coordinates":[[[43.7922,40.0878],[43.7894,40.0869],[43.7918,40.086],[43.7922,40.0878]]]}},{"type":"Feature","properties":{"name":null},"geometry":{"type":"Polygon","coordinates":[[[44.2473,40.0828],[44.2496,40.0822],[44.2473,40.0828]]]}},{"type":"Feature","properties":{"name":null},"geometry":{"type":"Polygon","coordinates":[[[46.4295,39.4813],[46.4295,39.4813]]]}},{"type":"Feature","properties":{"name":null},"geometry":{"type":"Polygon","coordinates":[[[46.4276,39.4786],[46.4276,39.4786]]]}},{"type":"Feature","properties":{"name":null},"geometry":{"type":"Polygon","coordinates":[[[46.3728,39.4563],[46.3728,39.4563]]]}},{"type":"Feature","properties":{"name":null},"geometry":{"type":"Polygon","coordinates":[[[44.5636,40.0808],[44.5636,40.0808]]]}},{"type":"Feature","properties":{"name":null},"geometry":{"type":"Polygon","coordinates":[[[46.3959,39.4842],[46.3959,39.4842]]]}},{"type":"Feature","properties":{"name":null},"geometry":{"type":"Polygon","coordinates":[[[46.3561,39.2807],[46.3561,39.2807]]]}},{"type":"Feature","properties":{"name":null},"geometry":{"type":"Polygon","coordinates":[[[46.3652,39.2746],[46.3652,39.2746]]]}},{"type":"Feature","properties":{"name":null},"geometry":{"type":"Polygon","coordinates":[[[46.3652,39.2744],[46.3652,39.2744]]]}},{"type":"Feature","properties":{"name":null},"geometry":{"type":"Polygon","coordinates":[[[46.3673,39.4504],[46.3673,39.4504]]]}},{"type":"Feature","properties":{"name":null},"geometry":{"type":"Polygon","coordinates":[[[46.3829,39.456],[46.3829,39.456]]]}},{"type":"Feature","properties":{"name":null},"geometry":{"type":"Polygon","coordinates":[[[46.293,39.4067],[46.293,39.4067]]]}},{"type":"Feature","properties":{"name":null},"geometry":{"type":"Polygon","coordinates":[[[44.9889,40.1398],[44.9889,40.1398]]]}},{"type":"Feature","properties":{"name":null},"geometry":{"type":"Polygon","coordinates":[[[44.9872,40.1547],[44.9872,40.1547]]]}},{"type":"Feature","properties":{"name":null},"geometry":{"type":"Polygon","coordinates":[[[44.9874,40.1534],[44.9874,40.1514],[44.9874,40.1534]]]}},{"type":"Feature","properties":{"name":null},"geometry":{"type":"Polygon","coordinates":[[[45.2688,40.1553],[45.2688,40.1553]]]}},{"type":"Feature","properties":{"name":null},"geometry":{"type":"Polygon","coordinates":[[[44.9254,39.8638],[44.9254,39.8638]]]}},{"type":"Feature","properties":{"name":null},"geometry":{"type":"Polygon","coordinates":[[[44.9251,39.8638],[44.9251,39.8638]]]}},{"type":"Feature","properties":{"name":null},"geometry":{"type":"Polygon","coordinates":[[[44.819,39.9209],[44.819,39.9209]]]}},{"type":"Feature","properties":{"name":null},"geometry":{"type":"Polygon","coordinates":[[[44.2462,40.0846],[44.2483,40.0841],[44.2462,40.0846]]]}},{"type":"Feature","properties":{"name":null},"geometry":{"type":"Polygon","coordinates":[[[44.4754,40.0079],[44.4754,40.0079]]]}},{"type":"Feature","properties":{"name":null},"geometry":{"type":"Polygon","coordinates":[[[44.4756,40.0083],[44.4756,40.0083]]]}},{"type":"Feature","properties":{"name":null},"geometry":{"type":"Polygon","coordinates":[[[44.9798,40.2361],[44.9798,40.2361]]]}},{"type":"Feature","properties":{"name":null},"geometry":{"type":"Polygon","coordinates":[[[44.0793,40.1436],[44.0793,40.1436]]]}},{"type":"Feature","properties":{"name":null},"geometry":{"type":"Polygon","coordinates":[[[44.9391,40.6282],[44.9391,40.6282]]]}},{"type":"Feature","properties":{"name":null},"geometry":{"type":"Polygon","coordinates":[[[44.3998,40.1583],[44.3998,40.1583]]]}},{"type":"Feature","properties":{"name":null},"geometry":{"type":"Polygon","coordinates":[[[44.484,40.1536],[44.484,40.1536]]]}},{"type":"Feature","properties":{"name":null},"geometry":{"type":"Polygon","coordinates":[[[44.483,40.1543],[44.483,40.1543]]]}},{"type":"Feature","properties":{"name":null},"geometry":{"type":"Polygon","coordinates":[[[44.483,40.1529],[44.483,40.1529]]]}},{"type":"Feature","properties":{"name":null},"geometry":{"type":"Polygon","coordinates":[[[44.4802,40.152],[44.4802,40.152]]]}},{"type":"Feature","properties":{"name":null},"geometry":{"type":"Polygon","coordinates":[[[44.4811,40.1514],[44.4811,40.1514]]]}},{"type":"Feature","properties":{"name":null},"geometry":{"type":"Polygon","coordinates":[[[44.4801,40.1506],[44.4801,40.1506]]]}},{"type":"Feature","properties":{"name":null},"geometry":{"type":"Polygon","coordinates":[[[44.4792,40.1513],[44.4792,40.1513]]]}},{"type":"Feature","properties":{"name":null},"geometry":{"type":"Polygon","coordinates":[[[44.4906,40.817],[44.4906,40.817]]]}},{"type":"Feature","properties":{"name":null},"geometry":{"type":"Polygon","coordinates":[[[44.4901,40.8173],[44.4901,40.8173]]]}},{"type":"Feature","properties":{"name":null},"geometry":{"type":"Polygon","coordinates":[[[44.4896,40.8177],[44.4896,40.8177]]]}},{"type":"Feature","properties":{"name":null},"geometry":{"type":"Polygon","coordinates":[[[44.4612,40.0667],[44.4612,40.0667]]]}},{"type":"Feature","properties":{"name":null},"geometry":{"type":"Polygon","coordinates":[[[44.3088,41.005],[44.3088,41.005]]]}},{"type":"Feature","properties":{"name":null},"geometry":{"type":"Polygon","coordinates":[[[44.1517,41.0272],[44.1517,41.0272]]]}},{"type":"Feature","properties":{"name":null},"geometry":{"type":"Polygon","coordinates":[[[44.9177,40.3683],[44.9177,40.3683]]]}},{"type":"Feature","properties":{"name":null},"geometry":{"type":"Polygon","coordinates":[[[44.9071,40.2396],[44.9071,40.2396]]]}},{"type":"Feature","properties":{"name":null},"geometry":{"type":"Polygon","coordinates":[[[45.0489,40.0718],[45.0489,40.0718]]]}},{"type":"Feature","properties":{"name":null},"geometry":{"type":"Polygon","coordinates":[[[45.05,40.0727],[45.05,40.0727]]]}},{"type":"Feature","properties":{"name":null},"geometry":{"type":"Polygon","coordinates":[[[45.1844,39.8949],[45.1844,39.8949]]]}},{"type":"Feature","properties":{"name":null},"geometry":{"type":"Polygon","coordinates":[[[43.8288,40.5418],[43.8288,40.5418]]]}},{"type":"Feature","properties":{"name":null},"geometry":{"type":"Polygon","coordinates":[[[46.4828,39.193],[46.4828,39.193]]]}},{"type":"Feature","properties":{"name":null},"geometry":{"type":"Polygon","coordinates":[[[46.4829,39.1929],[46.4829,39.1929]]]}},{"type":"Feature","properties":{"name":null},"geometry":{"type":"Polygon","coordinates":[[[46.483,39.1929],[46.483,39.1929]]]}},{"type":"Feature","properties":{"name":null},"geometry":{"type":"Polygon","coordinates":[[[46.4828,39.1929],[46.4828,39.1929]]]}},{"type":"Feature","properties":{"name":null},"geometry":{"type":"Polygon","coordinates":[[[46.4832,39.1927],[46.485,39.1919],[46.4832,39.1927]]]}},{"type":"Feature","properties":{"name":null},"geometry":{"type":"Polygon","coordinates":[[[44.904,40.387],[44.904,40.387]]]}},{"type":"Feature","properties":{"name":null},"geometry":{"type":"Polygon","coordinates":[[[44.9053,40.3955],[44.9053,40.3955]]]}},{"type":"Feature","properties":{"name":null},"geometry":{"type":"Polygon","coordinates":[[[44.9191,40.3959],[44.9191,40.3959]]]}},{"type":"Feature","properties":{"name":null},"geometry":{"type":"Polygon","coordinates":[[[44.9192,40.4005],[44.9192,40.4005]]]}},{"type":"Feature","properties":{"name":null},"geometry":{"type":"Polygon","coordinates":[[[44.8904,40.3935],[44.8904,40.3935]]]}},{"type":"Feature","properties":{"name":null},"geometry":{"type":"Polygon","coordinates":[[[44.8796,40.3905],[44.8796,40.3905]]]}},{"type":"Feature","properties":{"name":null},"geometry":{"type":"Polygon","coordinates":[[[43.7135,41.0756],[43.7116,41.0757],[43.7135,41.0756]]]}},{"type":"Feature","properties":{"name":null},"geometry":{"type":"Polygon","coordinates":[[[43.6628,41.064],[43.6628,41.064]]]}},{"type":"Feature","properties":{"name":null},"geometry":{"type":"Polygon","coordinates":[[[44.6198,40.1859],[44.6158,40.1856],[44.6198,40.1859]]]}},{"type":"Feature","properties":{"name":null},"geometry":{"type":"Polygon","coordinates":[[[44.6263,40.175],[44.6263,40.175]]]}},{"type":"Feature","properties":{"name":null},"geometry":{"type":"Polygon","coordinates":[[[43.8259,41.0547],[43.8259,41.0547]]]}},{"type":"Feature","properties":{"name":null},"geometry":{"type":"Polygon","coordinates":[[[43.8668,41.0334],[43.8668,41.0334]]]}},{"type":"Feature","properties":{"name":null},"geometry":{"type":"Polygon","coordinates":[[[44.1981,41.0614],[44.1981,41.0614]]]}},{"type":"Feature","properties":{"name":null},"geometry":{"type":"Polygon","coordinates":[[[44.1984,41.0557],[44.1984,41.0557]]]}},{"type":"Feature","properties":{"name":null},"geometry":{"type":"Polygon","coordinates":[[[44.2121,41.0282],[44.2121,41.0282]]]}},{"type":"Feature","properties":{"name":null},"geometry":{"type":"Polygon","coordinates":[[[44.2124,41.0284],[44.2124,41.0284]]]}},{"type":"Feature","properties":{"name":null},"geometry":{"type":"Polygon","coordinates":[[[44.2704,41.0567],[44.2704,41.0567]]]}},{"type":"Feature","properties":{"name":null},"geometry":{"type":"Polygon","coordinates":[[[44.2701,41.0568],[44.2701,41.0568]]]}},{"type":"Feature","properties":{"name":null},"geometry":{"type":"Polygon","coordinates":[[[44.2696,41.0567],[44.2696,41.0567]]]}},{"type":"Feature","properties":{"name":null},"geometry":{"type":"Polygon","coordinates":[[[44.5273,40.9308],[44.5273,40.9308]]]}},{"type":"Feature","properties":{"name":null},"geometry":{"type":"Polygon","coordinates":[[[44.8893,40.8753],[44.8893,40.8753]]]}},{"type":"Feature","properties":{"name":null},"geometry":{"type":"Polygon","coordinates":[[[44.3706,40.0379],[44.3706,40.0379]]]}},{"type":"Feature","properties":{"name":null},"geometry":{"type":"Polygon","coordinates":[[[44.425,40.042],[44.4236,40.0441],[44.425,40.042]]]}},{"type":"Feature","properties":{"name":null},"geometry":{"type":"Polygon","coordinates":[[[44.4262,40.0422],[44.4262,40.0422]]]}},{"type":"Feature","properties":{"name":null},"geometry":{"type":"Polygon","coordinates":[[[44.4207,40.0355],[44.4254,40.035],[44.4207,40.0355]]]}},{"type":"Feature","properties":{"name":null},"geometry":{"type":"Polygon","coordinates":[[[44.4212,40.037],[44.4212,40.037]]]}},{"type":"Feature","properties":{"name":null},"geometry":{"type":"Polygon","coordinates":[[[44.4205,40.0364],[44.4205,40.0364]]]}},{"type":"Feature","properties":{"name":null},"geometry":{"type":"Polygon","coordinates":[[[44.4194,40.0367],[44.4216,40.0368],[44.4194,40.0367]]]}},{"type":"Feature","properties":{"name":null},"geometry":{"type":"Polygon","coordinates":[[[44.4188,40.0367],[44.4159,40.039],[44.4188,40.0367]]]}},{"type":"Feature","properties":{"name":null},"geometry":{"type":"Polygon","coordinates":[[[44.4054,40.0411],[44.4054,40.0411]]]}},{"type":"Feature","properties":{"name":null},"geometry":{"type":"Polygon","coordinates":[[[44.2462,40.0535],[44.2482,40.0542],[44.2462,40.0535]]]}},{"type":"Feature","properties":{"name":null},"geometry":{"type":"Polygon","coordinates":[[[44.605,40.3734],[44.6055,40.375],[44.605,40.3734]]]}},{"type":"Feature","properties":{"name":null},"geometry":{"type":"Polygon","coordinates":[[[44.6052,40.3734],[44.6052,40.3734]]]}},{"type":"Feature","properties":{"name":null},"geometry":{"type":"Polygon","coordinates":[[[44.6048,40.3728],[44.6048,40.3728]]]}},{"type":"Feature","properties":{"name":null},"geometry":{"type":"Polygon","coordinates":[[[43.8193,41.041],[43.818,41.0378],[43.8193,41.041]]]}},{"type":"Feature","properties":{"name":null},"geometry":{"type":"Polygon","coordinates":[[[43.833,41.0416],[43.833,41.0416]]]}},{"type":"Feature","properties":{"name":null},"geometry":{"type":"Polygon","coordinates":[[[43.8333,41.0419],[43.8333,41.0419]]]}},{"type":"Feature","properties":{"name":null},"geometry":{"type":"Polygon","coordinates":[[[43.8334,41.0417],[43.8334,41.0417]]]}},{"type":"Feature","properties":{"name":null},"geometry":{"type":"Polygon","coordinates":[[[43.8339,41.042],[43.8339,41.042]]]}},{"type":"Feature","properties":{"name":null},"geometry":{"type":"Polygon","coordinates":[[[43.8341,41.042],[43.8341,41.042]]]}},{"type":"Feature","properties":{"name":null},"geometry":{"type":"Polygon","coordinates":[[[43.828,41.0427],[43.828,41.0427]]]}},{"type":"Feature","properties":{"name":null},"geometry":{"type":"Polygon","coordinates":[[[43.8283,41.0425],[43.8283,41.0425]]]}},{"type":"Feature","properties":{"name":null},"geometry":{"type":"Polygon","coordinates":[[[43.8284,41.0426],[43.8284,41.0426]]]}},{"type":"Feature","properties":{"name":null},"geometry":{"type":"Polygon","coordinates":[[[43.8267,41.0446],[43.8267,41.0446]]]}},{"type":"Feature","properties":{"name":null},"geometry":{"type":"Polygon","coordinates":[[[43.8265,41.0446],[43.8265,41.0446]]]}},{"type":"Feature","properties":{"name":null},"geometry":{"type":"Polygon","coordinates":[[[45.6034,39.7465],[45.6034,39.7465]]]}},{"type":"Feature","properties":{"name":null},"geometry":{"type":"Polygon","coordinates":[[[45.5948,39.7305],[45.5948,39.7305]]]}},{"type":"Feature","properties":{"name":null},"geometry":{"type":"Polygon","coordinates":[[[45.5945,39.7306],[45.5945,39.7306]]]}},{"type":"Feature","properties":{"name":null},"geometry":{"type":"Polygon","coordinates":[[[45.5946,39.7306],[45.5946,39.7306]]]}},{"type":"Feature","properties":{"name":null},"geometry":{"type":"Polygon","coordinates":[[[45.5947,39.7306],[45.5947,39.7306]]]}},{"type":"Feature","properties":{"name":null},"geometry":{"type":"Polygon","coordinates":[[[45.5947,39.7306],[45.5947,39.7306]]]}},{"type":"Feature","properties":{"name":null},"geometry":{"type":"Polygon","coordinates":[[[45.5949,39.7306],[45.5949,39.7306]]]}},{"type":"Feature","properties":{"name":null},"geometry":{"type":"Polygon","coordinates":[[[45.5949,39.7305],[45.5949,39.7305]]]}},{"type":"Feature","properties":{"name":null},"geometry":{"type":"Polygon","coordinates":[[[45.5949,39.7305],[45.5949,39.7305]]]}},{"type":"Feature","properties":{"name":null},"geometry":{"type":"Polygon","coordinates":[[[45.5949,39.7304],[45.5949,39.7304]]]}},{"type":"Feature","properties":{"name":null},"geometry":{"type":"Polygon","coordinates":[[[45.5949,39.7304],[45.5949,39.7304]]]}},{"type":"Feature","properties":{"name":null},"geometry":{"type":"Polygon","coordinates":[[[45.5949,39.7303],[45.5949,39.7303]]]}},{"type":"Feature","properties":{"name":null},"geometry":{"type":"Polygon","coordinates":[[[45.5949,39.7303],[45.5949,39.7303]]]}},{"type":"Feature","properties":{"name":null},"geometry":{"type":"Polygon","coordinates":[[[45.5949,39.7302],[45.5949,39.7302]]]}},{"type":"Feature","properties":{"name":null},"geometry":{"type":"Polygon","coordinates":[[[45.5949,39.7301],[45.5949,39.7301]]]}},{"type":"Feature","properties":{"name":null},"geometry":{"type":"Polygon","coordinates":[[[45.5949,39.7301],[45.5949,39.7301]]]}},{"type":"Feature","properties":{"name":null},"geometry":{"type":"Polygon","coordinates":[[[45.5951,39.7301],[45.5951,39.7301]]]}},{"type":"Feature","properties":{"name":null},"geometry":{"type":"Polygon","coordinates":[[[45.5951,39.7301],[45.5951,39.7301]]]}},{"type":"Feature","properties":{"name":null},"geometry":{"type":"Polygon","coordinates":[[[45.5951,39.7302],[45.5951,39.7302]]]}},{"type":"Feature","properties":{"name":null},"geometry":{"type":"Polygon","coordinates":[[[45.5951,39.7302],[45.5951,39.7302]]]}},{"type":"Feature","properties":{"name":null},"geometry":{"type":"Polygon","coordinates":[[[45.5951,39.7303],[45.5951,39.7303]]]}},{"type":"Feature","properties":{"name":null},"geometry":{"type":"Polygon","coordinates":[[[45.5951,39.7304],[45.5951,39.7304]]]}},{"type":"Feature","properties":{"name":null},"geometry":{"type":"Polygon","coordinates":[[[45.5951,39.7304],[45.5951,39.7304]]]}},{"type":"Feature","properties":{"name":null},"geometry":{"type":"Polygon","coordinates":[[[45.5951,39.7305],[45.5951,39.7305]]]}},{"type":"Feature","properties":{"name":null},"geometry":{"type":"Polygon","coordinates":[[[45.595,39.7305],[45.595,39.7305]]]}},{"type":"Feature","properties":{"name":null},"geometry":{"type":"Polygon","coordinates":[[[45.595,39.7306],[45.595,39.7306]]]}},{"type":"Feature","properties":{"name":null},"geometry":{"type":"Polygon","coordinates":[[[45.595,39.7311],[45.595,39.7311]]]}},{"type":"Feature","properties":{"name":null},"geometry":{"type":"Polygon","coordinates":[[[45.7485,39.7369],[45.7485,39.7369]]]}},{"type":"Feature","properties":{"name":null},"geometry":{"type":"Polygon","coordinates":[[[45.7842,39.6831],[45.7826,39.6829],[45.7842,39.6831]]]}},{"type":"Feature","properties":{"name":null},"geometry":{"type":"Polygon","coordinates":[[[45.7838,39.6835],[45.7838,39.6835]]]}},{"type":"Feature","properties":{"name":null},"geometry":{"type":"Polygon","coordinates":[[[45.7834,39.6839],[45.7834,39.6839]]]}},{"type":"Feature","properties":{"name":null},"geometry":{"type":"Polygon","coordinates":[[[45.7739,39.6681],[45.7739,39.6681]]]}},{"type":"Feature","properties":{"name":null},"geometry":{"type":"Polygon","coordinates":[[[45.852,39.6456],[45.852,39.6456]]]}},{"type":"Feature","properties":{"name":null},"geometry":{"type":"Polygon","coordinates":[[[44.8738,40.9522],[44.8738,40.9522]]]}},{"type":"Feature","properties":{"name":null},"geometry":{"type":"Polygon","coordinates":[[[44.3982,41.0017],[44.3982,41.0017]]]}},{"type":"Feature","properties":{"name":null},"geometry":{"type":"Polygon","coordinates":[[[44.3978,41.0009],[44.3978,41.0009]]]}},{"type":"Feature","properties":{"name":null},"geometry":{"type":"Polygon","coordinates":[[[44.4164,40.9642],[44.4164,40.9642]]]}},{"type":"Feature","properties":{"name":null},"geometry":{"type":"Polygon","coordinates":[[[44.4214,40.958],[44.4214,40.958]]]}},{"type":"Feature","properties":{"name":null},"geometry":{"type":"Polygon","coordinates":[[[46.2689,39.0014],[46.2689,39.0014]]]}},{"type":"Feature","properties":{"name":null},"geometry":{"type":"Polygon","coordinates":[[[46.1312,39.4945],[46.1312,39.4945]]]}},{"type":"Feature","properties":{"name":null},"geometry":{"type":"Polygon","coordinates":[[[46.1408,39.4874],[46.1408,39.4874]]]}},{"type":"Feature","properties":{"name":null},"geometry":{"type":"Polygon","coordinates":[[[44.4339,40.96],[44.4339,40.96]]]}},{"type":"Feature","properties":{"name":null},"geometry":{"type":"Polygon","coordinates":[[[44.4471,40.955],[44.4471,40.955]]]}},{"type":"Feature","properties":{"name":null},"geometry":{"type":"Polygon","coordinates":[[[44.4497,40.9578],[44.4497,40.9578]]]}},{"type":"Feature","properties":{"name":null},"geometry":{"type":"Polygon","coordinates":[[[45.0085,40.0714],[45.0085,40.0714]]]}},{"type":"Feature","properties":{"name":null},"geometry":{"type":"Polygon","coordinates":[[[44.5254,40.9469],[44.5254,40.9469]]]}},{"type":"Feature","properties":{"name":null},"geometry":{"type":"Polygon","coordinates":[[[44.5962,40.9564],[44.5962,40.9564]]]}},{"type":"Feature","properties":{"name":null},"geometry":{"type":"Polygon","coordinates":[[[44.5956,40.9564],[44.5956,40.9564]]]}},{"type":"Feature","properties":{"name":null},"geometry":{"type":"Polygon","coordinates":[[[44.5955,40.9565],[44.5955,40.9565]]]}},{"type":"Feature","properties":{"name":null},"geometry":{"type":"Polygon","coordinates":[[[45.0138,40.1419],[45.0138,40.1419]]]}},{"type":"Feature","properties":{"name":null},"geometry":{"type":"Polygon","coordinates":[[[45.6643,39.8378],[45.6643,39.8378]]]}},{"type":"Feature","properties":{"name":null},"geometry":{"type":"Polygon","coordinates":[[[46.0042,39.5467],[46.0042,39.5467]]]}},{"type":"Feature","properties":{"name":null},"geometry":{"type":"Polygon","coordinates":[[[46.0042,39.5467],[46.0042,39.5467]]]}},{"type":"Feature","properties":{"name":null},"geometry":{"type":"Polygon","coordinates":[[[46.004,39.5467],[46.004,39.5467]]]}},{"type":"Feature","properties":{"name":null},"geometry":{"type":"Polygon","coordinates":[[[46.0036,39.5467],[46.0036,39.5467]]]}},{"type":"Feature","properties":{"name":null},"geometry":{"type":"Polygon","coordinates":[[[46.0039,39.5467],[46.0039,39.5467]]]}},{"type":"Feature","properties":{"name":null},"geometry":{"type":"Polygon","coordinates":[[[46.0087,39.5404],[46.0087,39.5404]]]}},{"type":"Feature","properties":{"name":null},"geometry":{"type":"Polygon","coordinates":[[[46.0088,39.5405],[46.0088,39.5405]]]}},{"type":"Feature","properties":{"name":null},"geometry":{"type":"Polygon","coordinates":[[[46.0088,39.5405],[46.0088,39.5405]]]}},{"type":"Feature","properties":{"name":null},"geometry":{"type":"Polygon","coordinates":[[[44.919,40.424],[44.919,40.424]]]}},{"type":"Feature","properties":{"name":null},"geometry":{"type":"Polygon","coordinates":[[[45.93,39.571],[45.93,39.571]]]}},{"type":"Feature","properties":{"name":null},"geometry":{"type":"Polygon","coordinates":[[[45.93,39.5711],[45.93,39.5711]]]}},{"type":"Feature","properties":{"name":null},"geometry":{"type":"Polygon","coordinates":[[[45.9303,39.5707],[45.9303,39.5707]]]}},{"type":"Feature","properties":{"name":null},"geometry":{"type":"Polygon","coordinates":[[[45.9314,39.5655],[45.9314,39.5655]]]}},{"type":"Feature","properties":{"name":null},"geometry":{"type":"Polygon","coordinates":[[[45.9308,39.5656],[45.9308,39.5656]]]}},{"type":"Feature","properties":{"name":null},"geometry":{"type":"Polygon","coordinates":[[[45.9321,39.5652],[45.9321,39.5652]]]}},{"type":"Feature","properties":{"name":null},"geometry":{"type":"Polygon","coordinates":[[[45.9323,39.5652],[45.9323,39.5652]]]}},{"type":"Feature","properties":{"name":null},"geometry":{"type":"Polygon","coordinates":[[[45.2922,39.7335],[45.2922,39.7335]]]}},{"type":"Feature","properties":{"name":null},"geometry":{"type":"Polygon","coordinates":[[[45.2921,39.7339],[45.2921,39.7339]]]}},{"type":"Feature","properties":{"name":null},"geometry":{"type":"Polygon","coordinates":[[[45.295,39.7352],[45.295,39.7352]]]}},{"type":"Feature","properties":{"name":null},"geometry":{"type":"Polygon","coordinates":[[[45.2979,39.7345],[45.2979,39.7345]]]}},{"type":"Feature","properties":{"name":null},"geometry":{"type":"Polygon","coordinates":[[[45.2113,39.998],[45.2113,39.998]]]}},{"type":"Feature","properties":{"name":null},"geometry":{"type":"Polygon","coordinates":[[[45.3502,39.79],[45.3502,39.79]]]}},{"type":"Feature","properties":{"name":null},"geometry":{"type":"Polygon","coordinates":[[[44.9072,40.3613],[44.9053,40.3611],[44.9072,40.3613]]]}},{"type":"Feature","properties":{"name":null},"geometry":{"type":"Polygon","coordinates":[[[45.0474,40.0527],[45.0474,40.0527]]]}},{"type":"Feature","properties":{"name":null},"geometry":{"type":"Polygon","coordinates":[[[44.3851,41.02],[44.3851,41.02]]]}},{"type":"Feature","properties":{"name":null},"geometry":{"type":"Polygon","coordinates":[[[46.049,39.5039],[46.049,39.5039]]]}},{"type":"Feature","properties":{"name":null},"geometry":{"type":"Polygon","coordinates":[[[44.3707,40.1091],[44.3693,40.1063],[44.3707,40.1091]]]}},{"type":"Feature","properties":{"name":null},"geometry":{"type":"Polygon","coordinates":[[[44.371,40.1091],[44.3726,40.1058],[44.371,40.1091]]]}},{"type":"Feature","properties":{"name":null},"geometry":{"type":"Polygon","coordinates":[[[44.3708,40.1062],[44.3694,40.1049],[44.3708,40.1062]]]}},{"type":"Feature","properties":{"name":null},"geometry":{"type":"Polygon","coordinates":[[[44.4863,40.0715],[44.4863,40.0715]]]}},{"type":"Feature","properties":{"name":null},"geometry":{"type":"Polygon","coordinates":[[[44.5251,40.0937],[44.5271,40.0939],[44.5251,40.0937]]]}},{"type":"Feature","properties":{"name":null},"geometry":{"type":"Polygon","coordinates":[[[44.2937,41.0131],[44.2937,41.0131]]]}},{"type":"Feature","properties":{"name":null},"geometry":{"type":"Polygon","coordinates":[[[44.2934,41.0129],[44.2934,41.0129]]]}},{"type":"Feature","properties":{"name":null},"geometry":{"type":"Polygon","coordinates":[[[44.2936,41.0128],[44.2936,41.0128]]]}},{"type":"Feature","properties":{"name":null},"geometry":{"type":"Polygon","coordinates":[[[44.3958,40.0828],[44.3971,40.0846],[44.3958,40.0828]]]}},{"type":"Feature","properties":{"name":null},"geometry":{"type":"Polygon","coordinates":[[[44.5612,40.0504],[44.5612,40.0504]]]}},{"type":"Feature","properties":{"name":null},"geometry":{"type":"Polygon","coordinates":[[[44.3691,40.1028],[44.3691,40.1028]]]}},{"type":"Feature","properties":{"name":null},"geometry":{"type":"Polygon","coordinates":[[[44.369,40.1033],[44.369,40.1033]]]}},{"type":"Feature","properties":{"name":null},"geometry":{"type":"Polygon","coordinates":[[[44.3668,40.1105],[44.3654,40.1113],[44.3668,40.1105]]]}},{"type":"Feature","properties":{"name":null},"geometry":{"type":"Polygon","coordinates":[[[44.3623,40.1052],[44.3623,40.1052]]]}},{"type":"Feature","properties":{"name":null},"geometry":{"type":"Polygon","coordinates":[[[44.3526,40.0965],[44.3526,40.0965]]]}},{"type":"Feature","properties":{"name":null},"geometry":{"type":"Polygon","coordinates":[[[44.5938,40.229],[44.5938,40.229]]]}},{"type":"Feature","properties":{"name":null},"geometry":{"type":"Polygon","coordinates":[[[44.5614,40.2878],[44.5614,40.2878]]]}},{"type":"Feature","properties":{"name":null},"geometry":{"type":"Polygon","coordinates":[[[44.3981,40.0825],[44.3981,40.0825]]]}},{"type":"Feature","properties":{"name":null},"geometry":{"type":"Polygon","coordinates":[[[44.3979,40.0823],[44.3979,40.0823]]]}},{"type":"Feature","properties":{"name":null},"geometry":{"type":"Polygon","coordinates":[[[44.3987,40.0822],[44.3987,40.0822]]]}},{"type":"Feature","properties":{"name":null},"geometry":{"type":"Polygon","coordinates":[[[44.3589,40.0624],[44.3589,40.0624]]]}},{"type":"Feature","properties":{"name":null},"geometry":{"type":"Polygon","coordinates":[[[44.3567,40.0668],[44.3567,40.0668]]]}},{"type":"Feature","properties":{"name":null},"geometry":{"type":"Polygon","coordinates":[[[44.3637,40.0666],[44.3637,40.0666]]]}},{"type":"Feature","properties":{"name":null},"geometry":{"type":"Polygon","coordinates":[[[44.3638,40.0666],[44.3638,40.0666]]]}},{"type":"Feature","properties":{"name":null},"geometry":{"type":"Polygon","coordinates":[[[44.3644,40.0665],[44.3644,40.0665]]]}},{"type":"Feature","properties":{"name":null},"geometry":{"type":"Polygon","coordinates":[[[44.3594,40.098],[44.3594,40.098]]]}},{"type":"Feature","properties":{"name":null},"geometry":{"type":"Polygon","coordinates":[[[44.358,40.0978],[44.358,40.0978]]]}},{"type":"Feature","properties":{"name":null},"geometry":{"type":"Polygon","coordinates":[[[44.3394,40.0904],[44.3394,40.0904]]]}},{"type":"Feature","properties":{"name":null},"geometry":{"type":"Polygon","coordinates":[[[44.3641,40.0677],[44.3641,40.0677]]]}},{"type":"Feature","properties":{"name":null},"geometry":{"type":"Polygon","coordinates":[[[44.4616,40.0412],[44.46,40.0416],[44.4616,40.0412]]]}},{"type":"Feature","properties":{"name":null},"geometry":{"type":"Polygon","coordinates":[[[44.4073,40.036],[44.4079,40.0386],[44.4073,40.036]]]}},{"type":"Feature","properties":{"name":null},"geometry":{"type":"Polygon","coordinates":[[[44.3848,40.0525],[44.3848,40.0525]]]}},{"type":"Feature","properties":{"name":null},"geometry":{"type":"Polygon","coordinates":[[[44.3851,40.0529],[44.3851,40.0529]]]}},{"type":"Feature","properties":{"name":null},"geometry":{"type":"Polygon","coordinates":[[[44.3775,40.0549],[44.3775,40.0549]]]}},{"type":"Feature","properties":{"name":null},"geometry":{"type":"Polygon","coordinates":[[[44.3933,40.0565],[44.3933,40.0565]]]}},{"type":"Feature","properties":{"name":null},"geometry":{"type":"Polygon","coordinates":[[[44.3445,40.0675],[44.343,40.068],[44.3445,40.0675]]]}},{"type":"Feature","properties":{"name":null},"geometry":{"type":"Polygon","coordinates":[[[44.3517,40.0928],[44.3517,40.0928]]]}},{"type":"Feature","properties":{"name":null},"geometry":{"type":"Polygon","coordinates":[[[44.3518,40.0926],[44.3518,40.0926]]]}},{"type":"Feature","properties":{"name":null},"geometry":{"type":"Polygon","coordinates":[[[44.3526,40.093],[44.3526,40.093]]]}},{"type":"Feature","properties":{"name":null},"geometry":{"type":"Polygon","coordinates":[[[44.3527,40.0929],[44.3527,40.0929]]]}},{"type":"Feature","properties":{"name":null},"geometry":{"type":"Polygon","coordinates":[[[44.3533,40.0933],[44.3533,40.0933]]]}},{"type":"Feature","properties":{"name":null},"geometry":{"type":"Polygon","coordinates":[[[44.3405,40.0914],[44.3405,40.0914]]]}},{"type":"Feature","properties":{"name":null},"geometry":{"type":"Polygon","coordinates":[[[44.3972,40.0865],[44.3972,40.0865]]]}},{"type":"Feature","properties":{"name":null},"geometry":{"type":"Polygon","coordinates":[[[44.4177,40.0437],[44.4163,40.0445],[44.42,40.0437],[44.4177,40.0437]]]}},{"type":"Feature","properties":{"name":null},"geometry":{"type":"Polygon","coordinates":[[[44.5049,40.9692],[44.5049,40.9692]]]}},{"type":"Feature","properties":{"name":null},"geometry":{"type":"Polygon","coordinates":[[[44.505,40.9692],[44.505,40.9692]]]}},{"type":"Feature","properties":{"name":null},"geometry":{"type":"Polygon","coordinates":[[[44.506,40.9693],[44.506,40.9693]]]}},{"type":"Feature","properties":{"name":null},"geometry":{"type":"Polygon","coordinates":[[[44.5066,40.9691],[44.5066,40.9691]]]}},{"type":"Feature","properties":{"name":null},"geometry":{"type":"Polygon","coordinates":[[[44.3656,40.0837],[44.3656,40.0837]]]}},{"type":"Feature","properties":{"name":null},"geometry":{"type":"Polygon","coordinates":[[[44.357,40.0885],[44.355,40.089],[44.357,40.0885]]]}},{"type":"Feature","properties":{"name":null},"geometry":{"type":"Polygon","coordinates":[[[44.4742,40.0773],[44.4742,40.0773]]]}},{"type":"Feature","properties":{"name":null},"geometry":{"type":"Polygon","coordinates":[[[44.4362,40.0246],[44.4362,40.0246]]]}},{"type":"Feature","properties":{"name":null},"geometry":{"type":"Polygon","coordinates":[[[44.3594,40.0314],[44.3608,40.0324],[44.3585,40.0349],[44.3594,40.0314]]]}},{"type":"Feature","properties":{"name":null},"geometry":{"type":"Polygon","coordinates":[[[44.3637,40.0675],[44.3637,40.0675]]]}},{"type":"Feature","properties":{"name":null},"geometry":{"type":"Polygon","coordinates":[[[44.3286,40.0923],[44.3286,40.0923]]]}},{"type":"Feature","properties":{"name":null},"geometry":{"type":"Polygon","coordinates":[[[44.3466,40.0937],[44.3466,40.0937]]]}},{"type":"Feature","properties":{"name":null},"geometry":{"type":"Polygon","coordinates":[[[44.3474,40.0999],[44.3474,40.0999]]]}},{"type":"Feature","properties":{"name":null},"geometry":{"type":"Polygon","coordinates":[[[44.4027,40.5763],[44.4008,40.5776],[44.4027,40.5763]]]}},{"type":"Feature","properties":{"name":null},"geometry":{"type":"Polygon","coordinates":[[[44.4024,40.5757],[44.4044,40.5745],[44.4024,40.5757]]]}},{"type":"Feature","properties":{"name":null},"geometry":{"type":"Polygon","coordinates":[[[44.4054,40.5274],[44.4054,40.5274]]]}},{"type":"Feature","properties":{"name":null},"geometry":{"type":"Polygon","coordinates":[[[44.3549,40.089],[44.3549,40.089]]]}},{"type":"Feature","properties":{"name":null},"geometry":{"type":"Polygon","coordinates":[[[44.3474,40.1019],[44.3474,40.1019]]]}},{"type":"Feature","properties":{"name":null},"geometry":{"type":"Polygon","coordinates":[[[44.5258,40.2888],[44.5258,40.2888]]]}},{"type":"Feature","properties":{"name":null},"geometry":{"type":"Polygon","coordinates":[[[44.5258,40.2889],[44.5258,40.2889]]]}},{"type":"Feature","properties":{"name":null},"geometry":{"type":"Polygon","coordinates":[[[44.5669,40.2869],[44.5669,40.2869]]]}},{"type":"Feature","properties":{"name":null},"geometry":{"type":"Polygon","coordinates":[[[44.1419,40.1859],[44.1419,40.1859]]]}},{"type":"Feature","properties":{"name":null},"geometry":{"type":"Polygon","coordinates":[[[44.1423,40.1859],[44.1423,40.1859]]]}},{"type":"Feature","properties":{"name":null},"geometry":{"type":"Polygon","coordinates":[[[44.1429,40.1858],[44.1429,40.1858]]]}},{"type":"Feature","properties":{"name":null},"geometry":{"type":"Polygon","coordinates":[[[44.1526,40.1862],[44.15,40.1816],[44.147,40.1819],[44.1499,40.1817],[44.1526,40.1862]]]}},{"type":"Feature","properties":{"name":null},"geometry":{"type":"Polygon","coordinates":[[[44.1525,40.1807],[44.1525,40.1807]]]}},{"type":"Feature","properties":{"name":null},"geometry":{"type":"Polygon","coordinates":[[[44.1525,40.1805],[44.1525,40.1805]]]}},{"type":"Feature","properties":{"name":null},"geometry":{"type":"Polygon","coordinates":[[[44.1527,40.1816],[44.1527,40.1816]]]}},{"type":"Feature","properties":{"name":null},"geometry":{"type":"Polygon","coordinates":[[[44.3634,40.1153],[44.3634,40.1153]]]}},{"type":"Feature","properties":{"name":null},"geometry":{"type":"Polygon","coordinates":[[[44.3636,40.1153],[44.3636,40.1153]]]}},{"type":"Feature","properties":{"name":null},"geometry":{"type":"Polygon","coordinates":[[[44.3663,40.0754],[44.3647,40.0767],[44.3663,40.0754]]]}},{"type":"Feature","properties":{"name":null},"geometry":{"type":"Polygon","coordinates":[[[44.3665,40.0753],[44.3665,40.0753]]]}},{"type":"Feature","properties":{"name":null},"geometry":{"type":"Polygon","coordinates":[[[44.3674,40.0745],[44.3684,40.0733],[44.3674,40.0745]]]}},{"type":"Feature","properties":{"name":null},"geometry":{"type":"Polygon","coordinates":[[[44.3505,40.1704],[44.3505,40.1704]]]}},{"type":"Feature","properties":{"name":null},"geometry":{"type":"Polygon","coordinates":[[[44.5002,40.2656],[44.5002,40.2656]]]}},{"type":"Feature","properties":{"name":null},"geometry":{"type":"Polygon","coordinates":[[[44.488,40.275],[44.488,40.275]]]}},{"type":"Feature","properties":{"name":null},"geometry":{"type":"Polygon","coordinates":[[[44.5737,40.0909],[44.5737,40.0909]]]}},{"type":"Feature","properties":{"name":null},"geometry":{"type":"Polygon","coordinates":[[[44.5734,40.0898],[44.5734,40.0898]]]}},{"type":"Feature","properties":{"name":null},"geometry":{"type":"Polygon","coordinates":[[[44.5739,40.0901],[44.5739,40.0901]]]}},{"type":"Feature","properties":{"name":null},"geometry":{"type":"Polygon","coordinates":[[[44.5762,40.0881],[44.5762,40.0881]]]}},{"type":"Feature","properties":{"name":null},"geometry":{"type":"Polygon","coordinates":[[[44.8353,40.5242],[44.8353,40.5242]]]}},{"type":"Feature","properties":{"name":null},"geometry":{"type":"Polygon","coordinates":[[[44.9521,40.6191],[44.9521,40.6191]]]}},{"type":"Feature","properties":{"name":null},"geometry":{"type":"Polygon","coordinates":[[[43.78,40.7091],[43.78,40.7091]]]}},{"type":"Feature","properties":{"name":null},"geometry":{"type":"Polygon","coordinates":[[[44.3485,40.0988],[44.3485,40.0988]]]}},{"type":"Feature","properties":{"name":null},"geometry":{"type":"Polygon","coordinates":[[[44.3482,40.0992],[44.3482,40.0992]]]}},{"type":"Feature","properties":{"name":null},"geometry":{"type":"Polygon","coordinates":[[[44.3588,40.1055],[44.3588,40.1055]]]}},{"type":"Feature","properties":{"name":null},"geometry":{"type":"Polygon","coordinates":[[[44.3582,40.1054],[44.3582,40.1054]]]}},{"type":"Feature","properties":{"name":null},"geometry":{"type":"Polygon","coordinates":[[[44.3586,40.1056],[44.3586,40.1056]]]}},{"type":"Feature","properties":{"name":null},"geometry":{"type":"Polygon","coordinates":[[[44.6067,40.2089],[44.6067,40.2089]]]}},{"type":"Feature","properties":{"name":null},"geometry":{"type":"Polygon","coordinates":[[[44.6046,40.2145],[44.6064,40.2146],[44.6046,40.2145]]]}},{"type":"Feature","properties":{"name":null},"geometry":{"type":"Polygon","coordinates":[[[44.411,40.0557],[44.4118,40.057],[44.411,40.0557]]]}},{"type":"Feature","properties":{"name":null},"geometry":{"type":"Polygon","coordinates":[[[44.3538,40.0888],[44.3538,40.0888]]]}},{"type":"Feature","properties":{"name":null},"geometry":{"type":"Polygon","coordinates":[[[44.3539,40.0895],[44.3539,40.0895]]]}},{"type":"Feature","properties":{"name":null},"geometry":{"type":"Polygon","coordinates":[[[44.3538,40.0895],[44.3538,40.0895]]]}},{"type":"Feature","properties":{"name":null},"geometry":{"type":"Polygon","coordinates":[[[44.3533,40.0901],[44.3533,40.0901]]]}},{"type":"Feature","properties":{"name":null},"geometry":{"type":"Polygon","coordinates":[[[44.354,40.0896],[44.3521,40.0901],[44.354,40.0896]]]}},{"type":"Feature","properties":{"name":null},"geometry":{"type":"Polygon","coordinates":[[[44.3518,40.0905],[44.3518,40.0905]]]}},{"type":"Feature","properties":{"name":null},"geometry":{"type":"Polygon","coordinates":[[[44.3384,40.078],[44.3384,40.078]]]}},{"type":"Feature","properties":{"name":null},"geometry":{"type":"Polygon","coordinates":[[[44.3391,40.0779],[44.3391,40.0779]]]}},{"type":"Feature","properties":{"name":null},"geometry":{"type":"Polygon","coordinates":[[[44.4138,40.0288],[44.4144,40.0304],[44.4138,40.0288]]]}},{"type":"Feature","properties":{"name":null},"geometry":{"type":"Polygon","coordinates":[[[44.4145,40.0304],[44.4161,40.0302],[44.4145,40.0304]]]}},{"type":"Feature","properties":{"name":null},"geometry":{"type":"Polygon","coordinates":[[[43.8431,40.8604],[43.8431,40.8604]]]}},{"type":"Feature","properties":{"name":null},"geometry":{"type":"Polygon","coordinates":[[[44.3842,40.0981],[44.3842,40.0981]]]}},{"type":"Feature","properties":{"name":null},"geometry":{"type":"Polygon","coordinates":[[[44.355,40.081],[44.355,40.081]]]}},{"type":"Feature","properties":{"name":null},"geometry":{"type":"Polygon","coordinates":[[[44.3543,40.0809],[44.3543,40.0809]]]}},{"type":"Feature","properties":{"name":null},"geometry":{"type":"Polygon","coordinates":[[[44.3642,40.1088],[44.3642,40.1088]]]}},{"type":"Feature","properties":{"name":null},"geometry":{"type":"Polygon","coordinates":[[[44.3973,40.0846],[44.3973,40.0846]]]}},{"type":"Feature","properties":{"name":null},"geometry":{"type":"Polygon","coordinates":[[[44.3977,40.0874],[44.3977,40.0874]]]}},{"type":"Feature","properties":{"name":null},"geometry":{"type":"Polygon","coordinates":[[[44.3969,40.0867],[44.3969,40.0867]]]}},{"type":"Feature","properties":{"name":null},"geometry":{"type":"Polygon","coordinates":[[[44.5109,40.9698],[44.5109,40.9698]]]}},{"type":"Feature","properties":{"name":null},"geometry":{"type":"Polygon","coordinates":[[[44.512,40.9701],[44.514,40.9699],[44.512,40.9701]]]}},{"type":"Feature","properties":{"name":null},"geometry":{"type":"Polygon","coordinates":[[[44.5068,40.9685],[44.5068,40.9685]]]}},{"type":"Feature","properties":{"name":null},"geometry":{"type":"Polygon","coordinates":[[[44.5059,40.9686],[44.5059,40.9686]]]}},{"type":"Feature","properties":{"name":null},"geometry":{"type":"Polygon","coordinates":[[[44.5039,40.969],[44.5039,40.969]]]}},{"type":"Feature","properties":{"name":null},"geometry":{"type":"Polygon","coordinates":[[[44.515,40.9569],[44.515,40.9569]]]}},{"type":"Feature","properties":{"name":null},"geometry":{"type":"Polygon","coordinates":[[[44.5054,40.9686],[44.5054,40.9686]]]}},{"type":"Feature","properties":{"name":null},"geometry":{"type":"Polygon","coordinates":[[[44.3595,40.0933],[44.3595,40.0933]]]}},{"type":"Feature","properties":{"name":null},"geometry":{"type":"Polygon","coordinates":[[[44.359,40.0934],[44.3579,40.0944],[44.359,40.0934]]]}},{"type":"Feature","properties":{"name":null},"geometry":{"type":"Polygon","coordinates":[[[44.3876,40.0718],[44.3876,40.0718]]]}},{"type":"Feature","properties":{"name":null},"geometry":{"type":"Polygon","coordinates":[[[44.3884,40.0729],[44.3884,40.0729]]]}},{"type":"Feature","properties":{"name":null},"geometry":{"type":"Polygon","coordinates":[[[44.3881,40.0745],[44.3881,40.0745]]]}},{"type":"Feature","properties":{"name":null},"geometry":{"type":"Polygon","coordinates":[[[44.3882,40.0751],[44.3882,40.0751]]]}},{"type":"Feature","properties":{"name":null},"geometry":{"type":"Polygon","coordinates":[[[44.389,40.0749],[44.389,40.0749]]]}},{"type":"Feature","properties":{"name":null},"geometry":{"type":"Polygon","coordinates":[[[44.4432,40.1114],[44.4452,40.1129],[44.4432,40.1114]]]}},{"type":"Feature","properties":{"name":null},"geometry":{"type":"Polygon","coordinates":[[[44.3474,40.1008],[44.3474,40.1008]]]}},{"type":"Feature","properties":{"name":null},"geometry":{"type":"Polygon","coordinates":[[[44.3474,40.1009],[44.3474,40.1009]]]}},{"type":"Feature","properties":{"name":null},"geometry":{"type":"Polygon","coordinates":[[[44.3505,40.1012],[44.3491,40.1021],[44.3505,40.1012]]]}},{"type":"Feature","properties":{"name":null},"geometry":{"type":"Polygon","coordinates":[[[44.3498,40.1009],[44.3498,40.1009]]]}},{"type":"Feature","properties":{"name":null},"geometry":{"type":"Polygon","coordinates":[[[44.3484,40.1016],[44.3484,40.1016]]]}},{"type":"Feature","properties":{"name":null},"geometry":{"type":"Polygon","coordinates":[[[44.3863,40.2706],[44.3863,40.2706]]]}},{"type":"Feature","properties":{"name":null},"geometry":{"type":"Polygon","coordinates":[[[44.4927,40.0677],[44.4927,40.0677]]]}},{"type":"Feature","properties":{"name":null},"geometry":{"type":"Polygon","coordinates":[[[44.4643,40.0546],[44.4643,40.0546]]]}},{"type":"Feature","properties":{"name":null},"geometry":{"type":"Polygon","coordinates":[[[44.4805,40.0432],[44.4805,40.0432]]]}},{"type":"Feature","properties":{"name":null},"geometry":{"type":"Polygon","coordinates":[[[44.4807,40.0433],[44.4807,40.0433]]]}},{"type":"Feature","properties":{"name":null},"geometry":{"type":"Polygon","coordinates":[[[44.4668,40.0246],[44.4668,40.0246]]]}},{"type":"Feature","properties":{"name":null},"geometry":{"type":"Polygon","coordinates":[[[44.4134,40.1394],[44.4134,40.1394]]]}},{"type":"Feature","properties":{"name":null},"geometry":{"type":"Polygon","coordinates":[[[44.4137,40.1392],[44.4137,40.1392]]]}},{"type":"Feature","properties":{"name":null},"geometry":{"type":"Polygon","coordinates":[[[44.7449,39.9459],[44.7449,39.9459]]]}},{"type":"Feature","properties":{"name":null},"geometry":{"type":"Polygon","coordinates":[[[44.3462,40.1013],[44.3462,40.1013]]]}},{"type":"Feature","properties":{"name":null},"geometry":{"type":"Polygon","coordinates":[[[44.3507,40.0992],[44.3507,40.0992]]]}},{"type":"Feature","properties":{"name":null},"geometry":{"type":"Polygon","coordinates":[[[44.3506,40.0993],[44.3506,40.0993]]]}},{"type":"Feature","properties":{"name":null},"geometry":{"type":"Polygon","coordinates":[[[44.3505,40.0994],[44.3505,40.0994]]]}},{"type":"Feature","properties":{"name":null},"geometry":{"type":"Polygon","coordinates":[[[44.3504,40.0995],[44.3504,40.0995]]]}},{"type":"Feature","properties":{"name":null},"geometry":{"type":"Polygon","coordinates":[[[44.3503,40.0996],[44.3503,40.0996]]]}},{"type":"Feature","properties":{"name":null},"geometry":{"type":"Polygon","coordinates":[[[44.3502,40.0997],[44.3502,40.0997]]]}},{"type":"Feature","properties":{"name":null},"geometry":{"type":"Polygon","coordinates":[[[44.3501,40.0998],[44.3501,40.0998]]]}},{"type":"Feature","properties":{"name":null},"geometry":{"type":"Polygon","coordinates":[[[44.35,40.0999],[44.35,40.0999]]]}},{"type":"Feature","properties":{"name":null},"geometry":{"type":"Polygon","coordinates":[[[44.3499,40.1],[44.3499,40.1]]]}},{"type":"Feature","properties":{"name":null},"geometry":{"type":"Polygon","coordinates":[[[44.3498,40.1001],[44.3498,40.1001]]]}},{"type":"Feature","properties":{"name":null},"geometry":{"type":"Polygon","coordinates":[[[46.2039,39.2214],[46.21,39.2226],[46.2268,39.2193],[46.2254,39.2172],[46.2039,39.2214]]]}},{"type":"Feature","properties":{"name":null},"geometry":{"type":"Polygon","coordinates":[[[44.4604,40.0407],[44.4619,40.0404],[44.4604,40.0407]]]}},{"type":"Feature","properties":{"name":null},"geometry":{"type":"Polygon","coordinates":[[[44.4602,40.0443],[44.4577,40.0436],[44.4602,40.0443]]]}},{"type":"Feature","properties":{"name":null},"geometry":{"type":"Polygon","coordinates":[[[44.4585,40.0433],[44.4602,40.0442],[44.4585,40.0433]]]}},{"type":"Feature","properties":{"name":null},"geometry":{"type":"Polygon","coordinates":[[[44.458,40.0418],[44.4567,40.0432],[44.458,40.0418]]]}},{"type":"Feature","properties":{"name":null},"geometry":{"type":"Polygon","coordinates":[[[44.3981,40.0885],[44.3981,40.0885]]]}},{"type":"Feature","properties":{"name":null},"geometry":{"type":"Polygon","coordinates":[[[44.3984,40.0882],[44.3984,40.0882]]]}},{"type":"Feature","properties":{"name":null},"geometry":{"type":"Polygon","coordinates":[[[44.3972,40.0825],[44.3972,40.0825]]]}},{"type":"Feature","properties":{"name":null},"geometry":{"type":"Polygon","coordinates":[[[44.398,40.0831],[44.398,40.0831]]]}},{"type":"Feature","properties":{"name":null},"geometry":{"type":"Polygon","coordinates":[[[44.3978,40.0835],[44.3978,40.0835]]]}},{"type":"Feature","properties":{"name":null},"geometry":{"type":"Polygon","coordinates":[[[44.3973,40.0828],[44.3973,40.0828]]]}},{"type":"Feature","properties":{"name":null},"geometry":{"type":"Polygon","coordinates":[[[44.3975,40.0832],[44.3975,40.0832]]]}},{"type":"Feature","properties":{"name":null},"geometry":{"type":"Polygon","coordinates":[[[44.3966,40.0817],[44.3966,40.0817]]]}},{"type":"Feature","properties":{"name":null},"geometry":{"type":"Polygon","coordinates":[[[44.3967,40.0817],[44.3967,40.0817]]]}},{"type":"Feature","properties":{"name":null},"geometry":{"type":"Polygon","coordinates":[[[44.3938,40.0784],[44.3938,40.0784]]]}},{"type":"Feature","properties":{"name":null},"geometry":{"type":"Polygon","coordinates":[[[44.4172,40.0402],[44.4149,40.0407],[44.4172,40.0402]]]}},{"type":"Feature","properties":{"name":null},"geometry":{"type":"Polygon","coordinates":[[[44.4166,40.0398],[44.4145,40.0395],[44.4166,40.0398]]]}},{"type":"Feature","properties":{"name":null},"geometry":{"type":"Polygon","coordinates":[[[44.4111,40.0479],[44.4111,40.0479]]]}},{"type":"Feature","properties":{"name":null},"geometry":{"type":"Polygon","coordinates":[[[44.411,40.0478],[44.411,40.0478]]]}},{"type":"Feature","properties":{"name":null},"geometry":{"type":"Polygon","coordinates":[[[44.4109,40.0476],[44.4109,40.0476]]]}},{"type":"Feature","properties":{"name":null},"geometry":{"type":"Polygon","coordinates":[[[44.4108,40.0474],[44.4108,40.0474]]]}},{"type":"Feature","properties":{"name":null},"geometry":{"type":"Polygon","coordinates":[[[44.4107,40.0473],[44.4107,40.0473]]]}},{"type":"Feature","properties":{"name":null},"geometry":{"type":"Polygon","coordinates":[[[44.4106,40.0471],[44.4106,40.0471]]]}},{"type":"Feature","properties":{"name":null},"geometry":{"type":"Polygon","coordinates":[[[44.4105,40.0469],[44.4105,40.0469]]]}},{"type":"Feature","properties":{"name":null},"geometry":{"type":"Polygon","coordinates":[[[44.4104,40.0468],[44.4104,40.0468]]]}},{"type":"Feature","properties":{"name":null},"geometry":{"type":"Polygon","coordinates":[[[44.4103,40.0466],[44.4103,40.0466]]]}},{"type":"Feature","properties":{"name":null},"geometry":{"type":"Polygon","coordinates":[[[44.4098,40.0458],[44.4098,40.0458]]]}},{"type":"Feature","properties":{"name":null},"geometry":{"type":"Polygon","coordinates":[[[44.4099,40.046],[44.4099,40.046]]]}},{"type":"Feature","properties":{"name":null},"geometry":{"type":"Polygon","coordinates":[[[44.41,40.0461],[44.41,40.0461]]]}},{"type":"Feature","properties":{"name":null},"geometry":{"type":"Polygon","coordinates":[[[44.4101,40.0463],[44.4101,40.0463]]]}},{"type":"Feature","properties":{"name":null},"geometry":{"type":"Polygon","coordinates":[[[44.4102,40.0465],[44.4102,40.0465]]]}},{"type":"Feature","properties":{"name":null},"geometry":{"type":"Polygon","coordinates":[[[44.4097,40.0456],[44.4097,40.0456]]]}},{"type":"Feature","properties":{"name":null},"geometry":{"type":"Polygon","coordinates":[[[44.4096,40.0454],[44.4096,40.0454]]]}},{"type":"Feature","properties":{"name":null},"geometry":{"type":"Polygon","coordinates":[[[44.4107,40.0481],[44.4107,40.0481]]]}},{"type":"Feature","properties":{"name":null},"geometry":{"type":"Polygon","coordinates":[[[44.4106,40.048],[44.4106,40.048]]]}},{"type":"Feature","properties":{"name":null},"geometry":{"type":"Polygon","coordinates":[[[44.4105,40.0478],[44.4105,40.0478]]]}},{"type":"Feature","properties":{"name":null},"geometry":{"type":"Polygon","coordinates":[[[44.4104,40.0476],[44.4104,40.0476]]]}},{"type":"Feature","properties":{"name":null},"geometry":{"type":"Polygon","coordinates":[[[44.4103,40.0475],[44.4103,40.0475]]]}},{"type":"Feature","properties":{"name":null},"geometry":{"type":"Polygon","coordinates":[[[44.4102,40.0473],[44.4102,40.0473]]]}},{"type":"Feature","properties":{"name":null},"geometry":{"type":"Polygon","coordinates":[[[44.4101,40.0471],[44.4101,40.0471]]]}},{"type":"Feature","properties":{"name":null},"geometry":{"type":"Polygon","coordinates":[[[44.41,40.047],[44.41,40.047]]]}},{"type":"Feature","properties":{"name":null},"geometry":{"type":"Polygon","coordinates":[[[44.4099,40.0468],[44.4099,40.0468]]]}},{"type":"Feature","properties":{"name":null},"geometry":{"type":"Polygon","coordinates":[[[44.4097,40.0466],[44.4097,40.0466]]]}},{"type":"Feature","properties":{"name":null},"geometry":{"type":"Polygon","coordinates":[[[44.4096,40.0465],[44.4096,40.0465]]]}},{"type":"Feature","properties":{"name":null},"geometry":{"type":"Polygon","coordinates":[[[44.4095,40.0463],[44.4095,40.0463]]]}},{"type":"Feature","properties":{"name":null},"geometry":{"type":"Polygon","coordinates":[[[44.4094,40.0461],[44.4094,40.0461]]]}},{"type":"Feature","properties":{"name":null},"geometry":{"type":"Polygon","coordinates":[[[44.4093,40.046],[44.4093,40.046]]]}},{"type":"Feature","properties":{"name":null},"geometry":{"type":"Polygon","coordinates":[[[44.4092,40.0458],[44.4092,40.0458]]]}},{"type":"Feature","properties":{"name":null},"geometry":{"type":"Polygon","coordinates":[[[44.4091,40.0456],[44.4091,40.0456]]]}},{"type":"Feature","properties":{"name":null},"geometry":{"type":"Polygon","coordinates":[[[44.4742,40.0777],[44.4742,40.0777]]]}},{"type":"Feature","properties":{"name":null},"geometry":{"type":"Polygon","coordinates":[[[44.5795,40.4075],[44.5795,40.4075]]]}},{"type":"Feature","properties":{"name":null},"geometry":{"type":"Polygon","coordinates":[[[44.7638,40.5375],[44.7677,40.538],[44.7638,40.5375]]]}},{"type":"Feature","properties":{"name":null},"geometry":{"type":"Polygon","coordinates":[[[44.5943,40.4223],[44.5943,40.4223]]]}},{"type":"Feature","properties":{"name":null},"geometry":{"type":"Polygon","coordinates":[[[44.7374,40.4905],[44.7374,40.4905]]]}},{"type":"Feature","properties":{"name":null},"geometry":{"type":"Polygon","coordinates":[[[44.3297,40.2594],[44.3297,40.2594]]]}},{"type":"Feature","properties":{"name":null},"geometry":{"type":"Polygon","coordinates":[[[44.3294,40.2596],[44.3294,40.2596]]]}},{"type":"Feature","properties":{"name":null},"geometry":{"type":"Polygon","coordinates":[[[44.3616,40.2316],[44.3616,40.2316]]]}},{"type":"Feature","properties":{"name":null},"geometry":{"type":"Polygon","coordinates":[[[44.3618,40.0413],[44.3618,40.0413]]]}},{"type":"Feature","properties":{"name":null},"geometry":{"type":"Polygon","coordinates":[[[44.3609,40.0414],[44.3609,40.0414]]]}},{"type":"Feature","properties":{"name":null},"geometry":{"type":"Polygon","coordinates":[[[44.3608,40.0411],[44.3608,40.0411]]]}},{"type":"Feature","properties":{"name":null},"geometry":{"type":"Polygon","coordinates":[[[44.3612,40.0317],[44.3627,40.0319],[44.3612,40.0317]]]}},{"type":"Feature","properties":{"name":null},"geometry":{"type":"Polygon","coordinates":[[[44.3626,40.0322],[44.3626,40.0322]]]}},{"type":"Feature","properties":{"name":null},"geometry":{"type":"Polygon","coordinates":[[[44.3799,40.062],[44.3799,40.062]]]}},{"type":"Feature","properties":{"name":null},"geometry":{"type":"Polygon","coordinates":[[[44.3799,40.0626],[44.3799,40.0626]]]}},{"type":"Feature","properties":{"name":null},"geometry":{"type":"Polygon","coordinates":[[[44.3801,40.0629],[44.3801,40.0629]]]}},{"type":"Feature","properties":{"name":null},"geometry":{"type":"Polygon","coordinates":[[[44.381,40.0631],[44.381,40.0631]]]}},{"type":"Feature","properties":{"name":null},"geometry":{"type":"Polygon","coordinates":[[[44.3941,40.0791],[44.3941,40.0791]]]}},{"type":"Feature","properties":{"name":null},"geometry":{"type":"Polygon","coordinates":[[[44.3938,40.0779],[44.3938,40.0779]]]}},{"type":"Feature","properties":{"name":null},"geometry":{"type":"Polygon","coordinates":[[[44.3466,40.095],[44.3466,40.095]]]}},{"type":"Feature","properties":{"name":null},"geometry":{"type":"Polygon","coordinates":[[[44.3466,40.095],[44.3466,40.095]]]}},{"type":"Feature","properties":{"name":null},"geometry":{"type":"Polygon","coordinates":[[[44.3457,40.0948],[44.3457,40.0948]]]}},{"type":"Feature","properties":{"name":null},"geometry":{"type":"Polygon","coordinates":[[[44.345,40.0943],[44.345,40.0943]]]}},{"type":"Feature","properties":{"name":null},"geometry":{"type":"Polygon","coordinates":[[[44.3457,40.0944],[44.3457,40.0944]]]}},{"type":"Feature","properties":{"name":null},"geometry":{"type":"Polygon","coordinates":[[[44.5748,40.1307],[44.5748,40.1307]]]}},{"type":"Feature","properties":{"name":null},"geometry":{"type":"Polygon","coordinates":[[[44.6671,40.2635],[44.6671,40.2635]]]}},{"type":"Feature","properties":{"name":null},"geometry":{"type":"Polygon","coordinates":[[[44.6668,40.2634],[44.6668,40.2634]]]}},{"type":"Feature","properties":{"name":null},"geometry":{"type":"Polygon","coordinates":[[[44.711,40.3065],[44.711,40.3065]]]}},{"type":"Feature","properties":{"name":null},"geometry":{"type":"Polygon","coordinates":[[[44.3435,40.1045],[44.3435,40.1045]]]}},{"type":"Feature","properties":{"name":null},"geometry":{"type":"Polygon","coordinates":[[[44.3433,40.1044],[44.3433,40.1044]]]}},{"type":"Feature","properties":{"name":null},"geometry":{"type":"Polygon","coordinates":[[[44.3429,40.1064],[44.3429,40.1064]]]}},{"type":"Feature","properties":{"name":null},"geometry":{"type":"Polygon","coordinates":[[[44.3656,40.1114],[44.3656,40.1114]]]}},{"type":"Feature","properties":{"name":null},"geometry":{"type":"Polygon","coordinates":[[[44.3657,40.1114],[44.3662,40.1135],[44.3657,40.1114]]]}},{"type":"Feature","properties":{"name":null},"geometry":{"type":"Polygon","coordinates":[[[44.3599,40.1051],[44.3599,40.1051]]]}},{"type":"Feature","properties":{"name":null},"geometry":{"type":"Polygon","coordinates":[[[44.36,40.1051],[44.36,40.1051]]]}},{"type":"Feature","properties":{"name":null},"geometry":{"type":"Polygon","coordinates":[[[44.3605,40.1055],[44.3605,40.1055]]]}},{"type":"Feature","properties":{"name":null},"geometry":{"type":"Polygon","coordinates":[[[44.3536,40.0902],[44.3556,40.0899],[44.3536,40.0902]]]}},{"type":"Feature","properties":{"name":null},"geometry":{"type":"Polygon","coordinates":[[[44.3523,40.0951],[44.354,40.0949],[44.3523,40.0951]]]}},{"type":"Feature","properties":{"name":null},"geometry":{"type":"Polygon","coordinates":[[[44.3533,40.0942],[44.3533,40.0942]]]}},{"type":"Feature","properties":{"name":null},"geometry":{"type":"Polygon","coordinates":[[[44.3532,40.0943],[44.3532,40.0943]]]}},{"type":"Feature","properties":{"name":null},"geometry":{"type":"Polygon","coordinates":[[[44.3479,40.0933],[44.3479,40.0933]]]}},{"type":"Feature","properties":{"name":null},"geometry":{"type":"Polygon","coordinates":[[[44.3485,40.0923],[44.3485,40.0923]]]}},{"type":"Feature","properties":{"name":null},"geometry":{"type":"Polygon","coordinates":[[[44.3473,40.0924],[44.3473,40.0924]]]}},{"type":"Feature","properties":{"name":null},"geometry":{"type":"Polygon","coordinates":[[[44.347,40.0928],[44.347,40.0928]]]}},{"type":"Feature","properties":{"name":null},"geometry":{"type":"Polygon","coordinates":[[[44.3475,40.2366],[44.3475,40.2366]]]}},{"type":"Feature","properties":{"name":null},"geometry":{"type":"Polygon","coordinates":[[[44.3411,40.2303],[44.3411,40.2303]]]}},{"type":"Feature","properties":{"name":null},"geometry":{"type":"Polygon","coordinates":[[[44.3486,40.0894],[44.3486,40.0894]]]}},{"type":"Feature","properties":{"name":null},"geometry":{"type":"Polygon","coordinates":[[[44.3489,40.0889],[44.3489,40.0889]]]}},{"type":"Feature","properties":{"name":null},"geometry":{"type":"Polygon","coordinates":[[[44.3484,40.0902],[44.3484,40.0902]]]}},{"type":"Feature","properties":{"name":null},"geometry":{"type":"Polygon","coordinates":[[[43.7553,40.1389],[43.7553,40.1389]]]}},{"type":"Feature","properties":{"name":null},"geometry":{"type":"Polygon","coordinates":[[[43.8314,40.1612],[43.8302,40.1626],[43.8314,40.1612]]]}},{"type":"Feature","properties":{"name":null},"geometry":{"type":"Polygon","coordinates":[[[43.839,40.1691],[43.841,40.1703],[43.839,40.1691]]]}},{"type":"Feature","properties":{"name":null},"geometry":{"type":"Polygon","coordinates":[[[43.8381,40.1691],[43.8367,40.1711],[43.8381,40.1691]]]}},{"type":"Feature","properties":{"name":null},"geometry":{"type":"Polygon","coordinates":[[[44.3944,40.2721],[44.3944,40.2721]]]}},{"type":"Feature","properties":{"name":null},"geometry":{"type":"Polygon","coordinates":[[[44.3968,40.2735],[44.3968,40.2735]]]}},{"type":"Feature","properties":{"name":null},"geometry":{"type":"Polygon","coordinates":[[[44.3995,40.2695],[44.3995,40.2695]]]}},{"type":"Feature","properties":{"name":null},"geometry":{"type":"Polygon","coordinates":[[[44.5444,40.0289],[44.5444,40.0289]]]}},{"type":"Feature","properties":{"name":null},"geometry":{"type":"Polygon","coordinates":[[[44.5448,40.0296],[44.5448,40.0296]]]}},{"type":"Feature","properties":{"name":null},"geometry":{"type":"Polygon","coordinates":[[[44.5268,39.9433],[44.5293,39.9447],[44.5268,39.9433]]]}},{"type":"Feature","properties":{"name":null},"geometry":{"type":"Polygon","coordinates":[[[44.6126,41.1127],[44.6126,41.1127]]]}},{"type":"Feature","properties":{"name":null},"geometry":{"type":"Polygon","coordinates":[[[44.6127,41.1126],[44.6127,41.1126]]]}},{"type":"Feature","properties":{"name":null},"geometry":{"type":"Polygon","coordinates":[[[44.613,41.1041],[44.613,41.1041]]]}},{"type":"Feature","properties":{"name":null},"geometry":{"type":"Polygon","coordinates":[[[44.6128,41.1047],[44.6128,41.1047]]]}},{"type":"Feature","properties":{"name":null},"geometry":{"type":"Polygon","coordinates":[[[44.7464,39.8435],[44.7464,39.8435]]]}},{"type":"Feature","properties":{"name":null},"geometry":{"type":"Polygon","coordinates":[[[44.7469,39.8432],[44.7469,39.8432]]]}},{"type":"Feature","properties":{"name":null},"geometry":{"type":"Polygon","coordinates":[[[44.7473,39.8435],[44.7473,39.8435]]]}},{"type":"Feature","properties":{"name":null},"geometry":{"type":"Polygon","coordinates":[[[44.7465,39.8442],[44.7465,39.8442]]]}},{"type":"Feature","properties":{"name":null},"geometry":{"type":"Polygon","coordinates":[[[44.4554,40.2898],[44.4554,40.2898]]]}},{"type":"Feature","properties":{"name":null},"geometry":{"type":"Polygon","coordinates":[[[44.3761,40.31],[44.3761,40.31]]]}},{"type":"Feature","properties":{"name":"Մաստարայի ջրամբար"},"geometry":{"type":"Polygon","coordinates":[[[43.9044,40.4369],[43.9044,40.4369]]]}},{"type":"Feature","properties":{"name":"Կաթնաղբյուրի ջրամբար"},"geometry":{"type":"Polygon","coordinates":[[[43.9626,40.3939],[43.9626,40.3939]]]}},{"type":"Feature","properties":{"name":null},"geometry":{"type":"Polygon","coordinates":[[[44.2956,40.0899],[44.2956,40.0899]]]}},{"type":"Feature","properties":{"name":null},"geometry":{"type":"Polygon","coordinates":[[[43.9113,40.3431],[43.9113,40.3431]]]}},{"type":"Feature","properties":{"name":null},"geometry":{"type":"Polygon","coordinates":[[[44.5541,40.5269],[44.5541,40.5269]]]}},{"type":"Feature","properties":{"name":null},"geometry":{"type":"Polygon","coordinates":[[[43.6689,40.1101],[43.6689,40.1101]]]}},{"type":"Feature","properties":{"name":null},"geometry":{"type":"Polygon","coordinates":[[[43.6483,41.092],[43.6483,41.092]]]}},{"type":"Feature","properties":{"name":null},"geometry":{"type":"Polygon","coordinates":[[[43.6711,41.0578],[43.6711,41.0578]]]}},{"type":"Feature","properties":{"name":null},"geometry":{"type":"Polygon","coordinates":[[[43.6713,41.0595],[43.6713,41.0595]]]}},{"type":"Feature","properties":{"name":null},"geometry":{"type":"Polygon","coordinates":[[[43.671,41.0593],[43.671,41.0593]]]}},{"type":"Feature","properties":{"name":null},"geometry":{"type":"Polygon","coordinates":[[[43.7651,41.0776],[43.7651,41.0776]]]}},{"type":"Feature","properties":{"name":null},"geometry":{"type":"Polygon","coordinates":[[[43.7482,41.0493],[43.7482,41.0493]]]}},{"type":"Feature","properties":{"name":null},"geometry":{"type":"Polygon","coordinates":[[[43.7512,41.0388],[43.7512,41.0388]]]}},{"type":"Feature","properties":{"name":null},"geometry":{"type":"Polygon","coordinates":[[[43.7513,41.0399],[43.7513,41.0399]]]}},{"type":"Feature","properties":{"name":null},"geometry":{"type":"Polygon","coordinates":[[[43.789,41.0519],[43.789,41.0519]]]}},{"type":"Feature","properties":{"name":null},"geometry":{"type":"Polygon","coordinates":[[[43.7882,41.0528],[43.7882,41.0528]]]}},{"type":"Feature","properties":{"name":null},"geometry":{"type":"Polygon","coordinates":[[[43.7864,41.0529],[43.7864,41.0529]]]}},{"type":"Feature","properties":{"name":null},"geometry":{"type":"Polygon","coordinates":[[[43.7854,41.0517],[43.7854,41.0517]]]}},{"type":"Feature","properties":{"name":null},"geometry":{"type":"Polygon","coordinates":[[[43.7846,41.0508],[43.7846,41.0508]]]}},{"type":"Feature","properties":{"name":null},"geometry":{"type":"Polygon","coordinates":[[[43.788,41.0509],[43.788,41.0509]]]}},{"type":"Feature","properties":{"name":null},"geometry":{"type":"Polygon","coordinates":[[[43.7866,41.0505],[43.7866,41.0505]]]}},{"type":"Feature","properties":{"name":null},"geometry":{"type":"Polygon","coordinates":[[[43.7867,41.0502],[43.7867,41.0502]]]}},{"type":"Feature","properties":{"name":null},"geometry":{"type":"Polygon","coordinates":[[[43.7849,41.0495],[43.7849,41.0495]]]}},{"type":"Feature","properties":{"name":null},"geometry":{"type":"Polygon","coordinates":[[[43.8291,41.0378],[43.8291,41.0378]]]}},{"type":"Feature","properties":{"name":null},"geometry":{"type":"Polygon","coordinates":[[[43.5701,41.1337],[43.5733,41.1387],[43.5698,41.1364],[43.5701,41.1337]]]}},{"type":"Feature","properties":{"name":null},"geometry":{"type":"Polygon","coordinates":[[[43.9109,41.0497],[43.9109,41.0497]]]}},{"type":"Feature","properties":{"name":null},"geometry":{"type":"Polygon","coordinates":[[[44.0156,41.0069],[44.0156,41.0069]]]}},{"type":"Feature","properties":{"name":null},"geometry":{"type":"Polygon","coordinates":[[[43.7511,40.1437],[43.7511,40.1437]]]}},{"type":"Feature","properties":{"name":null},"geometry":{"type":"Polygon","coordinates":[[[43.787,40.1493],[43.789,40.1498],[43.787,40.1493]]]}},{"type":"Feature","properties":{"name":null},"geometry":{"type":"Polygon","coordinates":[[[44.3198,40.1808],[44.3198,40.1808]]]}},{"type":"Feature","properties":{"name":null},"geometry":{"type":"Polygon","coordinates":[[[44.2709,41.0545],[44.2709,41.0545]]]}},{"type":"Feature","properties":{"name":null},"geometry":{"type":"Polygon","coordinates":[[[44.8047,39.7981],[44.8047,39.7981]]]}},{"type":"Feature","properties":{"name":null},"geometry":{"type":"Polygon","coordinates":[[[44.7393,39.7896],[44.7412,39.7913],[44.7445,39.789],[44.7427,39.7874],[44.7393,39.7896]]]}},{"type":"Feature","properties":{"name":null},"geometry":{"type":"Polygon","coordinates":[[[44.7413,39.7914],[44.7432,39.793],[44.7465,39.7908],[44.7446,39.7891],[44.7413,39.7914]]]}},{"type":"Feature","properties":{"name":null},"geometry":{"type":"Polygon","coordinates":[[[44.466,40.3337],[44.466,40.3337]]]}},{"type":"Feature","properties":{"name":null},"geometry":{"type":"Polygon","coordinates":[[[44.4201,40.3896],[44.4201,40.3896]]]}},{"type":"Feature","properties":{"name":null},"geometry":{"type":"Polygon","coordinates":[[[44.7256,39.794],[44.7282,39.7908],[44.7323,39.7932],[44.7292,39.7965],[44.7256,39.794]]]}},{"type":"Feature","properties":{"name":null},"geometry":{"type":"Polygon","coordinates":[[[44.6414,40.3432],[44.6414,40.3432]]]}},{"type":"Feature","properties":{"name":null},"geometry":{"type":"Polygon","coordinates":[[[44.2866,41.0199],[44.2866,41.0199]]]}},{"type":"Feature","properties":{"name":null},"geometry":{"type":"Polygon","coordinates":[[[44.5143,40.3583],[44.5143,40.3583]]]}},{"type":"Feature","properties":{"name":null},"geometry":{"type":"Polygon","coordinates":[[[44.5148,40.3596],[44.5148,40.3596]]]}},{"type":"Feature","properties":{"name":null},"geometry":{"type":"Polygon","coordinates":[[[44.5381,40.3628],[44.5381,40.3628]]]}},{"type":"Feature","properties":{"name":null},"geometry":{"type":"Polygon","coordinates":[[[44.5143,40.1773],[44.5143,40.1773]]]}},{"type":"Feature","properties":{"name":"Երգող շատրվաններ"},"geometry":{"type":"Polygon","coordinates":[[[44.5134,40.1786],[44.5134,40.1786]]]}},{"type":"Feature","properties":{"name":null},"geometry":{"type":"Polygon","coordinates":[[[44.5137,40.1784],[44.5137,40.1784]]]}},{"type":"Feature","properties":{"name":null},"geometry":{"type":"Polygon","coordinates":[[[44.51,40.1764],[44.51,40.1764]]]}},{"type":"Feature","properties":{"name":null},"geometry":{"type":"Polygon","coordinates":[[[44.5103,40.1765],[44.5103,40.1765]]]}},{"type":"Feature","properties":{"name":null},"geometry":{"type":"Polygon","coordinates":[[[44.5107,40.1767],[44.5107,40.1767]]]}},{"type":"Feature","properties":{"name":null},"geometry":{"type":"Polygon","coordinates":[[[44.5114,40.177],[44.5114,40.177]]]}},{"type":"Feature","properties":{"name":null},"geometry":{"type":"Polygon","coordinates":[[[44.5072,40.1753],[44.5072,40.1753]]]}},{"type":"Feature","properties":{"name":null},"geometry":{"type":"Polygon","coordinates":[[[44.5074,40.1753],[44.5074,40.1753]]]}},{"type":"Feature","properties":{"name":null},"geometry":{"type":"Polygon","coordinates":[[[44.5075,40.1754],[44.5075,40.1754]]]}},{"type":"Feature","properties":{"name":null},"geometry":{"type":"Polygon","coordinates":[[[44.5054,40.1735],[44.5054,40.1735]]]}},{"type":"Feature","properties":{"name":"Yerevan Map"},"geometry":{"type":"Polygon","coordinates":[[[44.5065,40.1748],[44.5065,40.1748]]]}},{"type":"Feature","properties":{"name":null},"geometry":{"type":"Polygon","coordinates":[[[44.5082,40.1741],[44.5082,40.1741]]]}},{"type":"Feature","properties":{"name":null},"geometry":{"type":"Polygon","coordinates":[[[44.5159,40.1785],[44.5159,40.1785]]]}},{"type":"Feature","properties":{"name":null},"geometry":{"type":"Polygon","coordinates":[[[44.5153,40.1781],[44.5153,40.1781]]]}},{"type":"Feature","properties":{"name":null},"geometry":{"type":"Polygon","coordinates":[[[44.5156,40.1777],[44.5156,40.1777]]]}},{"type":"Feature","properties":{"name":null},"geometry":{"type":"Polygon","coordinates":[[[44.5162,40.1774],[44.5162,40.1774]]]}},{"type":"Feature","properties":{"name":null},"geometry":{"type":"Polygon","coordinates":[[[44.3413,41.0391],[44.3413,41.0391]]]}},{"type":"Feature","properties":{"name":null},"geometry":{"type":"Polygon","coordinates":[[[44.3296,40.0928],[44.3296,40.0928]]]}},{"type":"Feature","properties":{"name":null},"geometry":{"type":"Polygon","coordinates":[[[44.3812,40.0329],[44.3826,40.0324],[44.3812,40.0329]]]}},{"type":"Feature","properties":{"name":null},"geometry":{"type":"Polygon","coordinates":[[[44.7297,39.7605],[44.7354,39.7611],[44.7414,39.7537],[44.737,39.7517],[44.7297,39.7605]]]}},{"type":"Feature","properties":{"name":null},"geometry":{"type":"Polygon","coordinates":[[[44.3939,40.3566],[44.3939,40.3566]]]}},{"type":"Feature","properties":{"name":null},"geometry":{"type":"Polygon","coordinates":[[[44.3939,40.3566],[44.3939,40.3566]]]}},{"type":"Feature","properties":{"name":null},"geometry":{"type":"Polygon","coordinates":[[[44.394,40.3565],[44.394,40.3565]]]}},{"type":"Feature","properties":{"name":null},"geometry":{"type":"Polygon","coordinates":[[[44.394,40.3564],[44.394,40.3564]]]}},{"type":"Feature","properties":{"name":null},"geometry":{"type":"Polygon","coordinates":[[[44.3941,40.3562],[44.3941,40.3562]]]}},{"type":"Feature","properties":{"name":null},"geometry":{"type":"Polygon","coordinates":[[[44.3942,40.3563],[44.3942,40.3563]]]}},{"type":"Feature","properties":{"name":null},"geometry":{"type":"Polygon","coordinates":[[[44.8553,41.263],[44.8553,41.263]]]}},{"type":"Feature","properties":{"name":null},"geometry":{"type":"Polygon","coordinates":[[[44.9133,41.2436],[44.9133,41.2436]]]}},{"type":"Feature","properties":{"name":null},"geometry":{"type":"Polygon","coordinates":[[[45.9488,40.2286],[45.9488,40.2286]]]}},{"type":"Feature","properties":{"name":null},"geometry":{"type":"Polygon","coordinates":[[[44.7164,39.7991],[44.7216,39.7939],[44.7289,39.7996],[44.723,39.8038],[44.7164,39.7991]]]}},{"type":"Feature","properties":{"name":null},"geometry":{"type":"Polygon","coordinates":[[[44.7225,39.7934],[44.7298,39.799],[44.7354,39.7945],[44.7286,39.7891],[44.7225,39.7934]]]}},{"type":"Feature","properties":{"name":null},"geometry":{"type":"Polygon","coordinates":[[[44.7345,39.7961],[44.7259,39.8054],[44.7238,39.8048],[44.7345,39.7961]]]}},{"type":"Feature","properties":{"name":null},"geometry":{"type":"Polygon","coordinates":[[[45.6499,39.8071],[45.6499,39.8071]]]}},{"type":"Feature","properties":{"name":null},"geometry":{"type":"Polygon","coordinates":[[[45.6101,39.7695],[45.6101,39.7695]]]}},{"type":"Feature","properties":{"name":null},"geometry":{"type":"Polygon","coordinates":[[[45.61,39.7691],[45.61,39.7691]]]}},{"type":"Feature","properties":{"name":null},"geometry":{"type":"Polygon","coordinates":[[[45.5775,39.7141],[45.5793,39.7148],[45.5775,39.7141]]]}},{"type":"Feature","properties":{"name":null},"geometry":{"type":"Polygon","coordinates":[[[44.1878,40.1229],[44.1878,40.1229]]]}},{"type":"Feature","properties":{"name":null},"geometry":{"type":"Polygon","coordinates":[[[44.187,40.1231],[44.187,40.1231]]]}},{"type":"Feature","properties":{"name":null},"geometry":{"type":"Polygon","coordinates":[[[44.1863,40.1234],[44.1863,40.1234]]]}},{"type":"Feature","properties":{"name":null},"geometry":{"type":"Polygon","coordinates":[[[45.4036,40.8793],[45.4036,40.8793]]]}},{"type":"Feature","properties":{"name":null},"geometry":{"type":"Polygon","coordinates":[[[44.5033,40.2163],[44.5033,40.2163]]]}},{"type":"Feature","properties":{"name":"Չռիկը"},"geometry":{"type":"Polygon","coordinates":[[[44.4985,40.1859],[44.4985,40.1859]]]}},{"type":"Feature","properties":{"name":null},"geometry":{"type":"Polygon","coordinates":[[[44.4993,40.1782],[44.4993,40.1782]]]}},{"type":"Feature","properties":{"name":null},"geometry":{"type":"Polygon","coordinates":[[[44.7258,40.373],[44.7258,40.373]]]}},{"type":"Feature","properties":{"name":null},"geometry":{"type":"Polygon","coordinates":[[[44.7262,40.3721],[44.7262,40.3721]]]}},{"type":"Feature","properties":{"name":null},"geometry":{"type":"Polygon","coordinates":[[[44.4404,40.4507],[44.4404,40.4507]]]}},{"type":"Feature","properties":{"name":null},"geometry":{"type":"Polygon","coordinates":[[[44.4408,40.4505],[44.4408,40.4505]]]}},{"type":"Feature","properties":{"name":null},"geometry":{"type":"Polygon","coordinates":[[[44.4408,40.4492],[44.4408,40.4492]]]}},{"type":"Feature","properties":{"name":null},"geometry":{"type":"Polygon","coordinates":[[[44.468,40.1868],[44.468,40.1868]]]}},{"type":"Feature","properties":{"name":null},"geometry":{"type":"Polygon","coordinates":[[[44.3578,40.0879],[44.3578,40.0879]]]}},{"type":"Feature","properties":{"name":null},"geometry":{"type":"Polygon","coordinates":[[[44.3573,40.0884],[44.3573,40.0884]]]}},{"type":"Feature","properties":{"name":null},"geometry":{"type":"Polygon","coordinates":[[[44.3529,40.0909],[44.3547,40.0908],[44.3529,40.0909]]]}},{"type":"Feature","properties":{"name":null},"geometry":{"type":"Polygon","coordinates":[[[44.822,41.2342],[44.8205,41.235],[44.822,41.2342]]]}},{"type":"Feature","properties":{"name":null},"geometry":{"type":"Polygon","coordinates":[[[44.8188,41.2369],[44.8188,41.2369]]]}},{"type":"Feature","properties":{"name":null},"geometry":{"type":"Polygon","coordinates":[[[43.7208,40.14],[43.7208,40.14]]]}},{"type":"Feature","properties":{"name":null},"geometry":{"type":"Polygon","coordinates":[[[43.7193,40.138],[43.7193,40.138]]]}},{"type":"Feature","properties":{"name":null},"geometry":{"type":"Polygon","coordinates":[[[44.4731,40.1841],[44.4731,40.1841]]]}},{"type":"Feature","properties":{"name":null},"geometry":{"type":"Polygon","coordinates":[[[44.1639,40.2542],[44.1639,40.2542]]]}},{"type":"Feature","properties":{"name":null},"geometry":{"type":"Polygon","coordinates":[[[44.4376,40.0246],[44.4376,40.0246]]]}},{"type":"Feature","properties":{"name":null},"geometry":{"type":"Polygon","coordinates":[[[44.4364,40.0246],[44.4364,40.0246]]]}},{"type":"Feature","properties":{"name":null},"geometry":{"type":"Polygon","coordinates":[[[44.432,40.0147],[44.4343,40.0143],[44.4342,40.0107],[44.432,40.0147]]]}},{"type":"Feature","properties":{"name":null},"geometry":{"type":"Polygon","coordinates":[[[44.6718,39.9858],[44.6699,39.9862],[44.6718,39.9858]]]}},{"type":"Feature","properties":{"name":null},"geometry":{"type":"Polygon","coordinates":[[[44.725,39.9557],[44.725,39.9557]]]}},{"type":"Feature","properties":{"name":null},"geometry":{"type":"Polygon","coordinates":[[[44.7887,39.9555],[44.7887,39.9555]]]}},{"type":"Feature","properties":{"name":null},"geometry":{"type":"Polygon","coordinates":[[[44.7888,39.9558],[44.7888,39.9558]]]}},{"type":"Feature","properties":{"name":null},"geometry":{"type":"Polygon","coordinates":[[[44.0801,40.915],[44.0801,40.915]]]}},{"type":"Feature","properties":{"name":null},"geometry":{"type":"Polygon","coordinates":[[[44.53,40.4384],[44.53,40.4384]]]}},{"type":"Feature","properties":{"name":null},"geometry":{"type":"Polygon","coordinates":[[[43.8282,40.1256],[43.8262,40.1259],[43.8282,40.1256]]]}},{"type":"Feature","properties":{"name":null},"geometry":{"type":"Polygon","coordinates":[[[43.7914,40.165],[43.7889,40.1654],[43.7914,40.165]]]}},{"type":"Feature","properties":{"name":null},"geometry":{"type":"Polygon","coordinates":[[[43.8289,40.1595],[43.8289,40.1595]]]}},{"type":"Feature","properties":{"name":null},"geometry":{"type":"Polygon","coordinates":[[[44.393,40.0784],[44.393,40.0784]]]}},{"type":"Feature","properties":{"name":null},"geometry":{"type":"Polygon","coordinates":[[[44.4269,40.0127],[44.4269,40.0127]]]}},{"type":"Feature","properties":{"name":null},"geometry":{"type":"Polygon","coordinates":[[[44.3703,40.1165],[44.3703,40.1165]]]}},{"type":"Feature","properties":{"name":null},"geometry":{"type":"Polygon","coordinates":[[[44.3703,40.1171],[44.3703,40.1171]]]}},{"type":"Feature","properties":{"name":null},"geometry":{"type":"Polygon","coordinates":[[[44.3796,40.1145],[44.3796,40.1145]]]}},{"type":"Feature","properties":{"name":null},"geometry":{"type":"Polygon","coordinates":[[[44.3798,40.116],[44.3798,40.116]]]}},{"type":"Feature","properties":{"name":null},"geometry":{"type":"Polygon","coordinates":[[[44.3802,40.1164],[44.3802,40.1164]]]}},{"type":"Feature","properties":{"name":null},"geometry":{"type":"Polygon","coordinates":[[[44.3796,40.1145],[44.3796,40.1145]]]}},{"type":"Feature","properties":{"name":null},"geometry":{"type":"Polygon","coordinates":[[[44.3799,40.1151],[44.3799,40.1151]]]}},{"type":"Feature","properties":{"name":null},"geometry":{"type":"Polygon","coordinates":[[[44.3608,40.1046],[44.3608,40.1046]]]}},{"type":"Feature","properties":{"name":null},"geometry":{"type":"Polygon","coordinates":[[[44.3621,40.1052],[44.3629,40.1069],[44.3621,40.1052]]]}},{"type":"Feature","properties":{"name":null},"geometry":{"type":"Polygon","coordinates":[[[44.3622,40.104],[44.3609,40.1031],[44.3622,40.104]]]}},{"type":"Feature","properties":{"name":null},"geometry":{"type":"Polygon","coordinates":[[[44.3613,40.1007],[44.3613,40.1007]]]}},{"type":"Feature","properties":{"name":null},"geometry":{"type":"Polygon","coordinates":[[[44.3655,40.0842],[44.3655,40.0842]]]}},{"type":"Feature","properties":{"name":null},"geometry":{"type":"Polygon","coordinates":[[[44.3654,40.0848],[44.3654,40.0848]]]}},{"type":"Feature","properties":{"name":null},"geometry":{"type":"Polygon","coordinates":[[[44.3683,40.0795],[44.3683,40.0795]]]}},{"type":"Feature","properties":{"name":null},"geometry":{"type":"Polygon","coordinates":[[[44.4031,40.3803],[44.4031,40.3803]]]}},{"type":"Feature","properties":{"name":null},"geometry":{"type":"Polygon","coordinates":[[[44.3262,40.2774],[44.3262,40.2774]]]}},{"type":"Feature","properties":{"name":null},"geometry":{"type":"Polygon","coordinates":[[[44.5571,40.208],[44.5571,40.208]]]}},{"type":"Feature","properties":{"name":null},"geometry":{"type":"Polygon","coordinates":[[[44.9393,40.6279],[44.9393,40.6279]]]}},{"type":"Feature","properties":{"name":null},"geometry":{"type":"Polygon","coordinates":[[[44.3842,40.0981],[44.3842,40.0981]]]}},{"type":"Feature","properties":{"name":null},"geometry":{"type":"Polygon","coordinates":[[[44.3841,40.0993],[44.3841,40.0993]]]}},{"type":"Feature","properties":{"name":null},"geometry":{"type":"Polygon","coordinates":[[[44.3726,40.0653],[44.3739,40.0661],[44.3726,40.0653]]]}},{"type":"Feature","properties":{"name":null},"geometry":{"type":"Polygon","coordinates":[[[44.3634,40.0698],[44.3634,40.0698]]]}},{"type":"Feature","properties":{"name":null},"geometry":{"type":"Polygon","coordinates":[[[44.4182,40.2322],[44.4182,40.2322]]]}},{"type":"Feature","properties":{"name":null},"geometry":{"type":"Polygon","coordinates":[[[44.3951,40.3508],[44.3951,40.3508]]]}},{"type":"Feature","properties":{"name":null},"geometry":{"type":"Polygon","coordinates":[[[44.3948,40.3503],[44.3948,40.3503]]]}},{"type":"Feature","properties":{"name":null},"geometry":{"type":"Polygon","coordinates":[[[44.3947,40.3502],[44.3947,40.3502]]]}},{"type":"Feature","properties":{"name":null},"geometry":{"type":"Polygon","coordinates":[[[44.3945,40.35],[44.3945,40.35]]]}},{"type":"Feature","properties":{"name":null},"geometry":{"type":"Polygon","coordinates":[[[44.3944,40.35],[44.3944,40.35]]]}},{"type":"Feature","properties":{"name":null},"geometry":{"type":"Polygon","coordinates":[[[43.8586,40.3396],[43.8586,40.3396]]]}},{"type":"Feature","properties":{"name":null},"geometry":{"type":"Polygon","coordinates":[[[45.1441,40.8753],[45.1441,40.8753]]]}},{"type":"Feature","properties":{"name":null},"geometry":{"type":"Polygon","coordinates":[[[44.2819,40.1757],[44.2819,40.1757]]]}},{"type":"Feature","properties":{"name":null},"geometry":{"type":"Polygon","coordinates":[[[44.2746,40.9562],[44.2746,40.9562]]]}},{"type":"Feature","properties":{"name":"Վերին Սասնաշենի ջրամբար"},"geometry":{"type":"Polygon","coordinates":[[[43.992,40.3773],[43.9891,40.3766],[43.992,40.3773]]]}},{"type":"Feature","properties":{"name":null},"geometry":{"type":"Polygon","coordinates":[[[44.0375,40.2828],[44.0375,40.2828]]]}},{"type":"Feature","properties":{"name":null},"geometry":{"type":"Polygon","coordinates":[[[44.5257,40.5133],[44.5257,40.5133]]]}},{"type":"Feature","properties":{"name":null},"geometry":{"type":"Polygon","coordinates":[[[44.4141,40.0287],[44.4141,40.0287]]]}},{"type":"Feature","properties":{"name":null},"geometry":{"type":"Polygon","coordinates":[[[44.4151,40.0293],[44.4151,40.0293]]]}},{"type":"Feature","properties":{"name":null},"geometry":{"type":"Polygon","coordinates":[[[44.4033,40.0299],[44.4022,40.031],[44.4033,40.0299]]]}},{"type":"Feature","properties":{"name":null},"geometry":{"type":"Polygon","coordinates":[[[44.392,40.0243],[44.392,40.0243]]]}},{"type":"Feature","properties":{"name":null},"geometry":{"type":"Polygon","coordinates":[[[44.3913,40.0237],[44.3913,40.0237]]]}},{"type":"Feature","properties":{"name":null},"geometry":{"type":"Polygon","coordinates":[[[44.3909,40.0232],[44.3909,40.0232]]]}},{"type":"Feature","properties":{"name":null},"geometry":{"type":"Polygon","coordinates":[[[44.2584,40.2466],[44.2584,40.2466]]]}},{"type":"Feature","properties":{"name":null},"geometry":{"type":"Polygon","coordinates":[[[44.2586,40.2476],[44.2586,40.2476]]]}},{"type":"Feature","properties":{"name":null},"geometry":{"type":"Polygon","coordinates":[[[44.2653,40.2494],[44.2653,40.2494]]]}},{"type":"Feature","properties":{"name":null},"geometry":{"type":"Polygon","coordinates":[[[44.2653,40.2493],[44.2653,40.2493]]]}},{"type":"Feature","properties":{"name":null},"geometry":{"type":"Polygon","coordinates":[[[44.4274,40.2713],[44.4274,40.2713]]]}},{"type":"Feature","properties":{"name":null},"geometry":{"type":"Polygon","coordinates":[[[44.4343,40.2722],[44.4343,40.2722]]]}},{"type":"Feature","properties":{"name":null},"geometry":{"type":"Polygon","coordinates":[[[44.4335,40.2732],[44.4335,40.2732]]]}},{"type":"Feature","properties":{"name":null},"geometry":{"type":"Polygon","coordinates":[[[44.5123,40.0447],[44.5123,40.0447]]]}},{"type":"Feature","properties":{"name":null},"geometry":{"type":"Polygon","coordinates":[[[44.0922,40.918],[44.0973,40.9177],[44.0922,40.918]]]}},{"type":"Feature","properties":{"name":null},"geometry":{"type":"Polygon","coordinates":[[[44.0973,40.9178],[44.1043,40.9208],[44.1139,40.9166],[44.1044,40.9207],[44.0973,40.9178]]]}},{"type":"Feature","properties":{"name":null},"geometry":{"type":"Polygon","coordinates":[[[44.144,40.8876],[44.144,40.8876]]]}},{"type":"Feature","properties":{"name":null},"geometry":{"type":"Polygon","coordinates":[[[44.1439,40.8867],[44.1439,40.8867]]]}},{"type":"Feature","properties":{"name":null},"geometry":{"type":"Polygon","coordinates":[[[44.2495,40.3613],[44.2495,40.3613]]]}},{"type":"Feature","properties":{"name":null},"geometry":{"type":"Polygon","coordinates":[[[44.4589,40.0409],[44.4589,40.0409]]]}},{"type":"Feature","properties":{"name":null},"geometry":{"type":"Polygon","coordinates":[[[44.4596,40.0406],[44.4596,40.0406]]]}},{"type":"Feature","properties":{"name":null},"geometry":{"type":"Polygon","coordinates":[[[44.5837,40.0581],[44.5837,40.0581]]]}},{"type":"Feature","properties":{"name":null},"geometry":{"type":"Polygon","coordinates":[[[44.4977,40.2111],[44.4977,40.2111]]]}},{"type":"Feature","properties":{"name":null},"geometry":{"type":"Polygon","coordinates":[[[44.5696,40.2803],[44.5696,40.2803]]]}},{"type":"Feature","properties":{"name":null},"geometry":{"type":"Polygon","coordinates":[[[45.0347,39.8164],[45.0347,39.8164]]]}},{"type":"Feature","properties":{"name":null},"geometry":{"type":"Polygon","coordinates":[[[44.8118,39.9217],[44.8118,39.9217]]]}},{"type":"Feature","properties":{"name":null},"geometry":{"type":"Polygon","coordinates":[[[44.5602,40.2095],[44.5602,40.2095]]]}},{"type":"Feature","properties":{"name":null},"geometry":{"type":"Polygon","coordinates":[[[45.9938,39.5524],[45.9938,39.5524]]]}},{"type":"Feature","properties":{"name":null},"geometry":{"type":"Polygon","coordinates":[[[44.5603,40.2071],[44.5603,40.2071]]]}},{"type":"Feature","properties":{"name":null},"geometry":{"type":"Polygon","coordinates":[[[45.6106,40.154],[45.6106,40.154]]]}},{"type":"Feature","properties":{"name":null},"geometry":{"type":"Polygon","coordinates":[[[45.6063,40.1561],[45.6083,40.1533],[45.6063,40.1561]]]}},{"type":"Feature","properties":{"name":"Ջրավազան"},"geometry":{"type":"Polygon","coordinates":[[[44.6078,40.9081],[44.6078,40.9081]]]}},{"type":"Feature","properties":{"name":null},"geometry":{"type":"Polygon","coordinates":[[[44.6128,40.9059],[44.6128,40.9059]]]}},{"type":"Feature","properties":{"name":null},"geometry":{"type":"Polygon","coordinates":[[[44.9012,40.2823],[44.9012,40.2823]]]}},{"type":"Feature","properties":{"name":null},"geometry":{"type":"Polygon","coordinates":[[[44.9016,40.282],[44.9016,40.282]]]}},{"type":"Feature","properties":{"name":null},"geometry":{"type":"Polygon","coordinates":[[[44.9249,40.2753],[44.9249,40.2753]]]}},{"type":"Feature","properties":{"name":null},"geometry":{"type":"Polygon","coordinates":[[[45.0534,39.8438],[45.0534,39.8438]]]}},{"type":"Feature","properties":{"name":null},"geometry":{"type":"Polygon","coordinates":[[[45.2374,40.1889],[45.242,40.1906],[45.2374,40.1889]]]}},{"type":"Feature","properties":{"name":null},"geometry":{"type":"Polygon","coordinates":[[[46.2355,39.388],[46.2355,39.388]]]}},{"type":"Feature","properties":{"name":null},"geometry":{"type":"Polygon","coordinates":[[[44.7066,39.8363],[44.7066,39.8363]]]}},{"type":"Feature","properties":{"name":null},"geometry":{"type":"Polygon","coordinates":[[[44.7857,39.7617],[44.7868,39.7642],[44.7857,39.7617]]]}},{"type":"Feature","properties":{"name":null},"geometry":{"type":"Polygon","coordinates":[[[44.7846,39.7625],[44.7856,39.7652],[44.7846,39.7625]]]}},{"type":"Feature","properties":{"name":null},"geometry":{"type":"Polygon","coordinates":[[[44.7833,39.7634],[44.7855,39.7653],[44.7833,39.7634]]]}},{"type":"Feature","properties":{"name":null},"geometry":{"type":"Polygon","coordinates":[[[44.7826,39.7637],[44.7826,39.7637]]]}},{"type":"Feature","properties":{"name":null},"geometry":{"type":"Polygon","coordinates":[[[44.7854,39.765],[44.7833,39.7632],[44.7867,39.764],[44.7857,39.7615],[44.7878,39.7633],[44.7857,39.7614],[44.7829,39.7635],[44.7854,39.765]]]}},{"type":"Feature","properties":{"name":null},"geometry":{"type":"Polygon","coordinates":[[[44.7828,39.7635],[44.7828,39.7635]]]}},{"type":"Feature","properties":{"name":null},"geometry":{"type":"Polygon","coordinates":[[[44.7828,39.7636],[44.7828,39.7636]]]}},{"type":"Feature","properties":{"name":null},"geometry":{"type":"Polygon","coordinates":[[[44.789,39.7622],[44.7845,39.7583],[44.789,39.7622]]]}},{"type":"Feature","properties":{"name":null},"geometry":{"type":"Polygon","coordinates":[[[44.7955,39.758],[44.7978,39.7594],[44.7946,39.7605],[44.7955,39.758]]]}},{"type":"Feature","properties":{"name":null},"geometry":{"type":"Polygon","coordinates":[[[44.7933,39.7597],[44.7923,39.7614],[44.7933,39.7597]]]}},{"type":"Feature","properties":{"name":null},"geometry":{"type":"Polygon","coordinates":[[[44.7994,39.7603],[44.7994,39.7603]]]}},{"type":"Feature","properties":{"name":null},"geometry":{"type":"Polygon","coordinates":[[[44.7977,39.7571],[44.8,39.7595],[44.7977,39.7571]]]}},{"type":"Feature","properties":{"name":null},"geometry":{"type":"Polygon","coordinates":[[[44.7966,39.7574],[44.799,39.7561],[44.7966,39.7574]]]}},{"type":"Feature","properties":{"name":null},"geometry":{"type":"Polygon","coordinates":[[[44.7986,39.7556],[44.8061,39.7532],[44.8043,39.7517],[44.7986,39.7556]]]}},{"type":"Feature","properties":{"name":null},"geometry":{"type":"Polygon","coordinates":[[[44.8025,39.7552],[44.8038,39.7565],[44.8077,39.7539],[44.8025,39.7552]]]}},{"type":"Feature","properties":{"name":null},"geometry":{"type":"Polygon","coordinates":[[[44.8067,39.755],[44.8088,39.7563],[44.8067,39.755]]]}},{"type":"Feature","properties":{"name":null},"geometry":{"type":"Polygon","coordinates":[[[44.8139,39.7459],[44.8154,39.7467],[44.8091,39.7542],[44.8073,39.7531],[44.8139,39.7459]]]}},{"type":"Feature","properties":{"name":null},"geometry":{"type":"Polygon","coordinates":[[[44.8101,39.7537],[44.8177,39.7477],[44.8157,39.7469],[44.8101,39.7537]]]}},{"type":"Feature","properties":{"name":null},"geometry":{"type":"Polygon","coordinates":[[[44.8099,39.7539],[44.8099,39.7539]]]}},{"type":"Feature","properties":{"name":null},"geometry":{"type":"Polygon","coordinates":[[[44.8139,39.752],[44.8148,39.7538],[44.8139,39.752]]]}},{"type":"Feature","properties":{"name":null},"geometry":{"type":"Polygon","coordinates":[[[44.813,39.7528],[44.8147,39.7539],[44.8131,39.7553],[44.8115,39.7543],[44.813,39.7528]]]}},{"type":"Feature","properties":{"name":null},"geometry":{"type":"Polygon","coordinates":[[[44.8114,39.7544],[44.8118,39.7563],[44.8114,39.7544]]]}},{"type":"Feature","properties":{"name":null},"geometry":{"type":"Polygon","coordinates":[[[44.7846,39.7588],[44.7846,39.7588]]]}},{"type":"Feature","properties":{"name":null},"geometry":{"type":"Polygon","coordinates":[[[44.7859,39.7508],[44.7814,39.7539],[44.7859,39.7508]]]}},{"type":"Feature","properties":{"name":null},"geometry":{"type":"Polygon","coordinates":[[[44.7511,39.8076],[44.7546,39.805],[44.7571,39.8066],[44.7525,39.8093],[44.7511,39.8076]]]}},{"type":"Feature","properties":{"name":null},"geometry":{"type":"Polygon","coordinates":[[[44.7511,39.8077],[44.752,39.8093],[44.7511,39.8077]]]}},{"type":"Feature","properties":{"name":null},"geometry":{"type":"Polygon","coordinates":[[[44.7525,39.8031],[44.7547,39.8046],[44.7502,39.8078],[44.7486,39.8065],[44.7525,39.8031]]]}},{"type":"Feature","properties":{"name":null},"geometry":{"type":"Polygon","coordinates":[[[44.7476,39.8016],[44.749,39.8001],[44.7519,39.8033],[44.7476,39.8016]]]}},{"type":"Feature","properties":{"name":null},"geometry":{"type":"Polygon","coordinates":[[[44.7446,39.8015],[44.7463,39.8022],[44.7446,39.8015]]]}},{"type":"Feature","properties":{"name":null},"geometry":{"type":"Polygon","coordinates":[[[44.756,39.7987],[44.756,39.8009],[44.756,39.7987]]]}},{"type":"Feature","properties":{"name":null},"geometry":{"type":"Polygon","coordinates":[[[44.7559,39.7986],[44.7583,39.7964],[44.7569,39.7952],[44.7542,39.7972],[44.7559,39.7986]]]}},{"type":"Feature","properties":{"name":null},"geometry":{"type":"Polygon","coordinates":[[[44.7601,39.798],[44.7614,39.7992],[44.7591,39.801],[44.7577,39.7999],[44.7601,39.798]]]}},{"type":"Feature","properties":{"name":null},"geometry":{"type":"Polygon","coordinates":[[[44.7578,39.8041],[44.7612,39.8033],[44.7578,39.8041]]]}},{"type":"Feature","properties":{"name":null},"geometry":{"type":"Polygon","coordinates":[[[44.7577,39.8042],[44.7586,39.8056],[44.7577,39.8042]]]}},{"type":"Feature","properties":{"name":null},"geometry":{"type":"Polygon","coordinates":[[[44.7536,39.8014],[44.7573,39.8041],[44.756,39.8052],[44.7536,39.8014]]]}},{"type":"Feature","properties":{"name":null},"geometry":{"type":"Polygon","coordinates":[[[44.7517,39.7996],[44.7524,39.8023],[44.7517,39.7996]]]}},{"type":"Feature","properties":{"name":null},"geometry":{"type":"Polygon","coordinates":[[[44.7562,39.7986],[44.7598,39.7978],[44.7562,39.7986]]]}},{"type":"Feature","properties":{"name":null},"geometry":{"type":"Polygon","coordinates":[[[44.7568,39.7931],[44.7611,39.7952],[44.7597,39.7973],[44.7568,39.7931]]]}},{"type":"Feature","properties":{"name":null},"geometry":{"type":"Polygon","coordinates":[[[44.7544,39.7907],[44.7559,39.793],[44.7505,39.7981],[44.7487,39.7969],[44.7483,39.7921],[44.7544,39.7907]]]}},{"type":"Feature","properties":{"name":null},"geometry":{"type":"Polygon","coordinates":[[[44.7441,39.7964],[44.7484,39.7962],[44.7481,39.7929],[44.7441,39.7944],[44.7441,39.7964]]]}},{"type":"Feature","properties":{"name":null},"geometry":{"type":"Polygon","coordinates":[[[44.7443,39.7982],[44.7484,39.7963],[44.7443,39.7982]]]}},{"type":"Feature","properties":{"name":null},"geometry":{"type":"Polygon","coordinates":[[[44.7492,39.7994],[44.7487,39.7978],[44.7492,39.7994]]]}},{"type":"Feature","properties":{"name":null},"geometry":{"type":"Polygon","coordinates":[[[44.7488,39.7972],[44.7503,39.7983],[44.7488,39.7972]]]}},{"type":"Feature","properties":{"name":null},"geometry":{"type":"Polygon","coordinates":[[[44.7438,39.7948],[44.7392,39.8006],[44.7382,39.7955],[44.7438,39.7948]]]}},{"type":"Feature","properties":{"name":null},"geometry":{"type":"Polygon","coordinates":[[[44.7414,39.7923],[44.7431,39.7943],[44.7414,39.7923]]]}},{"type":"Feature","properties":{"name":null},"geometry":{"type":"Polygon","coordinates":[[[44.7433,39.7935],[44.7477,39.7909],[44.7479,39.7926],[44.7433,39.7935]]]}},{"type":"Feature","properties":{"name":null},"geometry":{"type":"Polygon","coordinates":[[[44.7428,39.8063],[44.7449,39.8042],[44.7476,39.8063],[44.747,39.8101],[44.7436,39.8104],[44.7428,39.8063]]]}},{"type":"Feature","properties":{"name":null},"geometry":{"type":"Polygon","coordinates":[[[44.7392,39.8097],[44.7424,39.807],[44.743,39.8098],[44.7392,39.8097]]]}},{"type":"Feature","properties":{"name":null},"geometry":{"type":"Polygon","coordinates":[[[44.7317,39.8085],[44.7348,39.8056],[44.7371,39.8067],[44.7342,39.8096],[44.7317,39.8085]]]}},{"type":"Feature","properties":{"name":null},"geometry":{"type":"Polygon","coordinates":[[[44.7316,39.8087],[44.734,39.8098],[44.7326,39.8112],[44.7316,39.8087]]]}},{"type":"Feature","properties":{"name":null},"geometry":{"type":"Polygon","coordinates":[[[44.73,39.81],[44.7324,39.8114],[44.7311,39.8128],[44.7286,39.8115],[44.73,39.81]]]}},{"type":"Feature","properties":{"name":null},"geometry":{"type":"Polygon","coordinates":[[[44.7284,39.8117],[44.7309,39.8129],[44.7295,39.8143],[44.7267,39.8132],[44.7284,39.8117]]]}},{"type":"Feature","properties":{"name":null},"geometry":{"type":"Polygon","coordinates":[[[44.7314,39.8132],[44.7335,39.8142],[44.7322,39.8154],[44.7299,39.8145],[44.7314,39.8132]]]}},{"type":"Feature","properties":{"name":null},"geometry":{"type":"Polygon","coordinates":[[[44.7316,39.813],[44.7348,39.8128],[44.7316,39.813]]]}},{"type":"Feature","properties":{"name":null},"geometry":{"type":"Polygon","coordinates":[[[44.7331,39.8114],[44.7367,39.811],[44.7331,39.8114]]]}},{"type":"Feature","properties":{"name":null},"geometry":{"type":"Polygon","coordinates":[[[44.7369,39.8109],[44.7398,39.8081],[44.7375,39.8069],[44.7346,39.8098],[44.7369,39.8109]]]}},{"type":"Feature","properties":{"name":null},"geometry":{"type":"Polygon","coordinates":[[[44.7347,39.8138],[44.7391,39.8129],[44.7385,39.8103],[44.7347,39.8138]]]}},{"type":"Feature","properties":{"name":null},"geometry":{"type":"Polygon","coordinates":[[[44.7392,39.8128],[44.739,39.8107],[44.7435,39.8121],[44.7392,39.8128]]]}},{"type":"Feature","properties":{"name":null},"geometry":{"type":"Polygon","coordinates":[[[44.7389,39.8099],[44.7432,39.8106],[44.7389,39.8099]]]}},{"type":"Feature","properties":{"name":null},"geometry":{"type":"Polygon","coordinates":[[[44.7212,39.8068],[44.7247,39.8063],[44.7212,39.8068]]]}},{"type":"Feature","properties":{"name":null},"geometry":{"type":"Polygon","coordinates":[[[44.7188,39.8047],[44.7205,39.8069],[44.7184,39.8081],[44.7171,39.806],[44.7188,39.8047]]]}},{"type":"Feature","properties":{"name":null},"geometry":{"type":"Polygon","coordinates":[[[44.7152,39.8018],[44.7168,39.8032],[44.7152,39.8018]]]}},{"type":"Feature","properties":{"name":null},"geometry":{"type":"Polygon","coordinates":[[[44.7131,39.8011],[44.7144,39.8],[44.7131,39.8011]]]}},{"type":"Feature","properties":{"name":null},"geometry":{"type":"Polygon","coordinates":[[[44.7119,39.8],[44.7132,39.7985],[44.7083,39.8003],[44.7119,39.8]]]}},{"type":"Feature","properties":{"name":null},"geometry":{"type":"Polygon","coordinates":[[[44.7072,39.8011],[44.7044,39.8034],[44.7072,39.8011]]]}},{"type":"Feature","properties":{"name":null},"geometry":{"type":"Polygon","coordinates":[[[44.7111,39.798],[44.7153,39.7958],[44.7111,39.798]]]}},{"type":"Feature","properties":{"name":null},"geometry":{"type":"Polygon","coordinates":[[[44.7148,39.7952],[44.7181,39.7932],[44.7148,39.7952]]]}},{"type":"Feature","properties":{"name":null},"geometry":{"type":"Polygon","coordinates":[[[44.712,39.795],[44.7166,39.7918],[44.7133,39.7914],[44.712,39.795]]]}},{"type":"Feature","properties":{"name":null},"geometry":{"type":"Polygon","coordinates":[[[44.712,39.7953],[44.711,39.7971],[44.712,39.7953]]]}},{"type":"Feature","properties":{"name":null},"geometry":{"type":"Polygon","coordinates":[[[44.7075,39.7995],[44.7091,39.7986],[44.7075,39.7995]]]}},{"type":"Feature","properties":{"name":null},"geometry":{"type":"Polygon","coordinates":[[[44.7087,39.801],[44.7087,39.801]]]}},{"type":"Feature","properties":{"name":null},"geometry":{"type":"Polygon","coordinates":[[[44.7123,39.8012],[44.7123,39.8012]]]}},{"type":"Feature","properties":{"name":null},"geometry":{"type":"Polygon","coordinates":[[[44.7618,39.7954],[44.7637,39.7958],[44.7616,39.7989],[44.7602,39.7977],[44.7618,39.7954]]]}},{"type":"Feature","properties":{"name":null},"geometry":{"type":"Polygon","coordinates":[[[44.7586,39.7924],[44.762,39.7952],[44.7569,39.7929],[44.7586,39.7924]]]}},{"type":"Feature","properties":{"name":null},"geometry":{"type":"Polygon","coordinates":[[[44.7584,39.7932],[44.7614,39.7922],[44.7584,39.7932]]]}},{"type":"Feature","properties":{"name":null},"geometry":{"type":"Polygon","coordinates":[[[44.7611,39.7933],[44.764,39.7928],[44.7611,39.7933]]]}},{"type":"Feature","properties":{"name":null},"geometry":{"type":"Polygon","coordinates":[[[44.7673,39.7806],[44.7716,39.7826],[44.7697,39.7851],[44.7658,39.7829],[44.7673,39.7806]]]}},{"type":"Feature","properties":{"name":null},"geometry":{"type":"Polygon","coordinates":[[[44.7675,39.7804],[44.7703,39.7801],[44.7675,39.7804]]]}},{"type":"Feature","properties":{"name":null},"geometry":{"type":"Polygon","coordinates":[[[44.773,39.7706],[44.7759,39.7727],[44.772,39.7722],[44.773,39.7706]]]}},{"type":"Feature","properties":{"name":null},"geometry":{"type":"Polygon","coordinates":[[[44.7543,39.7868],[44.7596,39.7876],[44.7572,39.7914],[44.7546,39.7906],[44.7543,39.7868]]]}},{"type":"Feature","properties":{"name":null},"geometry":{"type":"Polygon","coordinates":[[[44.7538,39.787],[44.7542,39.7905],[44.7486,39.7919],[44.7538,39.787]]]}},{"type":"Feature","properties":{"name":null},"geometry":{"type":"Polygon","coordinates":[[[44.7541,39.7869],[44.7545,39.7904],[44.7541,39.7869]]]}},{"type":"Feature","properties":{"name":null},"geometry":{"type":"Polygon","coordinates":[[[44.7588,39.757],[44.7655,39.7525],[44.7723,39.7584],[44.7657,39.7629],[44.7588,39.757]]]}},{"type":"Feature","properties":{"name":null},"geometry":{"type":"Polygon","coordinates":[[[44.7431,39.774],[44.7459,39.7765],[44.7416,39.7751],[44.7431,39.774]]]}},{"type":"Feature","properties":{"name":null},"geometry":{"type":"Polygon","coordinates":[[[44.7434,39.7738],[44.7476,39.7753],[44.7434,39.7738]]]}},{"type":"Feature","properties":{"name":null},"geometry":{"type":"Polygon","coordinates":[[[44.7511,39.7617],[44.756,39.7659],[44.7535,39.7674],[44.749,39.7633],[44.7511,39.7617]]]}},{"type":"Feature","properties":{"name":null},"geometry":{"type":"Polygon","coordinates":[[[44.7486,39.7635],[44.7535,39.7677],[44.7511,39.7692],[44.7463,39.765],[44.7486,39.7635]]]}},{"type":"Feature","properties":{"name":null},"geometry":{"type":"Polygon","coordinates":[[[44.7533,39.7689],[44.7533,39.7689]]]}},{"type":"Feature","properties":{"name":null},"geometry":{"type":"Polygon","coordinates":[[[44.7535,39.769],[44.7553,39.7686],[44.7535,39.769]]]}},{"type":"Feature","properties":{"name":null},"geometry":{"type":"Polygon","coordinates":[[[44.7541,39.7695],[44.7558,39.7692],[44.7541,39.7695]]]}},{"type":"Feature","properties":{"name":null},"geometry":{"type":"Polygon","coordinates":[[[44.7547,39.7701],[44.7565,39.7697],[44.7547,39.7701]]]}},{"type":"Feature","properties":{"name":null},"geometry":{"type":"Polygon","coordinates":[[[44.7563,39.7662],[44.7579,39.7674],[44.7563,39.7662]]]}},{"type":"Feature","properties":{"name":null},"geometry":{"type":"Polygon","coordinates":[[[44.7632,39.7872],[44.7669,39.7889],[44.7632,39.7872]]]}},{"type":"Feature","properties":{"name":null},"geometry":{"type":"Polygon","coordinates":[[[44.7632,39.792],[44.7659,39.7903],[44.7632,39.792]]]}},{"type":"Feature","properties":{"name":null},"geometry":{"type":"Polygon","coordinates":[[[44.762,39.7917],[44.7648,39.7899],[44.762,39.7917]]]}},{"type":"Feature","properties":{"name":null},"geometry":{"type":"Polygon","coordinates":[[[44.7609,39.7914],[44.7636,39.7894],[44.7609,39.7914]]]}},{"type":"Feature","properties":{"name":null},"geometry":{"type":"Polygon","coordinates":[[[44.7594,39.7909],[44.7627,39.7889],[44.7594,39.7909]]]}},{"type":"Feature","properties":{"name":null},"geometry":{"type":"Polygon","coordinates":[[[44.7586,39.7906],[44.7613,39.7882],[44.7586,39.7906]]]}},{"type":"Feature","properties":{"name":null},"geometry":{"type":"Polygon","coordinates":[[[44.7582,39.7905],[44.7603,39.7877],[44.7582,39.7905]]]}},{"type":"Feature","properties":{"name":null},"geometry":{"type":"Polygon","coordinates":[[[44.7593,39.8012],[44.7629,39.8005],[44.7613,39.803],[44.7593,39.8012]]]}},{"type":"Feature","properties":{"name":null},"geometry":{"type":"Polygon","coordinates":[[[44.7619,39.7991],[44.7632,39.8003],[44.7654,39.796],[44.7619,39.7991]]]}},{"type":"Feature","properties":{"name":null},"geometry":{"type":"Polygon","coordinates":[[[44.7627,39.7952],[44.7657,39.7957],[44.7668,39.7936],[44.7627,39.7952]]]}},{"type":"Feature","properties":{"name":null},"geometry":{"type":"Polygon","coordinates":[[[44.7602,39.7934],[44.7631,39.7941],[44.7602,39.7934]]]}},{"type":"Feature","properties":{"name":null},"geometry":{"type":"Polygon","coordinates":[[[44.7621,39.7952],[44.7621,39.7952]]]}},{"type":"Feature","properties":{"name":null},"geometry":{"type":"Polygon","coordinates":[[[44.7599,39.7974],[44.7616,39.7953],[44.7599,39.7974]]]}},{"type":"Feature","properties":{"name":null},"geometry":{"type":"Polygon","coordinates":[[[44.7694,39.7914],[44.7654,39.798],[44.7694,39.7914]]]}},{"type":"Feature","properties":{"name":null},"geometry":{"type":"Polygon","coordinates":[[[44.7651,39.7981],[44.7651,39.7981]]]}},{"type":"Feature","properties":{"name":null},"geometry":{"type":"Polygon","coordinates":[[[44.7643,39.7996],[44.7643,39.7996]]]}},{"type":"Feature","properties":{"name":null},"geometry":{"type":"Polygon","coordinates":[[[44.7694,39.7912],[44.7711,39.7898],[44.7694,39.7912]]]}},{"type":"Feature","properties":{"name":null},"geometry":{"type":"Polygon","coordinates":[[[44.7697,39.7717],[44.7713,39.7725],[44.768,39.7783],[44.7664,39.7772],[44.7697,39.7717]]]}},{"type":"Feature","properties":{"name":null},"geometry":{"type":"Polygon","coordinates":[[[44.7707,39.7739],[44.7707,39.7739]]]}},{"type":"Feature","properties":{"name":null},"geometry":{"type":"Polygon","coordinates":[[[44.7595,39.7683],[44.7595,39.7683]]]}},{"type":"Feature","properties":{"name":null},"geometry":{"type":"Polygon","coordinates":[[[44.7394,39.7741],[44.7394,39.7741]]]}},{"type":"Feature","properties":{"name":null},"geometry":{"type":"Polygon","coordinates":[[[44.7493,39.7448],[44.7526,39.747],[44.7501,39.7494],[44.7474,39.7475],[44.7493,39.7448]]]}},{"type":"Feature","properties":{"name":null},"geometry":{"type":"Polygon","coordinates":[[[44.7497,39.7499],[44.7497,39.7499]]]}},{"type":"Feature","properties":{"name":null},"geometry":{"type":"Polygon","coordinates":[[[44.7469,39.7485],[44.7496,39.7501],[44.7448,39.7566],[44.7419,39.7539],[44.7469,39.7485]]]}},{"type":"Feature","properties":{"name":null},"geometry":{"type":"Polygon","coordinates":[[[44.7434,39.7479],[44.7462,39.749],[44.7418,39.7537],[44.7374,39.7517],[44.7434,39.7479]]]}},{"type":"Feature","properties":{"name":null},"geometry":{"type":"Polygon","coordinates":[[[44.7434,39.7478],[44.7434,39.7478]]]}},{"type":"Feature","properties":{"name":null},"geometry":{"type":"Polygon","coordinates":[[[44.7481,39.7451],[44.7467,39.7469],[44.7481,39.7451]]]}},{"type":"Feature","properties":{"name":null},"geometry":{"type":"Polygon","coordinates":[[[44.7467,39.747],[44.7467,39.747]]]}},{"type":"Feature","properties":{"name":null},"geometry":{"type":"Polygon","coordinates":[[[44.7603,39.742],[44.7581,39.7436],[44.7603,39.742]]]}},{"type":"Feature","properties":{"name":null},"geometry":{"type":"Polygon","coordinates":[[[44.7581,39.7438],[44.7564,39.7452],[44.7581,39.7438]]]}},{"type":"Feature","properties":{"name":null},"geometry":{"type":"Polygon","coordinates":[[[46.1392,39.4843],[46.1392,39.4843]]]}},{"type":"Feature","properties":{"name":null},"geometry":{"type":"Polygon","coordinates":[[[45.3493,40.6112],[45.3493,40.6112]]]}},{"type":"Feature","properties":{"name":null},"geometry":{"type":"Polygon","coordinates":[[[45.2943,40.6494],[45.2943,40.6494]]]}},{"type":"Feature","properties":{"name":null},"geometry":{"type":"Polygon","coordinates":[[[45.1731,40.6787],[45.1731,40.6787]]]}},{"type":"Feature","properties":{"name":null},"geometry":{"type":"Polygon","coordinates":[[[45.1271,40.4176],[45.1286,40.4185],[45.1271,40.4176]]]}},{"type":"Feature","properties":{"name":null},"geometry":{"type":"Polygon","coordinates":[[[45.1565,40.4134],[45.1565,40.4134]]]}},{"type":"Feature","properties":{"name":null},"geometry":{"type":"Polygon","coordinates":[[[45.1577,40.4136],[45.1577,40.4136]]]}},{"type":"Feature","properties":{"name":null},"geometry":{"type":"Polygon","coordinates":[[[45.1589,40.414],[45.1608,40.4133],[45.1589,40.414]]]}},{"type":"Feature","properties":{"name":null},"geometry":{"type":"Polygon","coordinates":[[[45.1477,40.4172],[45.1477,40.4172]]]}},{"type":"Feature","properties":{"name":null},"geometry":{"type":"Polygon","coordinates":[[[45.1481,40.4168],[45.1481,40.4168]]]}},{"type":"Feature","properties":{"name":null},"geometry":{"type":"Polygon","coordinates":[[[44.4502,40.8095],[44.4502,40.8095]]]}},{"type":"Feature","properties":{"name":null},"geometry":{"type":"Polygon","coordinates":[[[44.7974,40.5136],[44.7974,40.5136]]]}},{"type":"Feature","properties":{"name":null},"geometry":{"type":"Polygon","coordinates":[[[44.9867,40.632],[44.9867,40.632]]]}},{"type":"Feature","properties":{"name":null},"geometry":{"type":"Polygon","coordinates":[[[43.6531,40.1433],[43.6531,40.1433]]]}},{"type":"Feature","properties":{"name":null},"geometry":{"type":"Polygon","coordinates":[[[43.6567,40.141],[43.6567,40.141]]]}},{"type":"Feature","properties":{"name":null},"geometry":{"type":"Polygon","coordinates":[[[44.4229,40.5058],[44.4229,40.5058]]]}},{"type":"Feature","properties":{"name":null},"geometry":{"type":"Polygon","coordinates":[[[44.4232,40.5058],[44.4232,40.5058]]]}},{"type":"Feature","properties":{"name":null},"geometry":{"type":"Polygon","coordinates":[[[44.4361,40.5086],[44.4361,40.5086]]]}},{"type":"Feature","properties":{"name":null},"geometry":{"type":"Polygon","coordinates":[[[44.8868,40.8121],[44.8868,40.8121]]]}},{"type":"Feature","properties":{"name":null},"geometry":{"type":"Polygon","coordinates":[[[44.3943,40.52],[44.3943,40.52]]]}},{"type":"Feature","properties":{"name":null},"geometry":{"type":"Polygon","coordinates":[[[44.4447,40.8508],[44.4447,40.8508]]]}},{"type":"Feature","properties":{"name":null},"geometry":{"type":"Polygon","coordinates":[[[44.4454,40.8506],[44.4454,40.8506]]]}},{"type":"Feature","properties":{"name":null},"geometry":{"type":"Polygon","coordinates":[[[44.4456,40.85],[44.4456,40.85]]]}},{"type":"Feature","properties":{"name":null},"geometry":{"type":"Polygon","coordinates":[[[44.4458,40.8495],[44.4458,40.8495]]]}},{"type":"Feature","properties":{"name":null},"geometry":{"type":"Polygon","coordinates":[[[44.4453,40.8499],[44.4453,40.8499]]]}},{"type":"Feature","properties":{"name":null},"geometry":{"type":"Polygon","coordinates":[[[44.4647,40.1438],[44.4647,40.1438]]]}},{"type":"Feature","properties":{"name":null},"geometry":{"type":"Polygon","coordinates":[[[44.4579,40.0381],[44.4558,40.0399],[44.4527,40.0386],[44.4579,40.0381]]]}},{"type":"Feature","properties":{"name":null},"geometry":{"type":"Polygon","coordinates":[[[44.4095,40.0445],[44.4095,40.0445]]]}},{"type":"Feature","properties":{"name":null},"geometry":{"type":"Polygon","coordinates":[[[44.4042,40.0458],[44.4042,40.0458]]]}},{"type":"Feature","properties":{"name":null},"geometry":{"type":"Polygon","coordinates":[[[44.4127,40.048],[44.4111,40.0483],[44.4127,40.048]]]}},{"type":"Feature","properties":{"name":null},"geometry":{"type":"Polygon","coordinates":[[[44.4128,40.0485],[44.4128,40.0485]]]}},{"type":"Feature","properties":{"name":null},"geometry":{"type":"Polygon","coordinates":[[[44.4156,40.051],[44.4156,40.051]]]}},{"type":"Feature","properties":{"name":null},"geometry":{"type":"Polygon","coordinates":[[[45.1933,40.4138],[45.1933,40.4138]]]}},{"type":"Feature","properties":{"name":null},"geometry":{"type":"Polygon","coordinates":[[[45.1929,40.4138],[45.1929,40.4138]]]}},{"type":"Feature","properties":{"name":null},"geometry":{"type":"Polygon","coordinates":[[[45.1907,40.4137],[45.1907,40.4137]]]}},{"type":"Feature","properties":{"name":null},"geometry":{"type":"Polygon","coordinates":[[[45.1907,40.4134],[45.1907,40.4134]]]}},{"type":"Feature","properties":{"name":null},"geometry":{"type":"Polygon","coordinates":[[[45.2064,40.4171],[45.2064,40.4171]]]}},{"type":"Feature","properties":{"name":null},"geometry":{"type":"Polygon","coordinates":[[[45.2061,40.4173],[45.2061,40.4173]]]}},{"type":"Feature","properties":{"name":null},"geometry":{"type":"Polygon","coordinates":[[[44.4037,40.0394],[44.4037,40.0394]]]}},{"type":"Feature","properties":{"name":null},"geometry":{"type":"Polygon","coordinates":[[[44.5532,40.1926],[44.5532,40.1926]]]}},{"type":"Feature","properties":{"name":null},"geometry":{"type":"Polygon","coordinates":[[[44.5493,40.196],[44.5493,40.196]]]}},{"type":"Feature","properties":{"name":null},"geometry":{"type":"Polygon","coordinates":[[[44.5496,40.1958],[44.5496,40.1958]]]}},{"type":"Feature","properties":{"name":null},"geometry":{"type":"Polygon","coordinates":[[[44.2457,40.6568],[44.2457,40.6568]]]}},{"type":"Feature","properties":{"name":null},"geometry":{"type":"Polygon","coordinates":[[[44.3286,40.0951],[44.3286,40.0951]]]}},{"type":"Feature","properties":{"name":null},"geometry":{"type":"Polygon","coordinates":[[[44.3227,40.0983],[44.3227,40.0983]]]}},{"type":"Feature","properties":{"name":null},"geometry":{"type":"Polygon","coordinates":[[[44.3646,40.1091],[44.3646,40.1091]]]}},{"type":"Feature","properties":{"name":null},"geometry":{"type":"Polygon","coordinates":[[[44.3639,40.1098],[44.3639,40.1098]]]}},{"type":"Feature","properties":{"name":null},"geometry":{"type":"Polygon","coordinates":[[[44.3642,40.1098],[44.3642,40.1098]]]}},{"type":"Feature","properties":{"name":null},"geometry":{"type":"Polygon","coordinates":[[[44.3645,40.1092],[44.3645,40.1092]]]}},{"type":"Feature","properties":{"name":null},"geometry":{"type":"Polygon","coordinates":[[[44.3655,40.1095],[44.3668,40.1088],[44.3655,40.1095]]]}},{"type":"Feature","properties":{"name":null},"geometry":{"type":"Polygon","coordinates":[[[44.3655,40.1104],[44.3668,40.1097],[44.3655,40.1104]]]}},{"type":"Feature","properties":{"name":null},"geometry":{"type":"Polygon","coordinates":[[[44.3656,40.1087],[44.3656,40.1087]]]}},{"type":"Feature","properties":{"name":null},"geometry":{"type":"Polygon","coordinates":[[[44.3523,40.0951],[44.3523,40.0951]]]}},{"type":"Feature","properties":{"name":null},"geometry":{"type":"Polygon","coordinates":[[[44.3497,40.0963],[44.3497,40.0963]]]}},{"type":"Feature","properties":{"name":null},"geometry":{"type":"Polygon","coordinates":[[[44.3488,40.093],[44.3488,40.093]]]}},{"type":"Feature","properties":{"name":null},"geometry":{"type":"Polygon","coordinates":[[[44.3494,40.0931],[44.3494,40.0931]]]}},{"type":"Feature","properties":{"name":null},"geometry":{"type":"Polygon","coordinates":[[[44.35,40.0933],[44.35,40.0933]]]}},{"type":"Feature","properties":{"name":null},"geometry":{"type":"Polygon","coordinates":[[[44.3476,40.0926],[44.3476,40.0926]]]}},{"type":"Feature","properties":{"name":null},"geometry":{"type":"Polygon","coordinates":[[[44.3476,40.0925],[44.3476,40.0925]]]}},{"type":"Feature","properties":{"name":null},"geometry":{"type":"Polygon","coordinates":[[[44.3427,40.0914],[44.3427,40.0914]]]}},{"type":"Feature","properties":{"name":null},"geometry":{"type":"Polygon","coordinates":[[[44.3551,40.0871],[44.3551,40.0871]]]}},{"type":"Feature","properties":{"name":null},"geometry":{"type":"Polygon","coordinates":[[[44.4764,40.0658],[44.4764,40.0658]]]}},{"type":"Feature","properties":{"name":null},"geometry":{"type":"Polygon","coordinates":[[[44.4764,40.0653],[44.4764,40.0653]]]}},{"type":"Feature","properties":{"name":null},"geometry":{"type":"Polygon","coordinates":[[[44.4769,40.0637],[44.4769,40.0637]]]}},{"type":"Feature","properties":{"name":null},"geometry":{"type":"Polygon","coordinates":[[[44.4745,40.0695],[44.4745,40.0695]]]}},{"type":"Feature","properties":{"name":null},"geometry":{"type":"Polygon","coordinates":[[[44.4845,40.0804],[44.4845,40.0804]]]}},{"type":"Feature","properties":{"name":null},"geometry":{"type":"Polygon","coordinates":[[[44.6254,40.0117],[44.6254,40.0117]]]}},{"type":"Feature","properties":{"name":null},"geometry":{"type":"Polygon","coordinates":[[[43.9706,40.9966],[43.9706,40.9966]]]}},{"type":"Feature","properties":{"name":null},"geometry":{"type":"Polygon","coordinates":[[[44.3862,40.0749],[44.3874,40.074],[44.3862,40.0749]]]}},{"type":"Feature","properties":{"name":null},"geometry":{"type":"Polygon","coordinates":[[[44.3922,40.0812],[44.3906,40.0822],[44.3922,40.0812]]]}},{"type":"Feature","properties":{"name":null},"geometry":{"type":"Polygon","coordinates":[[[44.3939,40.0779],[44.3939,40.0779]]]}},{"type":"Feature","properties":{"name":null},"geometry":{"type":"Polygon","coordinates":[[[44.3959,40.0673],[44.3959,40.0673]]]}},{"type":"Feature","properties":{"name":null},"geometry":{"type":"Polygon","coordinates":[[[44.4082,40.0732],[44.4082,40.0732]]]}},{"type":"Feature","properties":{"name":null},"geometry":{"type":"Polygon","coordinates":[[[44.4083,40.0735],[44.4083,40.0735]]]}},{"type":"Feature","properties":{"name":null},"geometry":{"type":"Polygon","coordinates":[[[44.4084,40.0737],[44.4084,40.0737]]]}},{"type":"Feature","properties":{"name":null},"geometry":{"type":"Polygon","coordinates":[[[44.4085,40.0738],[44.4085,40.0738]]]}},{"type":"Feature","properties":{"name":null},"geometry":{"type":"Polygon","coordinates":[[[44.3329,40.092],[44.3329,40.092]]]}},{"type":"Feature","properties":{"name":null},"geometry":{"type":"Polygon","coordinates":[[[44.3326,40.0922],[44.3326,40.0922]]]}},{"type":"Feature","properties":{"name":null},"geometry":{"type":"Polygon","coordinates":[[[44.453,40.0541],[44.453,40.0541]]]}},{"type":"Feature","properties":{"name":null},"geometry":{"type":"Polygon","coordinates":[[[44.5227,40.195],[44.5227,40.195]]]}},{"type":"Feature","properties":{"name":null},"geometry":{"type":"Polygon","coordinates":[[[44.4355,40.0091],[44.4355,40.0091]]]}},{"type":"Feature","properties":{"name":null},"geometry":{"type":"Polygon","coordinates":[[[44.3977,40.0174],[44.4006,40.017],[44.3977,40.0174]]]}},{"type":"Feature","properties":{"name":null},"geometry":{"type":"Polygon","coordinates":[[[44.389,40.0159],[44.389,40.0159]]]}},{"type":"Feature","properties":{"name":null},"geometry":{"type":"Polygon","coordinates":[[[44.3893,40.0159],[44.3893,40.0159]]]}},{"type":"Feature","properties":{"name":null},"geometry":{"type":"Polygon","coordinates":[[[44.389,40.0155],[44.3903,40.0148],[44.389,40.0155]]]}},{"type":"Feature","properties":{"name":null},"geometry":{"type":"Polygon","coordinates":[[[44.3647,40.0736],[44.3647,40.0736]]]}},{"type":"Feature","properties":{"name":null},"geometry":{"type":"Polygon","coordinates":[[[44.3643,40.0738],[44.3643,40.0738]]]}},{"type":"Feature","properties":{"name":null},"geometry":{"type":"Polygon","coordinates":[[[44.3641,40.074],[44.3641,40.074]]]}},{"type":"Feature","properties":{"name":null},"geometry":{"type":"Polygon","coordinates":[[[44.3622,40.0753],[44.3622,40.0753]]]}},{"type":"Feature","properties":{"name":null},"geometry":{"type":"Polygon","coordinates":[[[44.3635,40.0744],[44.3635,40.0744]]]}},{"type":"Feature","properties":{"name":null},"geometry":{"type":"Polygon","coordinates":[[[44.3566,40.0699],[44.3566,40.0699]]]}},{"type":"Feature","properties":{"name":null},"geometry":{"type":"Polygon","coordinates":[[[44.3503,40.0871],[44.3503,40.0871]]]}},{"type":"Feature","properties":{"name":null},"geometry":{"type":"Polygon","coordinates":[[[44.3488,40.0984],[44.3488,40.0984]]]}},{"type":"Feature","properties":{"name":null},"geometry":{"type":"Polygon","coordinates":[[[44.5614,40.2053],[44.5614,40.2053]]]}},{"type":"Feature","properties":{"name":null},"geometry":{"type":"Polygon","coordinates":[[[44.3534,40.0485],[44.3534,40.0485]]]}},{"type":"Feature","properties":{"name":null},"geometry":{"type":"Polygon","coordinates":[[[44.3639,40.0331],[44.3639,40.0331]]]}},{"type":"Feature","properties":{"name":null},"geometry":{"type":"Polygon","coordinates":[[[44.383,40.0333],[44.383,40.0333]]]}},{"type":"Feature","properties":{"name":null},"geometry":{"type":"Polygon","coordinates":[[[44.3833,40.0333],[44.385,40.033],[44.3833,40.0333]]]}},{"type":"Feature","properties":{"name":null},"geometry":{"type":"Polygon","coordinates":[[[44.3665,40.0421],[44.3665,40.0421]]]}},{"type":"Feature","properties":{"name":null},"geometry":{"type":"Polygon","coordinates":[[[44.3769,40.0566],[44.3769,40.0566]]]}},{"type":"Feature","properties":{"name":null},"geometry":{"type":"Polygon","coordinates":[[[44.3782,40.056],[44.3782,40.056]]]}},{"type":"Feature","properties":{"name":null},"geometry":{"type":"Polygon","coordinates":[[[44.3822,40.0584],[44.3822,40.0584]]]}},{"type":"Feature","properties":{"name":null},"geometry":{"type":"Polygon","coordinates":[[[44.383,40.0626],[44.383,40.0626]]]}},{"type":"Feature","properties":{"name":null},"geometry":{"type":"Polygon","coordinates":[[[44.3614,40.0622],[44.3614,40.0622]]]}},{"type":"Feature","properties":{"name":null},"geometry":{"type":"Polygon","coordinates":[[[44.3618,40.062],[44.3618,40.062]]]}},{"type":"Feature","properties":{"name":null},"geometry":{"type":"Polygon","coordinates":[[[44.3633,40.062],[44.3633,40.062]]]}},{"type":"Feature","properties":{"name":null},"geometry":{"type":"Polygon","coordinates":[[[44.3636,40.062],[44.3636,40.062]]]}},{"type":"Feature","properties":{"name":null},"geometry":{"type":"Polygon","coordinates":[[[44.3651,40.0614],[44.3651,40.0614]]]}},{"type":"Feature","properties":{"name":null},"geometry":{"type":"Polygon","coordinates":[[[44.3664,40.0608],[44.3664,40.0608]]]}},{"type":"Feature","properties":{"name":null},"geometry":{"type":"Polygon","coordinates":[[[44.365,40.0618],[44.365,40.0618]]]}},{"type":"Feature","properties":{"name":null},"geometry":{"type":"Polygon","coordinates":[[[44.3639,40.0618],[44.3639,40.0618]]]}},{"type":"Feature","properties":{"name":null},"geometry":{"type":"Polygon","coordinates":[[[44.3689,40.0596],[44.3689,40.0596]]]}},{"type":"Feature","properties":{"name":null},"geometry":{"type":"Polygon","coordinates":[[[44.3687,40.0597],[44.3687,40.0597]]]}},{"type":"Feature","properties":{"name":null},"geometry":{"type":"Polygon","coordinates":[[[44.3684,40.0599],[44.3684,40.0599]]]}},{"type":"Feature","properties":{"name":null},"geometry":{"type":"Polygon","coordinates":[[[44.3681,40.06],[44.3681,40.06]]]}},{"type":"Feature","properties":{"name":null},"geometry":{"type":"Polygon","coordinates":[[[44.3677,40.0602],[44.3677,40.0602]]]}},{"type":"Feature","properties":{"name":null},"geometry":{"type":"Polygon","coordinates":[[[44.3561,40.0629],[44.3561,40.0629]]]}},{"type":"Feature","properties":{"name":null},"geometry":{"type":"Polygon","coordinates":[[[44.6189,40.4228],[44.6189,40.4228]]]}},{"type":"Feature","properties":{"name":null},"geometry":{"type":"Polygon","coordinates":[[[44.3891,40.0946],[44.3891,40.0946]]]}},{"type":"Feature","properties":{"name":null},"geometry":{"type":"Polygon","coordinates":[[[44.3886,40.0948],[44.3886,40.0948]]]}},{"type":"Feature","properties":{"name":null},"geometry":{"type":"Polygon","coordinates":[[[44.371,40.1044],[44.371,40.1044]]]}},{"type":"Feature","properties":{"name":null},"geometry":{"type":"Polygon","coordinates":[[[44.3728,40.1061],[44.3728,40.1061]]]}},{"type":"Feature","properties":{"name":null},"geometry":{"type":"Polygon","coordinates":[[[44.342,40.1027],[44.342,40.1027]]]}},{"type":"Feature","properties":{"name":null},"geometry":{"type":"Polygon","coordinates":[[[44.3176,40.1015],[44.3176,40.1015]]]}},{"type":"Feature","properties":{"name":null},"geometry":{"type":"Polygon","coordinates":[[[44.3187,40.0995],[44.3187,40.0995]]]}},{"type":"Feature","properties":{"name":null},"geometry":{"type":"Polygon","coordinates":[[[44.3213,40.099],[44.3196,40.0993],[44.3213,40.099]]]}},{"type":"Feature","properties":{"name":null},"geometry":{"type":"Polygon","coordinates":[[[44.3214,40.099],[44.3214,40.099]]]}},{"type":"Feature","properties":{"name":null},"geometry":{"type":"Polygon","coordinates":[[[44.318,40.0996],[44.318,40.0996]]]}},{"type":"Feature","properties":{"name":null},"geometry":{"type":"Polygon","coordinates":[[[44.3179,40.0995],[44.3179,40.0995]]]}},{"type":"Feature","properties":{"name":null},"geometry":{"type":"Polygon","coordinates":[[[44.3155,40.0998],[44.3155,40.0998]]]}},{"type":"Feature","properties":{"name":null},"geometry":{"type":"Polygon","coordinates":[[[44.4283,40.0123],[44.4283,40.0123]]]}},{"type":"Feature","properties":{"name":null},"geometry":{"type":"Polygon","coordinates":[[[44.4273,40.0129],[44.4273,40.0129]]]}},{"type":"Feature","properties":{"name":null},"geometry":{"type":"Polygon","coordinates":[[[44.4282,40.0121],[44.4282,40.0121]]]}},{"type":"Feature","properties":{"name":null},"geometry":{"type":"Polygon","coordinates":[[[44.4271,40.0127],[44.4271,40.0127]]]}},{"type":"Feature","properties":{"name":null},"geometry":{"type":"Polygon","coordinates":[[[44.4274,40.013],[44.4274,40.013]]]}},{"type":"Feature","properties":{"name":null},"geometry":{"type":"Polygon","coordinates":[[[44.4285,40.0124],[44.4285,40.0124]]]}},{"type":"Feature","properties":{"name":null},"geometry":{"type":"Polygon","coordinates":[[[44.4296,40.0118],[44.4296,40.0118]]]}},{"type":"Feature","properties":{"name":null},"geometry":{"type":"Polygon","coordinates":[[[44.4294,40.0116],[44.4294,40.0116]]]}},{"type":"Feature","properties":{"name":null},"geometry":{"type":"Polygon","coordinates":[[[44.4292,40.0115],[44.4292,40.0115]]]}},{"type":"Feature","properties":{"name":null},"geometry":{"type":"Polygon","coordinates":[[[44.4079,40.0446],[44.4079,40.0446]]]}},{"type":"Feature","properties":{"name":null},"geometry":{"type":"Polygon","coordinates":[[[44.4082,40.0445],[44.4082,40.0445]]]}},{"type":"Feature","properties":{"name":null},"geometry":{"type":"Polygon","coordinates":[[[44.408,40.0434],[44.408,40.0434]]]}},{"type":"Feature","properties":{"name":null},"geometry":{"type":"Polygon","coordinates":[[[44.4082,40.0434],[44.4082,40.0434]]]}},{"type":"Feature","properties":{"name":null},"geometry":{"type":"Polygon","coordinates":[[[44.4085,40.0435],[44.4085,40.0435]]]}},{"type":"Feature","properties":{"name":null},"geometry":{"type":"Polygon","coordinates":[[[44.4087,40.0435],[44.4087,40.0435]]]}},{"type":"Feature","properties":{"name":null},"geometry":{"type":"Polygon","coordinates":[[[44.4084,40.0445],[44.4084,40.0445]]]}},{"type":"Feature","properties":{"name":null},"geometry":{"type":"Polygon","coordinates":[[[44.4086,40.0443],[44.4086,40.0443]]]}},{"type":"Feature","properties":{"name":null},"geometry":{"type":"Polygon","coordinates":[[[44.4086,40.0482],[44.4086,40.0482]]]}},{"type":"Feature","properties":{"name":null},"geometry":{"type":"Polygon","coordinates":[[[44.4087,40.0481],[44.4087,40.0481]]]}},{"type":"Feature","properties":{"name":null},"geometry":{"type":"Polygon","coordinates":[[[44.4074,40.0479],[44.4074,40.0479]]]}},{"type":"Feature","properties":{"name":null},"geometry":{"type":"Polygon","coordinates":[[[44.4081,40.0475],[44.4081,40.0475]]]}},{"type":"Feature","properties":{"name":null},"geometry":{"type":"Polygon","coordinates":[[[44.4069,40.0474],[44.4069,40.0474]]]}},{"type":"Feature","properties":{"name":null},"geometry":{"type":"Polygon","coordinates":[[[44.4076,40.047],[44.4076,40.047]]]}},{"type":"Feature","properties":{"name":null},"geometry":{"type":"Polygon","coordinates":[[[44.3523,40.0892],[44.3523,40.0892]]]}},{"type":"Feature","properties":{"name":null},"geometry":{"type":"Polygon","coordinates":[[[44.364,40.0327],[44.364,40.0327]]]}},{"type":"Feature","properties":{"name":null},"geometry":{"type":"Polygon","coordinates":[[[44.3971,40.0377],[44.3956,40.0389],[44.3971,40.0377]]]}},{"type":"Feature","properties":{"name":null},"geometry":{"type":"Polygon","coordinates":[[[44.3959,40.0393],[44.3959,40.0393]]]}},{"type":"Feature","properties":{"name":null},"geometry":{"type":"Polygon","coordinates":[[[44.395,40.04],[44.395,40.04]]]}},{"type":"Feature","properties":{"name":null},"geometry":{"type":"Polygon","coordinates":[[[44.3942,40.0406],[44.3942,40.0406]]]}},{"type":"Feature","properties":{"name":null},"geometry":{"type":"Polygon","coordinates":[[[44.3943,40.0407],[44.3943,40.0407]]]}},{"type":"Feature","properties":{"name":null},"geometry":{"type":"Polygon","coordinates":[[[44.3945,40.0408],[44.3945,40.0408]]]}},{"type":"Feature","properties":{"name":null},"geometry":{"type":"Polygon","coordinates":[[[44.3946,40.0409],[44.3946,40.0409]]]}},{"type":"Feature","properties":{"name":null},"geometry":{"type":"Polygon","coordinates":[[[44.3946,40.041],[44.3946,40.041]]]}},{"type":"Feature","properties":{"name":null},"geometry":{"type":"Polygon","coordinates":[[[44.4041,40.0401],[44.4041,40.0401]]]}},{"type":"Feature","properties":{"name":null},"geometry":{"type":"Polygon","coordinates":[[[44.404,40.0398],[44.404,40.0398]]]}},{"type":"Feature","properties":{"name":null},"geometry":{"type":"Polygon","coordinates":[[[44.3846,40.0523],[44.3846,40.0523]]]}},{"type":"Feature","properties":{"name":null},"geometry":{"type":"Polygon","coordinates":[[[44.3844,40.053],[44.3844,40.053]]]}},{"type":"Feature","properties":{"name":null},"geometry":{"type":"Polygon","coordinates":[[[44.3864,40.0541],[44.3864,40.0541]]]}},{"type":"Feature","properties":{"name":null},"geometry":{"type":"Polygon","coordinates":[[[44.3864,40.0555],[44.3864,40.0555]]]}},{"type":"Feature","properties":{"name":null},"geometry":{"type":"Polygon","coordinates":[[[44.3787,40.0565],[44.3787,40.0565]]]}},{"type":"Feature","properties":{"name":null},"geometry":{"type":"Polygon","coordinates":[[[44.3572,40.0697],[44.3572,40.0697]]]}},{"type":"Feature","properties":{"name":null},"geometry":{"type":"Polygon","coordinates":[[[44.3842,40.074],[44.3842,40.074]]]}},{"type":"Feature","properties":{"name":null},"geometry":{"type":"Polygon","coordinates":[[[44.3845,40.0745],[44.3845,40.0745]]]}},{"type":"Feature","properties":{"name":null},"geometry":{"type":"Polygon","coordinates":[[[44.3843,40.0745],[44.3843,40.0745]]]}},{"type":"Feature","properties":{"name":null},"geometry":{"type":"Polygon","coordinates":[[[44.3889,40.0738],[44.3889,40.0738]]]}},{"type":"Feature","properties":{"name":null},"geometry":{"type":"Polygon","coordinates":[[[44.3915,40.0697],[44.3915,40.0697]]]}},{"type":"Feature","properties":{"name":null},"geometry":{"type":"Polygon","coordinates":[[[44.3979,40.081],[44.3979,40.081]]]}},{"type":"Feature","properties":{"name":null},"geometry":{"type":"Polygon","coordinates":[[[44.3501,40.0984],[44.3501,40.0984]]]}},{"type":"Feature","properties":{"name":null},"geometry":{"type":"Polygon","coordinates":[[[44.3961,40.0818],[44.3961,40.0818]]]}},{"type":"Feature","properties":{"name":null},"geometry":{"type":"Polygon","coordinates":[[[44.522,40.199],[44.522,40.199]]]}},{"type":"Feature","properties":{"name":null},"geometry":{"type":"Polygon","coordinates":[[[44.5202,40.198],[44.5202,40.198]]]}},{"type":"Feature","properties":{"name":null},"geometry":{"type":"Polygon","coordinates":[[[44.9004,40.7431],[44.9004,40.7431]]]}},{"type":"Feature","properties":{"name":null},"geometry":{"type":"Polygon","coordinates":[[[44.3855,40.0999],[44.3855,40.0999]]]}},{"type":"Feature","properties":{"name":null},"geometry":{"type":"Polygon","coordinates":[[[44.3829,40.098],[44.3829,40.098]]]}},{"type":"Feature","properties":{"name":null},"geometry":{"type":"Polygon","coordinates":[[[44.3869,40.1055],[44.3869,40.1055]]]}},{"type":"Feature","properties":{"name":null},"geometry":{"type":"Polygon","coordinates":[[[44.384,40.0923],[44.384,40.0923]]]}},{"type":"Feature","properties":{"name":null},"geometry":{"type":"Polygon","coordinates":[[[44.3841,40.0922],[44.3841,40.0922]]]}},{"type":"Feature","properties":{"name":null},"geometry":{"type":"Polygon","coordinates":[[[44.3841,40.092],[44.3841,40.092]]]}},{"type":"Feature","properties":{"name":null},"geometry":{"type":"Polygon","coordinates":[[[44.3842,40.0919],[44.3842,40.0919]]]}},{"type":"Feature","properties":{"name":null},"geometry":{"type":"Polygon","coordinates":[[[44.3842,40.0918],[44.3842,40.0918]]]}},{"type":"Feature","properties":{"name":null},"geometry":{"type":"Polygon","coordinates":[[[44.3871,40.0941],[44.3871,40.0941]]]}},{"type":"Feature","properties":{"name":null},"geometry":{"type":"Polygon","coordinates":[[[44.3872,40.094],[44.3872,40.094]]]}},{"type":"Feature","properties":{"name":null},"geometry":{"type":"Polygon","coordinates":[[[44.3873,40.0939],[44.3873,40.0939]]]}},{"type":"Feature","properties":{"name":null},"geometry":{"type":"Polygon","coordinates":[[[44.3875,40.0938],[44.3875,40.0938]]]}},{"type":"Feature","properties":{"name":null},"geometry":{"type":"Polygon","coordinates":[[[44.3876,40.0938],[44.3876,40.0938]]]}},{"type":"Feature","properties":{"name":null},"geometry":{"type":"Polygon","coordinates":[[[44.3882,40.0942],[44.3882,40.0942]]]}},{"type":"Feature","properties":{"name":null},"geometry":{"type":"Polygon","coordinates":[[[44.3871,40.0932],[44.3871,40.0932]]]}},{"type":"Feature","properties":{"name":null},"geometry":{"type":"Polygon","coordinates":[[[44.387,40.0933],[44.387,40.0933]]]}},{"type":"Feature","properties":{"name":null},"geometry":{"type":"Polygon","coordinates":[[[44.3869,40.0935],[44.3869,40.0935]]]}},{"type":"Feature","properties":{"name":null},"geometry":{"type":"Polygon","coordinates":[[[44.3974,40.0973],[44.3974,40.0973]]]}},{"type":"Feature","properties":{"name":null},"geometry":{"type":"Polygon","coordinates":[[[44.3976,40.0975],[44.3976,40.0975]]]}},{"type":"Feature","properties":{"name":null},"geometry":{"type":"Polygon","coordinates":[[[44.364,40.1122],[44.364,40.1122]]]}},{"type":"Feature","properties":{"name":null},"geometry":{"type":"Polygon","coordinates":[[[44.3549,40.1133],[44.3549,40.1133]]]}},{"type":"Feature","properties":{"name":null},"geometry":{"type":"Polygon","coordinates":[[[44.3546,40.1133],[44.3546,40.1133]]]}},{"type":"Feature","properties":{"name":null},"geometry":{"type":"Polygon","coordinates":[[[44.3549,40.1142],[44.3558,40.1129],[44.3549,40.1142]]]}},{"type":"Feature","properties":{"name":null},"geometry":{"type":"Polygon","coordinates":[[[44.3568,40.1129],[44.3568,40.1129]]]}},{"type":"Feature","properties":{"name":null},"geometry":{"type":"Polygon","coordinates":[[[44.3558,40.113],[44.3558,40.113]]]}},{"type":"Feature","properties":{"name":null},"geometry":{"type":"Polygon","coordinates":[[[44.3149,40.1227],[44.3149,40.1227]]]}},{"type":"Feature","properties":{"name":null},"geometry":{"type":"Polygon","coordinates":[[[44.588,40.3113],[44.588,40.3113]]]}},{"type":"Feature","properties":{"name":null},"geometry":{"type":"Polygon","coordinates":[[[44.588,40.3112],[44.588,40.3112]]]}},{"type":"Feature","properties":{"name":null},"geometry":{"type":"Polygon","coordinates":[[[44.588,40.3111],[44.588,40.3111]]]}},{"type":"Feature","properties":{"name":null},"geometry":{"type":"Polygon","coordinates":[[[44.588,40.311],[44.588,40.311]]]}},{"type":"Feature","properties":{"name":null},"geometry":{"type":"Polygon","coordinates":[[[44.588,40.3109],[44.588,40.3109]]]}},{"type":"Feature","properties":{"name":null},"geometry":{"type":"Polygon","coordinates":[[[44.588,40.3108],[44.588,40.3108]]]}},{"type":"Feature","properties":{"name":null},"geometry":{"type":"Polygon","coordinates":[[[44.588,40.3103],[44.588,40.3103]]]}},{"type":"Feature","properties":{"name":null},"geometry":{"type":"Polygon","coordinates":[[[44.5881,40.3102],[44.5881,40.3102]]]}},{"type":"Feature","properties":{"name":null},"geometry":{"type":"Polygon","coordinates":[[[44.5881,40.3101],[44.5881,40.3101]]]}},{"type":"Feature","properties":{"name":null},"geometry":{"type":"Polygon","coordinates":[[[44.5882,40.3097],[44.5882,40.3097]]]}},{"type":"Feature","properties":{"name":null},"geometry":{"type":"Polygon","coordinates":[[[44.5883,40.3095],[44.5883,40.3095]]]}},{"type":"Feature","properties":{"name":null},"geometry":{"type":"Polygon","coordinates":[[[44.588,40.3105],[44.588,40.3105]]]}},{"type":"Feature","properties":{"name":null},"geometry":{"type":"Polygon","coordinates":[[[44.588,40.3106],[44.588,40.3106]]]}},{"type":"Feature","properties":{"name":null},"geometry":{"type":"Polygon","coordinates":[[[44.588,40.3107],[44.588,40.3107]]]}},{"type":"Feature","properties":{"name":null},"geometry":{"type":"Polygon","coordinates":[[[44.5882,40.3111],[44.5882,40.3111]]]}},{"type":"Feature","properties":{"name":null},"geometry":{"type":"Polygon","coordinates":[[[44.5884,40.3123],[44.5884,40.3123]]]}},{"type":"Feature","properties":{"name":null},"geometry":{"type":"Polygon","coordinates":[[[44.588,40.313],[44.588,40.313]]]}},{"type":"Feature","properties":{"name":null},"geometry":{"type":"Polygon","coordinates":[[[44.5882,40.3111],[44.589,40.3095],[44.5882,40.3111]]]}},{"type":"Feature","properties":{"name":null},"geometry":{"type":"Polygon","coordinates":[[[44.5859,40.3153],[44.5859,40.3153]]]}},{"type":"Feature","properties":{"name":null},"geometry":{"type":"Polygon","coordinates":[[[44.5867,40.3144],[44.5867,40.3144]]]}},{"type":"Feature","properties":{"name":null},"geometry":{"type":"Polygon","coordinates":[[[44.4691,40.0805],[44.4691,40.0805]]]}},{"type":"Feature","properties":{"name":null},"geometry":{"type":"Polygon","coordinates":[[[44.4653,40.0749],[44.4653,40.0749]]]}},{"type":"Feature","properties":{"name":null},"geometry":{"type":"Polygon","coordinates":[[[44.4093,40.0528],[44.4093,40.0528]]]}},{"type":"Feature","properties":{"name":null},"geometry":{"type":"Polygon","coordinates":[[[44.4139,40.0504],[44.4139,40.0504]]]}},{"type":"Feature","properties":{"name":null},"geometry":{"type":"Polygon","coordinates":[[[44.4137,40.0504],[44.4137,40.0504]]]}},{"type":"Feature","properties":{"name":null},"geometry":{"type":"Polygon","coordinates":[[[44.4134,40.0505],[44.4134,40.0505]]]}},{"type":"Feature","properties":{"name":null},"geometry":{"type":"Polygon","coordinates":[[[44.4135,40.0505],[44.4135,40.0505]]]}},{"type":"Feature","properties":{"name":null},"geometry":{"type":"Polygon","coordinates":[[[44.413,40.0506],[44.413,40.0506]]]}},{"type":"Feature","properties":{"name":null},"geometry":{"type":"Polygon","coordinates":[[[44.4132,40.0505],[44.4132,40.0505]]]}},{"type":"Feature","properties":{"name":null},"geometry":{"type":"Polygon","coordinates":[[[44.4135,40.0499],[44.4135,40.0499]]]}},{"type":"Feature","properties":{"name":null},"geometry":{"type":"Polygon","coordinates":[[[44.4137,40.0499],[44.4137,40.0499]]]}},{"type":"Feature","properties":{"name":null},"geometry":{"type":"Polygon","coordinates":[[[44.4131,40.05],[44.4131,40.05]]]}},{"type":"Feature","properties":{"name":null},"geometry":{"type":"Polygon","coordinates":[[[44.4133,40.05],[44.4133,40.05]]]}},{"type":"Feature","properties":{"name":null},"geometry":{"type":"Polygon","coordinates":[[[44.4139,40.052],[44.4139,40.052]]]}},{"type":"Feature","properties":{"name":null},"geometry":{"type":"Polygon","coordinates":[[[44.4136,40.052],[44.4136,40.052]]]}},{"type":"Feature","properties":{"name":null},"geometry":{"type":"Polygon","coordinates":[[[44.3923,40.0617],[44.3923,40.0617]]]}},{"type":"Feature","properties":{"name":null},"geometry":{"type":"Polygon","coordinates":[[[44.3412,40.1019],[44.3412,40.1019]]]}},{"type":"Feature","properties":{"name":null},"geometry":{"type":"Polygon","coordinates":[[[44.3505,40.0879],[44.3505,40.0879]]]}},{"type":"Feature","properties":{"name":null},"geometry":{"type":"Polygon","coordinates":[[[44.3506,40.0878],[44.3506,40.0878]]]}},{"type":"Feature","properties":{"name":null},"geometry":{"type":"Polygon","coordinates":[[[44.3507,40.0876],[44.3507,40.0876]]]}},{"type":"Feature","properties":{"name":null},"geometry":{"type":"Polygon","coordinates":[[[44.3508,40.0875],[44.3508,40.0875]]]}},{"type":"Feature","properties":{"name":null},"geometry":{"type":"Polygon","coordinates":[[[44.3514,40.0884],[44.3514,40.0884]]]}},{"type":"Feature","properties":{"name":null},"geometry":{"type":"Polygon","coordinates":[[[44.3516,40.0884],[44.3516,40.0884]]]}},{"type":"Feature","properties":{"name":null},"geometry":{"type":"Polygon","coordinates":[[[44.3548,40.0809],[44.3548,40.0809]]]}},{"type":"Feature","properties":{"name":null},"geometry":{"type":"Polygon","coordinates":[[[44.3544,40.0807],[44.3544,40.0807]]]}},{"type":"Feature","properties":{"name":null},"geometry":{"type":"Polygon","coordinates":[[[44.3538,40.0805],[44.3538,40.0805]]]}},{"type":"Feature","properties":{"name":null},"geometry":{"type":"Polygon","coordinates":[[[44.3535,40.0806],[44.3535,40.0806]]]}},{"type":"Feature","properties":{"name":null},"geometry":{"type":"Polygon","coordinates":[[[44.4354,40.0103],[44.4354,40.0103]]]}},{"type":"Feature","properties":{"name":null},"geometry":{"type":"Polygon","coordinates":[[[44.3296,40.0933],[44.3296,40.0933]]]}},{"type":"Feature","properties":{"name":null},"geometry":{"type":"Polygon","coordinates":[[[44.3291,40.0936],[44.3291,40.0936]]]}},{"type":"Feature","properties":{"name":null},"geometry":{"type":"Polygon","coordinates":[[[44.3285,40.0924],[44.3285,40.0924]]]}},{"type":"Feature","properties":{"name":null},"geometry":{"type":"Polygon","coordinates":[[[44.3281,40.0927],[44.3281,40.0927]]]}},{"type":"Feature","properties":{"name":null},"geometry":{"type":"Polygon","coordinates":[[[44.3273,40.0932],[44.3273,40.0932]]]}},{"type":"Feature","properties":{"name":null},"geometry":{"type":"Polygon","coordinates":[[[44.356,40.0897],[44.356,40.0897]]]}},{"type":"Feature","properties":{"name":null},"geometry":{"type":"Polygon","coordinates":[[[44.3594,40.0944],[44.3576,40.0946],[44.3594,40.0944]]]}},{"type":"Feature","properties":{"name":null},"geometry":{"type":"Polygon","coordinates":[[[44.357,40.0947],[44.357,40.0947]]]}},{"type":"Feature","properties":{"name":null},"geometry":{"type":"Polygon","coordinates":[[[44.3492,40.0991],[44.3492,40.0991]]]}},{"type":"Feature","properties":{"name":null},"geometry":{"type":"Polygon","coordinates":[[[44.3497,40.0988],[44.3497,40.0988]]]}},{"type":"Feature","properties":{"name":null},"geometry":{"type":"Polygon","coordinates":[[[44.3496,40.0989],[44.3496,40.0989]]]}},{"type":"Feature","properties":{"name":null},"geometry":{"type":"Polygon","coordinates":[[[44.3495,40.099],[44.3495,40.099]]]}},{"type":"Feature","properties":{"name":null},"geometry":{"type":"Polygon","coordinates":[[[44.3497,40.0993],[44.3497,40.0993]]]}},{"type":"Feature","properties":{"name":null},"geometry":{"type":"Polygon","coordinates":[[[44.3392,40.0976],[44.3392,40.0976]]]}},{"type":"Feature","properties":{"name":null},"geometry":{"type":"Polygon","coordinates":[[[44.4079,40.065],[44.4079,40.065]]]}},{"type":"Feature","properties":{"name":null},"geometry":{"type":"Polygon","coordinates":[[[44.3638,40.0683],[44.3638,40.0683]]]}},{"type":"Feature","properties":{"name":null},"geometry":{"type":"Polygon","coordinates":[[[44.3643,40.0716],[44.3643,40.0716]]]}},{"type":"Feature","properties":{"name":null},"geometry":{"type":"Polygon","coordinates":[[[44.3645,40.072],[44.3645,40.072]]]}},{"type":"Feature","properties":{"name":null},"geometry":{"type":"Polygon","coordinates":[[[44.5167,40.6042],[44.5167,40.6042]]]}},{"type":"Feature","properties":{"name":null},"geometry":{"type":"Polygon","coordinates":[[[44.5052,40.6118],[44.5052,40.6118]]]}},{"type":"Feature","properties":{"name":null},"geometry":{"type":"Polygon","coordinates":[[[44.4127,40.0241],[44.4127,40.0241]]]}},{"type":"Feature","properties":{"name":null},"geometry":{"type":"Polygon","coordinates":[[[44.4038,40.0304],[44.4052,40.0312],[44.4038,40.0304]]]}},{"type":"Feature","properties":{"name":null},"geometry":{"type":"Polygon","coordinates":[[[44.4046,40.0323],[44.4046,40.0323]]]}},{"type":"Feature","properties":{"name":null},"geometry":{"type":"Polygon","coordinates":[[[44.411,40.0484],[44.411,40.0484]]]}},{"type":"Feature","properties":{"name":null},"geometry":{"type":"Polygon","coordinates":[[[44.4103,40.0485],[44.4103,40.0485]]]}},{"type":"Feature","properties":{"name":null},"geometry":{"type":"Polygon","coordinates":[[[44.4101,40.0486],[44.4101,40.0486]]]}},{"type":"Feature","properties":{"name":null},"geometry":{"type":"Polygon","coordinates":[[[44.4097,40.0485],[44.4097,40.0485]]]}},{"type":"Feature","properties":{"name":null},"geometry":{"type":"Polygon","coordinates":[[[44.4094,40.0486],[44.4094,40.0486]]]}},{"type":"Feature","properties":{"name":null},"geometry":{"type":"Polygon","coordinates":[[[44.4092,40.0487],[44.4092,40.0487]]]}},{"type":"Feature","properties":{"name":null},"geometry":{"type":"Polygon","coordinates":[[[44.409,40.0488],[44.409,40.0488]]]}},{"type":"Feature","properties":{"name":null},"geometry":{"type":"Polygon","coordinates":[[[44.4089,40.0489],[44.4089,40.0489]]]}},{"type":"Feature","properties":{"name":null},"geometry":{"type":"Polygon","coordinates":[[[44.4106,40.0563],[44.4106,40.0563]]]}},{"type":"Feature","properties":{"name":null},"geometry":{"type":"Polygon","coordinates":[[[44.2625,40.1405],[44.2625,40.1405]]]}},{"type":"Feature","properties":{"name":null},"geometry":{"type":"Polygon","coordinates":[[[44.3053,40.0583],[44.3035,40.059],[44.3053,40.0583]]]}},{"type":"Feature","properties":{"name":null},"geometry":{"type":"Polygon","coordinates":[[[45.0648,41.03],[45.0648,41.03]]]}},{"type":"Feature","properties":{"name":null},"geometry":{"type":"Polygon","coordinates":[[[44.3699,40.3043],[44.3699,40.3043]]]}},{"type":"Feature","properties":{"name":null},"geometry":{"type":"Polygon","coordinates":[[[44.7031,40.7323],[44.7031,40.7323]]]}},{"type":"Feature","properties":{"name":null},"geometry":{"type":"Polygon","coordinates":[[[44.6045,40.0771],[44.6045,40.0771]]]}},{"type":"Feature","properties":{"name":null},"geometry":{"type":"Polygon","coordinates":[[[44.3858,40.0579],[44.3858,40.0579]]]}},{"type":"Feature","properties":{"name":null},"geometry":{"type":"Polygon","coordinates":[[[44.3697,40.1168],[44.3697,40.1168]]]}},{"type":"Feature","properties":{"name":null},"geometry":{"type":"Polygon","coordinates":[[[44.3469,40.0938],[44.3469,40.0938]]]}},{"type":"Feature","properties":{"name":null},"geometry":{"type":"Polygon","coordinates":[[[44.3295,40.0957],[44.3295,40.0957]]]}},{"type":"Feature","properties":{"name":null},"geometry":{"type":"Polygon","coordinates":[[[44.3599,40.1011],[44.3599,40.1011]]]}},{"type":"Feature","properties":{"name":null},"geometry":{"type":"Polygon","coordinates":[[[44.3605,40.1013],[44.3605,40.1013]]]}},{"type":"Feature","properties":{"name":null},"geometry":{"type":"Polygon","coordinates":[[[44.36,40.1006],[44.36,40.1006]]]}},{"type":"Feature","properties":{"name":null},"geometry":{"type":"Polygon","coordinates":[[[44.3515,40.1018],[44.3515,40.1018]]]}},{"type":"Feature","properties":{"name":null},"geometry":{"type":"Polygon","coordinates":[[[44.3514,40.1017],[44.3514,40.1017]]]}},{"type":"Feature","properties":{"name":null},"geometry":{"type":"Polygon","coordinates":[[[44.351,40.1014],[44.351,40.1014]]]}},{"type":"Feature","properties":{"name":null},"geometry":{"type":"Polygon","coordinates":[[[44.3512,40.1015],[44.3512,40.1015]]]}},{"type":"Feature","properties":{"name":null},"geometry":{"type":"Polygon","coordinates":[[[44.3506,40.1012],[44.3506,40.1012]]]}},{"type":"Feature","properties":{"name":null},"geometry":{"type":"Polygon","coordinates":[[[44.3508,40.1013],[44.3508,40.1013]]]}},{"type":"Feature","properties":{"name":null},"geometry":{"type":"Polygon","coordinates":[[[44.3646,40.0761],[44.3646,40.0761]]]}},{"type":"Feature","properties":{"name":null},"geometry":{"type":"Polygon","coordinates":[[[44.3696,40.0766],[44.3696,40.0766]]]}},{"type":"Feature","properties":{"name":null},"geometry":{"type":"Polygon","coordinates":[[[44.3699,40.077],[44.3699,40.077]]]}},{"type":"Feature","properties":{"name":null},"geometry":{"type":"Polygon","coordinates":[[[44.3703,40.0774],[44.3703,40.0774]]]}},{"type":"Feature","properties":{"name":null},"geometry":{"type":"Polygon","coordinates":[[[44.3592,40.106],[44.36,40.1076],[44.3592,40.106]]]}},{"type":"Feature","properties":{"name":null},"geometry":{"type":"Polygon","coordinates":[[[44.3413,40.1049],[44.3413,40.1049]]]}},{"type":"Feature","properties":{"name":null},"geometry":{"type":"Polygon","coordinates":[[[44.3425,40.1051],[44.3425,40.1051]]]}},{"type":"Feature","properties":{"name":null},"geometry":{"type":"Polygon","coordinates":[[[44.3399,40.3246],[44.3399,40.3246]]]}},{"type":"Feature","properties":{"name":null},"geometry":{"type":"Polygon","coordinates":[[[44.3399,40.336],[44.3399,40.336]]]}},{"type":"Feature","properties":{"name":null},"geometry":{"type":"Polygon","coordinates":[[[44.3361,40.3293],[44.3361,40.3293]]]}},{"type":"Feature","properties":{"name":null},"geometry":{"type":"Polygon","coordinates":[[[44.3511,40.3368],[44.3511,40.3368]]]}},{"type":"Feature","properties":{"name":null},"geometry":{"type":"Polygon","coordinates":[[[43.7647,40.8438],[43.7647,40.8438]]]}},{"type":"Feature","properties":{"name":null},"geometry":{"type":"Polygon","coordinates":[[[43.765,40.8419],[43.765,40.8419]]]}},{"type":"Feature","properties":{"name":null},"geometry":{"type":"Polygon","coordinates":[[[45.2113,40.187],[45.2113,40.187]]]}},{"type":"Feature","properties":{"name":null},"geometry":{"type":"Polygon","coordinates":[[[45.2116,40.1877],[45.2116,40.1877]]]}},{"type":"Feature","properties":{"name":null},"geometry":{"type":"Polygon","coordinates":[[[45.2117,40.1873],[45.2117,40.1873]]]}},{"type":"Feature","properties":{"name":null},"geometry":{"type":"Polygon","coordinates":[[[45.2538,40.1751],[45.2556,40.1777],[45.2591,40.1752],[45.2538,40.1751]]]}},{"type":"Feature","properties":{"name":null},"geometry":{"type":"Polygon","coordinates":[[[44.3628,40.0709],[44.3628,40.0709]]]}},{"type":"Feature","properties":{"name":null},"geometry":{"type":"Polygon","coordinates":[[[44.3663,40.061],[44.3663,40.061]]]}},{"type":"Feature","properties":{"name":null},"geometry":{"type":"Polygon","coordinates":[[[44.3788,40.0621],[44.3788,40.0621]]]}},{"type":"Feature","properties":{"name":null},"geometry":{"type":"Polygon","coordinates":[[[44.3811,40.0615],[44.3811,40.0615]]]}},{"type":"Feature","properties":{"name":null},"geometry":{"type":"Polygon","coordinates":[[[44.3791,40.0632],[44.3791,40.0632]]]}},{"type":"Feature","properties":{"name":null},"geometry":{"type":"Polygon","coordinates":[[[44.3809,40.0631],[44.3809,40.0631]]]}},{"type":"Feature","properties":{"name":null},"geometry":{"type":"Polygon","coordinates":[[[44.3807,40.0631],[44.3807,40.0631]]]}},{"type":"Feature","properties":{"name":null},"geometry":{"type":"Polygon","coordinates":[[[44.3831,40.0622],[44.3831,40.0622]]]}},{"type":"Feature","properties":{"name":null},"geometry":{"type":"Polygon","coordinates":[[[44.378,40.0556],[44.378,40.0556]]]}},{"type":"Feature","properties":{"name":null},"geometry":{"type":"Polygon","coordinates":[[[44.3384,40.109],[44.3384,40.109]]]}},{"type":"Feature","properties":{"name":null},"geometry":{"type":"Polygon","coordinates":[[[44.3458,40.093],[44.3458,40.093]]]}},{"type":"Feature","properties":{"name":null},"geometry":{"type":"Polygon","coordinates":[[[44.3701,40.0793],[44.3701,40.0793]]]}},{"type":"Feature","properties":{"name":null},"geometry":{"type":"Polygon","coordinates":[[[44.3701,40.079],[44.3701,40.079]]]}},{"type":"Feature","properties":{"name":null},"geometry":{"type":"Polygon","coordinates":[[[44.3792,40.0633],[44.3792,40.0633]]]}},{"type":"Feature","properties":{"name":null},"geometry":{"type":"Polygon","coordinates":[[[44.3769,40.063],[44.3769,40.063]]]}},{"type":"Feature","properties":{"name":null},"geometry":{"type":"Polygon","coordinates":[[[44.3768,40.063],[44.3768,40.063]]]}},{"type":"Feature","properties":{"name":null},"geometry":{"type":"Polygon","coordinates":[[[44.3766,40.063],[44.3766,40.063]]]}},{"type":"Feature","properties":{"name":null},"geometry":{"type":"Polygon","coordinates":[[[44.3803,40.0577],[44.3803,40.0577]]]}},{"type":"Feature","properties":{"name":null},"geometry":{"type":"Polygon","coordinates":[[[44.3863,40.0541],[44.3863,40.0541]]]}},{"type":"Feature","properties":{"name":null},"geometry":{"type":"Polygon","coordinates":[[[44.3865,40.0539],[44.3865,40.0539]]]}},{"type":"Feature","properties":{"name":null},"geometry":{"type":"Polygon","coordinates":[[[44.3874,40.055],[44.3874,40.055]]]}},{"type":"Feature","properties":{"name":null},"geometry":{"type":"Polygon","coordinates":[[[44.3898,40.0568],[44.3898,40.0568]]]}},{"type":"Feature","properties":{"name":null},"geometry":{"type":"Polygon","coordinates":[[[44.3925,40.0556],[44.3925,40.0556]]]}},{"type":"Feature","properties":{"name":null},"geometry":{"type":"Polygon","coordinates":[[[44.3905,40.054],[44.3905,40.054]]]}},{"type":"Feature","properties":{"name":null},"geometry":{"type":"Polygon","coordinates":[[[44.3975,40.0162],[44.3971,40.0143],[44.3975,40.0162]]]}},{"type":"Feature","properties":{"name":null},"geometry":{"type":"Polygon","coordinates":[[[44.3642,40.0331],[44.3642,40.0331]]]}},{"type":"Feature","properties":{"name":null},"geometry":{"type":"Polygon","coordinates":[[[44.3652,40.0336],[44.3652,40.0336]]]}},{"type":"Feature","properties":{"name":null},"geometry":{"type":"Polygon","coordinates":[[[44.3846,40.0564],[44.3846,40.0564]]]}},{"type":"Feature","properties":{"name":null},"geometry":{"type":"Polygon","coordinates":[[[44.4072,40.0901],[44.4072,40.0901]]]}},{"type":"Feature","properties":{"name":null},"geometry":{"type":"Polygon","coordinates":[[[44.4073,40.0902],[44.4073,40.0902]]]}},{"type":"Feature","properties":{"name":null},"geometry":{"type":"Polygon","coordinates":[[[44.394,40.0748],[44.394,40.0748]]]}},{"type":"Feature","properties":{"name":null},"geometry":{"type":"Polygon","coordinates":[[[43.8418,40.066],[43.8418,40.066]]]}},{"type":"Feature","properties":{"name":null},"geometry":{"type":"Polygon","coordinates":[[[43.858,40.08],[43.858,40.08]]]}},{"type":"Feature","properties":{"name":null},"geometry":{"type":"Polygon","coordinates":[[[43.8625,40.1099],[43.8625,40.1099]]]}},{"type":"Feature","properties":{"name":null},"geometry":{"type":"Polygon","coordinates":[[[44.4942,40.0763],[44.4942,40.0763]]]}},{"type":"Feature","properties":{"name":null},"geometry":{"type":"Polygon","coordinates":[[[44.4608,40.04],[44.4608,40.04]]]}},{"type":"Feature","properties":{"name":null},"geometry":{"type":"Polygon","coordinates":[[[43.8256,40.786],[43.8256,40.786]]]}},{"type":"Feature","properties":{"name":null},"geometry":{"type":"Polygon","coordinates":[[[44.4548,40.0378],[44.4548,40.0378]]]}},{"type":"Feature","properties":{"name":null},"geometry":{"type":"Polygon","coordinates":[[[45.1391,40.8672],[45.1391,40.8672]]]}},{"type":"Feature","properties":{"name":null},"geometry":{"type":"Polygon","coordinates":[[[44.4255,40.2705],[44.4255,40.2705]]]}},{"type":"Feature","properties":{"name":null},"geometry":{"type":"Polygon","coordinates":[[[44.5365,40.0589],[44.5365,40.0589]]]}},{"type":"Feature","properties":{"name":null},"geometry":{"type":"Polygon","coordinates":[[[44.3334,40.3038],[44.3334,40.3038]]]}},{"type":"Feature","properties":{"name":null},"geometry":{"type":"Polygon","coordinates":[[[44.2978,40.1897],[44.2978,40.1897]]]}},{"type":"Feature","properties":{"name":null},"geometry":{"type":"Polygon","coordinates":[[[44.2997,40.19],[44.2997,40.19]]]}},{"type":"Feature","properties":{"name":null},"geometry":{"type":"Polygon","coordinates":[[[44.3113,40.1855],[44.3113,40.1855]]]}},{"type":"Feature","properties":{"name":null},"geometry":{"type":"Polygon","coordinates":[[[44.3845,40.0755],[44.3845,40.0755]]]}},{"type":"Feature","properties":{"name":null},"geometry":{"type":"Polygon","coordinates":[[[44.3833,40.0759],[44.3833,40.0759]]]}},{"type":"Feature","properties":{"name":null},"geometry":{"type":"Polygon","coordinates":[[[44.3879,40.0752],[44.3879,40.0752]]]}},{"type":"Feature","properties":{"name":null},"geometry":{"type":"Polygon","coordinates":[[[44.3882,40.0757],[44.3898,40.0752],[44.3882,40.0757]]]}},{"type":"Feature","properties":{"name":null},"geometry":{"type":"Polygon","coordinates":[[[44.3899,40.0755],[44.3899,40.0755]]]}},{"type":"Feature","properties":{"name":null},"geometry":{"type":"Polygon","coordinates":[[[44.025,40.2283],[44.0265,40.229],[44.025,40.2283]]]}},{"type":"Feature","properties":{"name":null},"geometry":{"type":"Polygon","coordinates":[[[44.6247,40.3567],[44.6247,40.3567]]]}},{"type":"Feature","properties":{"name":null},"geometry":{"type":"Polygon","coordinates":[[[44.3885,40.8258],[44.3885,40.8258]]]}},{"type":"Feature","properties":{"name":null},"geometry":{"type":"Polygon","coordinates":[[[44.4273,40.0785],[44.4273,40.0785]]]}},{"type":"Feature","properties":{"name":null},"geometry":{"type":"Polygon","coordinates":[[[44.3484,40.088],[44.3484,40.088]]]}},{"type":"Feature","properties":{"name":"Աղբյուր"},"geometry":{"type":"Polygon","coordinates":[[[44.3946,40.8136],[44.3946,40.8136]]]}},{"type":"Feature","properties":{"name":null},"geometry":{"type":"Polygon","coordinates":[[[44.582,40.1565],[44.582,40.1565]]]}},{"type":"Feature","properties":{"name":null},"geometry":{"type":"Polygon","coordinates":[[[44.6461,40.4328],[44.6461,40.4328]]]}},{"type":"Feature","properties":{"name":null},"geometry":{"type":"Polygon","coordinates":[[[44.6513,40.4313],[44.6513,40.4313]]]}},{"type":"Feature","properties":{"name":null},"geometry":{"type":"Polygon","coordinates":[[[43.9071,40.103],[43.9071,40.103]]]}},{"type":"Feature","properties":{"name":null},"geometry":{"type":"Polygon","coordinates":[[[43.9064,40.1061],[43.9064,40.1061]]]}},{"type":"Feature","properties":{"name":null},"geometry":{"type":"Polygon","coordinates":[[[43.8841,40.1181],[43.8846,40.1163],[43.8841,40.1181]]]}},{"type":"Feature","properties":{"name":null},"geometry":{"type":"Polygon","coordinates":[[[43.9324,40.1744],[43.9324,40.1744]]]}},{"type":"Feature","properties":{"name":null},"geometry":{"type":"Polygon","coordinates":[[[43.7789,40.4808],[43.7789,40.4808]]]}},{"type":"Feature","properties":{"name":null},"geometry":{"type":"Polygon","coordinates":[[[44.5837,40.1616],[44.5837,40.1616]]]}},{"type":"Feature","properties":{"name":null},"geometry":{"type":"Polygon","coordinates":[[[44.3764,40.0604],[44.3764,40.0604]]]}},{"type":"Feature","properties":{"name":null},"geometry":{"type":"Polygon","coordinates":[[[44.3764,40.0605],[44.3764,40.0605]]]}},{"type":"Feature","properties":{"name":null},"geometry":{"type":"Polygon","coordinates":[[[44.3772,40.0601],[44.3772,40.0601]]]}},{"type":"Feature","properties":{"name":null},"geometry":{"type":"Polygon","coordinates":[[[44.3769,40.0599],[44.3769,40.0599]]]}},{"type":"Feature","properties":{"name":null},"geometry":{"type":"Polygon","coordinates":[[[44.3811,40.0557],[44.3811,40.0557]]]}},{"type":"Feature","properties":{"name":null},"geometry":{"type":"Polygon","coordinates":[[[44.384,40.0555],[44.384,40.0555]]]}},{"type":"Feature","properties":{"name":null},"geometry":{"type":"Polygon","coordinates":[[[44.3932,40.0551],[44.3932,40.0551]]]}},{"type":"Feature","properties":{"name":null},"geometry":{"type":"Polygon","coordinates":[[[44.3894,40.0601],[44.3894,40.0601]]]}},{"type":"Feature","properties":{"name":null},"geometry":{"type":"Polygon","coordinates":[[[44.3894,40.0599],[44.3894,40.0599]]]}},{"type":"Feature","properties":{"name":null},"geometry":{"type":"Polygon","coordinates":[[[44.4132,40.0592],[44.4132,40.0592]]]}},{"type":"Feature","properties":{"name":null},"geometry":{"type":"Polygon","coordinates":[[[44.4111,40.0572],[44.412,40.0585],[44.4111,40.0572]]]}},{"type":"Feature","properties":{"name":null},"geometry":{"type":"Polygon","coordinates":[[[44.5397,40.3365],[44.5397,40.3365]]]}},{"type":"Feature","properties":{"name":null},"geometry":{"type":"Polygon","coordinates":[[[44.5355,40.3342],[44.5355,40.3342]]]}},{"type":"Feature","properties":{"name":null},"geometry":{"type":"Polygon","coordinates":[[[44.4531,40.3633],[44.4531,40.3633]]]}},{"type":"Feature","properties":{"name":null},"geometry":{"type":"Polygon","coordinates":[[[44.4296,40.3779],[44.4296,40.3779]]]}},{"type":"Feature","properties":{"name":null},"geometry":{"type":"Polygon","coordinates":[[[44.1139,40.0918],[44.1202,40.0901],[44.1228,40.0923],[44.1194,40.0937],[44.1139,40.0918]]]}},{"type":"Feature","properties":{"name":null},"geometry":{"type":"Polygon","coordinates":[[[44.1122,40.0889],[44.1159,40.0872],[44.1199,40.09],[44.1122,40.0889]]]}},{"type":"Feature","properties":{"name":null},"geometry":{"type":"Polygon","coordinates":[[[44.1283,40.0896],[44.1316,40.0894],[44.1283,40.0896]]]}},{"type":"Feature","properties":{"name":null},"geometry":{"type":"Polygon","coordinates":[[[44.1895,40.1258],[44.1895,40.1258]]]}},{"type":"Feature","properties":{"name":null},"geometry":{"type":"Polygon","coordinates":[[[44.787,40.0187],[44.787,40.0187]]]}},{"type":"Feature","properties":{"name":null},"geometry":{"type":"Polygon","coordinates":[[[43.9051,40.4034],[43.9051,40.4034]]]}},{"type":"Feature","properties":{"name":null},"geometry":{"type":"Polygon","coordinates":[[[43.7784,40.1113],[43.7784,40.1113]]]}},{"type":"Feature","properties":{"name":null},"geometry":{"type":"Polygon","coordinates":[[[43.7476,40.1391],[43.7476,40.1391]]]}},{"type":"Feature","properties":{"name":null},"geometry":{"type":"Polygon","coordinates":[[[43.8035,40.1186],[43.8053,40.1184],[43.8035,40.1186]]]}},{"type":"Feature","properties":{"name":null},"geometry":{"type":"Polygon","coordinates":[[[43.8407,40.1012],[43.8407,40.1012]]]}},{"type":"Feature","properties":{"name":null},"geometry":{"type":"Polygon","coordinates":[[[43.8705,40.0637],[43.8705,40.0637]]]}},{"type":"Feature","properties":{"name":null},"geometry":{"type":"Polygon","coordinates":[[[45.3362,39.8997],[45.3362,39.8997]]]}},{"type":"Feature","properties":{"name":null},"geometry":{"type":"Polygon","coordinates":[[[45.354,39.8695],[45.354,39.8695]]]}},{"type":"Feature","properties":{"name":null},"geometry":{"type":"Polygon","coordinates":[[[44.5553,40.3939],[44.5553,40.3939]]]}},{"type":"Feature","properties":{"name":null},"geometry":{"type":"Polygon","coordinates":[[[44.5374,40.3778],[44.5374,40.3778]]]}},{"type":"Feature","properties":{"name":null},"geometry":{"type":"Polygon","coordinates":[[[44.502,40.3518],[44.502,40.3518]]]}},{"type":"Feature","properties":{"name":null},"geometry":{"type":"Polygon","coordinates":[[[44.4977,40.3467],[44.4977,40.3467]]]}},{"type":"Feature","properties":{"name":null},"geometry":{"type":"Polygon","coordinates":[[[44.4974,40.3448],[44.4974,40.3448]]]}},{"type":"Feature","properties":{"name":null},"geometry":{"type":"Polygon","coordinates":[[[44.8388,39.7594],[44.8388,39.7594]]]}},{"type":"Feature","properties":{"name":null},"geometry":{"type":"Polygon","coordinates":[[[44.3131,40.0704],[44.3151,40.0693],[44.3131,40.0704]]]}},{"type":"Feature","properties":{"name":null},"geometry":{"type":"Polygon","coordinates":[[[44.3452,40.0685],[44.3457,40.067],[44.3452,40.0685]]]}},{"type":"Feature","properties":{"name":null},"geometry":{"type":"Polygon","coordinates":[[[44.3688,40.078],[44.3688,40.078]]]}},{"type":"Feature","properties":{"name":null},"geometry":{"type":"Polygon","coordinates":[[[44.3687,40.0776],[44.3687,40.0776]]]}},{"type":"Feature","properties":{"name":null},"geometry":{"type":"Polygon","coordinates":[[[44.3542,40.0915],[44.3558,40.0907],[44.3542,40.0915]]]}},{"type":"Feature","properties":{"name":null},"geometry":{"type":"Polygon","coordinates":[[[44.3184,40.0931],[44.3184,40.0931]]]}},{"type":"Feature","properties":{"name":null},"geometry":{"type":"Polygon","coordinates":[[[44.2729,40.141],[44.2729,40.141]]]}},{"type":"Feature","properties":{"name":null},"geometry":{"type":"Polygon","coordinates":[[[44.277,40.2768],[44.277,40.2768]]]}},{"type":"Feature","properties":{"name":null},"geometry":{"type":"Polygon","coordinates":[[[44.2713,40.0716],[44.2713,40.0716]]]}},{"type":"Feature","properties":{"name":null},"geometry":{"type":"Polygon","coordinates":[[[44.2711,40.0716],[44.2711,40.0716]]]}},{"type":"Feature","properties":{"name":null},"geometry":{"type":"Polygon","coordinates":[[[44.2708,40.0716],[44.2708,40.0716]]]}},{"type":"Feature","properties":{"name":null},"geometry":{"type":"Polygon","coordinates":[[[44.2703,40.0718],[44.2703,40.0718]]]}},{"type":"Feature","properties":{"name":null},"geometry":{"type":"Polygon","coordinates":[[[44.3214,40.3164],[44.3214,40.3164]]]}},{"type":"Feature","properties":{"name":null},"geometry":{"type":"Polygon","coordinates":[[[44.3935,40.2176],[44.3935,40.2176]]]}},{"type":"Feature","properties":{"name":null},"geometry":{"type":"Polygon","coordinates":[[[44.3725,40.2623],[44.3725,40.2623]]]}},{"type":"Feature","properties":{"name":null},"geometry":{"type":"Polygon","coordinates":[[[45.2434,40.1681],[45.2459,40.169],[45.2434,40.1681]]]}},{"type":"Feature","properties":{"name":null},"geometry":{"type":"Polygon","coordinates":[[[45.2431,40.1688],[45.2454,40.1696],[45.2431,40.1688]]]}},{"type":"Feature","properties":{"name":null},"geometry":{"type":"Polygon","coordinates":[[[45.2418,40.1679],[45.2432,40.1685],[45.2418,40.1679]]]}},{"type":"Feature","properties":{"name":null},"geometry":{"type":"Polygon","coordinates":[[[44.4938,40.2757],[44.4938,40.2757]]]}},{"type":"Feature","properties":{"name":null},"geometry":{"type":"Polygon","coordinates":[[[44.4557,40.2897],[44.4557,40.2897]]]}},{"type":"Feature","properties":{"name":null},"geometry":{"type":"Polygon","coordinates":[[[44.4549,40.2912],[44.4549,40.2912]]]}},{"type":"Feature","properties":{"name":null},"geometry":{"type":"Polygon","coordinates":[[[44.4906,40.3089],[44.4906,40.3089]]]}},{"type":"Feature","properties":{"name":null},"geometry":{"type":"Polygon","coordinates":[[[44.4904,40.3086],[44.4904,40.3086]]]}},{"type":"Feature","properties":{"name":null},"geometry":{"type":"Polygon","coordinates":[[[44.0165,40.3926],[44.0148,40.3928],[44.0165,40.3926]]]}},{"type":"Feature","properties":{"name":null},"geometry":{"type":"Polygon","coordinates":[[[43.6821,40.5487],[43.6821,40.5487]]]}},{"type":"Feature","properties":{"name":null},"geometry":{"type":"Polygon","coordinates":[[[43.6311,40.4141],[43.6311,40.4141]]]}},{"type":"Feature","properties":{"name":null},"geometry":{"type":"Polygon","coordinates":[[[44.5196,40.1749],[44.5196,40.1749]]]}},{"type":"Feature","properties":{"name":null},"geometry":{"type":"Polygon","coordinates":[[[44.517,40.1768],[44.517,40.1768]]]}},{"type":"Feature","properties":{"name":null},"geometry":{"type":"Polygon","coordinates":[[[44.4528,40.0543],[44.4528,40.0543]]]}},{"type":"Feature","properties":{"name":null},"geometry":{"type":"Polygon","coordinates":[[[44.5223,40.048],[44.5223,40.048]]]}},{"type":"Feature","properties":{"name":null},"geometry":{"type":"Polygon","coordinates":[[[44.5533,40.1414],[44.5533,40.1414]]]}},{"type":"Feature","properties":{"name":null},"geometry":{"type":"Polygon","coordinates":[[[44.5304,40.3052],[44.5304,40.3052]]]}},{"type":"Feature","properties":{"name":null},"geometry":{"type":"Polygon","coordinates":[[[44.5177,40.3096],[44.5177,40.3096]]]}},{"type":"Feature","properties":{"name":null},"geometry":{"type":"Polygon","coordinates":[[[44.5638,40.2874],[44.5638,40.2874]]]}},{"type":"Feature","properties":{"name":null},"geometry":{"type":"Polygon","coordinates":[[[44.5621,40.2596],[44.5621,40.2596]]]}},{"type":"Feature","properties":{"name":null},"geometry":{"type":"Polygon","coordinates":[[[44.5632,40.2602],[44.5632,40.2602]]]}},{"type":"Feature","properties":{"name":null},"geometry":{"type":"Polygon","coordinates":[[[44.2782,40.137],[44.2782,40.137]]]}},{"type":"Feature","properties":{"name":null},"geometry":{"type":"Polygon","coordinates":[[[44.3461,40.3308],[44.3461,40.3308]]]}},{"type":"Feature","properties":{"name":null},"geometry":{"type":"Polygon","coordinates":[[[44.3207,40.3053],[44.3207,40.3053]]]}},{"type":"Feature","properties":{"name":null},"geometry":{"type":"Polygon","coordinates":[[[44.3219,40.3067],[44.3219,40.3067]]]}},{"type":"Feature","properties":{"name":null},"geometry":{"type":"Polygon","coordinates":[[[44.3219,40.3066],[44.3219,40.3066]]]}},{"type":"Feature","properties":{"name":null},"geometry":{"type":"Polygon","coordinates":[[[44.2446,40.5618],[44.2461,40.5613],[44.2446,40.5618]]]}},{"type":"Feature","properties":{"name":null},"geometry":{"type":"Polygon","coordinates":[[[44.8063,39.8028],[44.8063,39.8028]]]}},{"type":"Feature","properties":{"name":null},"geometry":{"type":"Polygon","coordinates":[[[44.3616,40.3485],[44.3616,40.3485]]]}},{"type":"Feature","properties":{"name":null},"geometry":{"type":"Polygon","coordinates":[[[44.3964,40.3689],[44.3964,40.3689]]]}},{"type":"Feature","properties":{"name":null},"geometry":{"type":"Polygon","coordinates":[[[44.3965,40.3693],[44.3965,40.3693]]]}},{"type":"Feature","properties":{"name":null},"geometry":{"type":"Polygon","coordinates":[[[44.3948,40.3731],[44.3948,40.3731]]]}},{"type":"Feature","properties":{"name":null},"geometry":{"type":"Polygon","coordinates":[[[44.3953,40.3727],[44.3953,40.3727]]]}},{"type":"Feature","properties":{"name":null},"geometry":{"type":"Polygon","coordinates":[[[44.3949,40.3729],[44.3949,40.3729]]]}},{"type":"Feature","properties":{"name":null},"geometry":{"type":"Polygon","coordinates":[[[43.8182,40.1835],[43.8182,40.1835]]]}},{"type":"Feature","properties":{"name":null},"geometry":{"type":"Polygon","coordinates":[[[43.8555,40.1703],[43.8533,40.17],[43.8555,40.1703]]]}},{"type":"Feature","properties":{"name":null},"geometry":{"type":"Polygon","coordinates":[[[43.8401,40.1713],[43.8401,40.1713]]]}},{"type":"Feature","properties":{"name":null},"geometry":{"type":"Polygon","coordinates":[[[43.8411,40.1903],[43.8427,40.1903],[43.8411,40.1903]]]}},{"type":"Feature","properties":{"name":null},"geometry":{"type":"Polygon","coordinates":[[[43.8588,40.2042],[43.8601,40.2051],[43.8588,40.2042]]]}},{"type":"Feature","properties":{"name":null},"geometry":{"type":"Polygon","coordinates":[[[43.9575,40.864],[43.9575,40.864]]]}},{"type":"Feature","properties":{"name":null},"geometry":{"type":"Polygon","coordinates":[[[44.279,40.2348],[44.279,40.2348]]]}},{"type":"Feature","properties":{"name":null},"geometry":{"type":"Polygon","coordinates":[[[43.967,40.4372],[43.967,40.4372]]]}},{"type":"Feature","properties":{"name":null},"geometry":{"type":"Polygon","coordinates":[[[44.8723,39.9613],[44.8723,39.9613]]]}},{"type":"Feature","properties":{"name":null},"geometry":{"type":"Polygon","coordinates":[[[44.6094,40.0119],[44.6094,40.0119]]]}},{"type":"Feature","properties":{"name":null},"geometry":{"type":"Polygon","coordinates":[[[44.4982,40.2101],[44.4982,40.2101]]]}},{"type":"Feature","properties":{"name":null},"geometry":{"type":"Polygon","coordinates":[[[44.3223,40.0913],[44.3223,40.0913]]]}},{"type":"Feature","properties":{"name":null},"geometry":{"type":"Polygon","coordinates":[[[44.3226,40.0918],[44.3226,40.0918]]]}},{"type":"Feature","properties":{"name":null},"geometry":{"type":"Polygon","coordinates":[[[44.3237,40.091],[44.3237,40.091]]]}},{"type":"Feature","properties":{"name":null},"geometry":{"type":"Polygon","coordinates":[[[44.3128,40.0944],[44.3128,40.0944]]]}},{"type":"Feature","properties":{"name":null},"geometry":{"type":"Polygon","coordinates":[[[44.3133,40.0949],[44.3133,40.0949]]]}},{"type":"Feature","properties":{"name":null},"geometry":{"type":"Polygon","coordinates":[[[44.313,40.0942],[44.313,40.0942]]]}},{"type":"Feature","properties":{"name":null},"geometry":{"type":"Polygon","coordinates":[[[44.3133,40.0949],[44.3133,40.0949]]]}},{"type":"Feature","properties":{"name":null},"geometry":{"type":"Polygon","coordinates":[[[43.8774,40.087],[43.8774,40.087]]]}},{"type":"Feature","properties":{"name":null},"geometry":{"type":"Polygon","coordinates":[[[43.875,40.1021],[43.875,40.1021]]]}},{"type":"Feature","properties":{"name":null},"geometry":{"type":"Polygon","coordinates":[[[43.7928,40.1337],[43.7928,40.1337]]]}},{"type":"Feature","properties":{"name":null},"geometry":{"type":"Polygon","coordinates":[[[43.7972,40.1354],[43.7972,40.1354]]]}},{"type":"Feature","properties":{"name":null},"geometry":{"type":"Polygon","coordinates":[[[43.7908,40.1307],[43.7908,40.1307]]]}},{"type":"Feature","properties":{"name":null},"geometry":{"type":"Polygon","coordinates":[[[43.7924,40.1279],[43.7943,40.1275],[43.7924,40.1279]]]}},{"type":"Feature","properties":{"name":null},"geometry":{"type":"Polygon","coordinates":[[[44.4253,40.3258],[44.4253,40.3258]]]}},{"type":"Feature","properties":{"name":null},"geometry":{"type":"Polygon","coordinates":[[[44.4035,40.3245],[44.4035,40.3245]]]}},{"type":"Feature","properties":{"name":null},"geometry":{"type":"Polygon","coordinates":[[[44.404,40.3282],[44.404,40.3282]]]}},{"type":"Feature","properties":{"name":null},"geometry":{"type":"Polygon","coordinates":[[[45.1522,40.3839],[45.1522,40.3839]]]}},{"type":"Feature","properties":{"name":null},"geometry":{"type":"Polygon","coordinates":[[[44.7752,40.7022],[44.7752,40.7022]]]}},{"type":"Feature","properties":{"name":null},"geometry":{"type":"Polygon","coordinates":[[[43.7381,40.1441],[43.7381,40.1441]]]}},{"type":"Feature","properties":{"name":null},"geometry":{"type":"Polygon","coordinates":[[[43.7435,40.1706],[43.7435,40.1706]]]}},{"type":"Feature","properties":{"name":null},"geometry":{"type":"Polygon","coordinates":[[[44.3834,40.0921],[44.3834,40.0921]]]}},{"type":"Feature","properties":{"name":null},"geometry":{"type":"Polygon","coordinates":[[[44.3834,40.092],[44.3834,40.092]]]}},{"type":"Feature","properties":{"name":null},"geometry":{"type":"Polygon","coordinates":[[[44.3835,40.092],[44.3835,40.092]]]}},{"type":"Feature","properties":{"name":null},"geometry":{"type":"Polygon","coordinates":[[[44.3837,40.0921],[44.3837,40.0921]]]}},{"type":"Feature","properties":{"name":null},"geometry":{"type":"Polygon","coordinates":[[[44.2164,41.2044],[44.2164,41.2044]]]}},{"type":"Feature","properties":{"name":null},"geometry":{"type":"Polygon","coordinates":[[[44.4817,40.1888],[44.4817,40.1888]]]}},{"type":"Feature","properties":{"name":null},"geometry":{"type":"Polygon","coordinates":[[[44.4816,40.1888],[44.4816,40.1888]]]}},{"type":"Feature","properties":{"name":null},"geometry":{"type":"Polygon","coordinates":[[[44.4811,40.1889],[44.4811,40.1889]]]}},{"type":"Feature","properties":{"name":null},"geometry":{"type":"Polygon","coordinates":[[[44.4811,40.189],[44.4811,40.189]]]}},{"type":"Feature","properties":{"name":null},"geometry":{"type":"Polygon","coordinates":[[[44.4801,40.1893],[44.4801,40.1893]]]}},{"type":"Feature","properties":{"name":null},"geometry":{"type":"Polygon","coordinates":[[[44.4803,40.1892],[44.4803,40.1892]]]}},{"type":"Feature","properties":{"name":null},"geometry":{"type":"Polygon","coordinates":[[[44.5027,40.2108],[44.5027,40.2108]]]}},{"type":"Feature","properties":{"name":null},"geometry":{"type":"Polygon","coordinates":[[[44.3181,40.0932],[44.3181,40.0932]]]}},{"type":"Feature","properties":{"name":null},"geometry":{"type":"Polygon","coordinates":[[[44.3177,40.0935],[44.3177,40.0935]]]}},{"type":"Feature","properties":{"name":null},"geometry":{"type":"Polygon","coordinates":[[[44.3173,40.0938],[44.3173,40.0938]]]}},{"type":"Feature","properties":{"name":null},"geometry":{"type":"Polygon","coordinates":[[[44.3167,40.0943],[44.3167,40.0943]]]}},{"type":"Feature","properties":{"name":null},"geometry":{"type":"Polygon","coordinates":[[[44.316,40.0948],[44.316,40.0948]]]}},{"type":"Feature","properties":{"name":null},"geometry":{"type":"Polygon","coordinates":[[[44.316,40.095],[44.316,40.095]]]}},{"type":"Feature","properties":{"name":null},"geometry":{"type":"Polygon","coordinates":[[[44.3162,40.0949],[44.3162,40.0949]]]}},{"type":"Feature","properties":{"name":null},"geometry":{"type":"Polygon","coordinates":[[[44.3168,40.0957],[44.3168,40.0957]]]}},{"type":"Feature","properties":{"name":null},"geometry":{"type":"Polygon","coordinates":[[[44.3169,40.0957],[44.3169,40.0957]]]}},{"type":"Feature","properties":{"name":null},"geometry":{"type":"Polygon","coordinates":[[[44.317,40.0956],[44.317,40.0956]]]}},{"type":"Feature","properties":{"name":null},"geometry":{"type":"Polygon","coordinates":[[[44.3171,40.0955],[44.3171,40.0955]]]}},{"type":"Feature","properties":{"name":null},"geometry":{"type":"Polygon","coordinates":[[[44.3178,40.0937],[44.3178,40.0937]]]}},{"type":"Feature","properties":{"name":null},"geometry":{"type":"Polygon","coordinates":[[[44.318,40.0938],[44.318,40.0938]]]}},{"type":"Feature","properties":{"name":null},"geometry":{"type":"Polygon","coordinates":[[[44.3181,40.0939],[44.3181,40.0939]]]}},{"type":"Feature","properties":{"name":null},"geometry":{"type":"Polygon","coordinates":[[[44.3156,40.0951],[44.3156,40.0951]]]}},{"type":"Feature","properties":{"name":null},"geometry":{"type":"Polygon","coordinates":[[[44.3155,40.0949],[44.3155,40.0949]]]}},{"type":"Feature","properties":{"name":null},"geometry":{"type":"Polygon","coordinates":[[[44.7479,39.8067],[44.7479,39.8067]]]}},{"type":"Feature","properties":{"name":null},"geometry":{"type":"Polygon","coordinates":[[[44.7479,39.8065],[44.7479,39.8065]]]}},{"type":"Feature","properties":{"name":null},"geometry":{"type":"Polygon","coordinates":[[[44.7476,39.8066],[44.7476,39.8066]]]}},{"type":"Feature","properties":{"name":null},"geometry":{"type":"Polygon","coordinates":[[[44.7477,39.8067],[44.7477,39.8067]]]}},{"type":"Feature","properties":{"name":null},"geometry":{"type":"Polygon","coordinates":[[[44.7477,39.8068],[44.7477,39.8068]]]}},{"type":"Feature","properties":{"name":null},"geometry":{"type":"Polygon","coordinates":[[[44.3725,40.1703],[44.3725,40.1703]]]}},{"type":"Feature","properties":{"name":null},"geometry":{"type":"Polygon","coordinates":[[[44.372,40.1703],[44.372,40.1703]]]}},{"type":"Feature","properties":{"name":null},"geometry":{"type":"Polygon","coordinates":[[[44.3723,40.1703],[44.3723,40.1703]]]}},{"type":"Feature","properties":{"name":null},"geometry":{"type":"Polygon","coordinates":[[[44.5265,40.2047],[44.5265,40.2047]]]}},{"type":"Feature","properties":{"name":null},"geometry":{"type":"Polygon","coordinates":[[[44.4981,40.2105],[44.4981,40.2105]]]}},{"type":"Feature","properties":{"name":null},"geometry":{"type":"Polygon","coordinates":[[[44.4982,40.2105],[44.4982,40.2105]]]}},{"type":"Feature","properties":{"name":null},"geometry":{"type":"Polygon","coordinates":[[[44.4981,40.2106],[44.4981,40.2106]]]}},{"type":"Feature","properties":{"name":null},"geometry":{"type":"Polygon","coordinates":[[[44.4981,40.2109],[44.4981,40.2109]]]}},{"type":"Feature","properties":{"name":null},"geometry":{"type":"Polygon","coordinates":[[[44.3146,40.2604],[44.3146,40.2604]]]}},{"type":"Feature","properties":{"name":null},"geometry":{"type":"Polygon","coordinates":[[[44.5914,40.0638],[44.5914,40.0638]]]}},{"type":"Feature","properties":{"name":null},"geometry":{"type":"Polygon","coordinates":[[[44.6085,40.1718],[44.6085,40.1718]]]}},{"type":"Feature","properties":{"name":null},"geometry":{"type":"Polygon","coordinates":[[[44.3981,40.0893],[44.3981,40.0893]]]}},{"type":"Feature","properties":{"name":null},"geometry":{"type":"Polygon","coordinates":[[[44.3989,40.0917],[44.3989,40.0917]]]}},{"type":"Feature","properties":{"name":null},"geometry":{"type":"Polygon","coordinates":[[[44.3987,40.092],[44.3987,40.092]]]}},{"type":"Feature","properties":{"name":null},"geometry":{"type":"Polygon","coordinates":[[[44.4087,40.0905],[44.4087,40.0905]]]}},{"type":"Feature","properties":{"name":null},"geometry":{"type":"Polygon","coordinates":[[[44.406,40.0397],[44.406,40.0397]]]}},{"type":"Feature","properties":{"name":null},"geometry":{"type":"Polygon","coordinates":[[[44.4088,40.0418],[44.4088,40.0418]]]}},{"type":"Feature","properties":{"name":null},"geometry":{"type":"Polygon","coordinates":[[[44.4085,40.0424],[44.4085,40.0424]]]}},{"type":"Feature","properties":{"name":null},"geometry":{"type":"Polygon","coordinates":[[[44.4087,40.0425],[44.4087,40.0425]]]}},{"type":"Feature","properties":{"name":null},"geometry":{"type":"Polygon","coordinates":[[[44.4089,40.0425],[44.4089,40.0425]]]}},{"type":"Feature","properties":{"name":null},"geometry":{"type":"Polygon","coordinates":[[[44.4067,40.0473],[44.4081,40.0466],[44.4067,40.0473]]]}},{"type":"Feature","properties":{"name":null},"geometry":{"type":"Polygon","coordinates":[[[44.4141,40.0587],[44.4141,40.0587]]]}},{"type":"Feature","properties":{"name":null},"geometry":{"type":"Polygon","coordinates":[[[44.4141,40.0589],[44.4141,40.0589]]]}},{"type":"Feature","properties":{"name":null},"geometry":{"type":"Polygon","coordinates":[[[44.3977,40.0977],[44.3977,40.0977]]]}},{"type":"Feature","properties":{"name":null},"geometry":{"type":"Polygon","coordinates":[[[45.5263,40.6361],[45.5263,40.6361]]]}},{"type":"Feature","properties":{"name":null},"geometry":{"type":"Polygon","coordinates":[[[44.645,40.4376],[44.645,40.4376]]]}},{"type":"Feature","properties":{"name":null},"geometry":{"type":"Polygon","coordinates":[[[44.6379,40.4361],[44.6379,40.4361]]]}},{"type":"Feature","properties":{"name":null},"geometry":{"type":"Polygon","coordinates":[[[44.8384,41.2294],[44.8384,41.2294]]]}},{"type":"Feature","properties":{"name":null},"geometry":{"type":"Polygon","coordinates":[[[44.3574,40.094],[44.3574,40.094]]]}},{"type":"Feature","properties":{"name":null},"geometry":{"type":"Polygon","coordinates":[[[44.3498,40.0961],[44.3498,40.0961]]]}},{"type":"Feature","properties":{"name":null},"geometry":{"type":"Polygon","coordinates":[[[44.35,40.0962],[44.35,40.0962]]]}},{"type":"Feature","properties":{"name":null},"geometry":{"type":"Polygon","coordinates":[[[44.3501,40.0962],[44.3501,40.0962]]]}},{"type":"Feature","properties":{"name":null},"geometry":{"type":"Polygon","coordinates":[[[44.3502,40.0963],[44.3502,40.0963]]]}},{"type":"Feature","properties":{"name":null},"geometry":{"type":"Polygon","coordinates":[[[43.8333,40.8422],[43.8325,40.8436],[43.8333,40.8422]]]}},{"type":"Feature","properties":{"name":null},"geometry":{"type":"Polygon","coordinates":[[[43.802,40.7667],[43.802,40.7667]]]}},{"type":"Feature","properties":{"name":null},"geometry":{"type":"Polygon","coordinates":[[[43.9627,40.8815],[43.9627,40.8815]]]}},{"type":"Feature","properties":{"name":null},"geometry":{"type":"Polygon","coordinates":[[[44.2136,40.8018],[44.2136,40.8018]]]}},{"type":"Feature","properties":{"name":null},"geometry":{"type":"Polygon","coordinates":[[[45.5095,40.649],[45.5095,40.649]]]}},{"type":"Feature","properties":{"name":null},"geometry":{"type":"Polygon","coordinates":[[[45.5181,40.6418],[45.5181,40.6418]]]}},{"type":"Feature","properties":{"name":null},"geometry":{"type":"Polygon","coordinates":[[[44.0981,40.2849],[44.0981,40.2849]]]}},{"type":"Feature","properties":{"name":null},"geometry":{"type":"Polygon","coordinates":[[[44.1389,40.2997],[44.1389,40.2997]]]}},{"type":"Feature","properties":{"name":null},"geometry":{"type":"Polygon","coordinates":[[[45.5239,40.6054],[45.5239,40.6054]]]}},{"type":"Feature","properties":{"name":null},"geometry":{"type":"Polygon","coordinates":[[[44.2355,40.249],[44.2355,40.249]]]}},{"type":"Feature","properties":{"name":null},"geometry":{"type":"Polygon","coordinates":[[[44.4729,40.0808],[44.4729,40.0808]]]}},{"type":"Feature","properties":{"name":null},"geometry":{"type":"Polygon","coordinates":[[[44.3806,40.0341],[44.3806,40.0341]]]}},{"type":"Feature","properties":{"name":null},"geometry":{"type":"Polygon","coordinates":[[[44.3889,40.0732],[44.3889,40.0732]]]}},{"type":"Feature","properties":{"name":null},"geometry":{"type":"Polygon","coordinates":[[[44.5426,40.3274],[44.5426,40.3274]]]}},{"type":"Feature","properties":{"name":null},"geometry":{"type":"Polygon","coordinates":[[[44.6091,40.7725],[44.6091,40.7725]]]}},{"type":"Feature","properties":{"name":null},"geometry":{"type":"Polygon","coordinates":[[[44.6084,40.7715],[44.6084,40.7715]]]}},{"type":"Feature","properties":{"name":null},"geometry":{"type":"Polygon","coordinates":[[[44.3902,40.2678],[44.3902,40.2678]]]}},{"type":"Feature","properties":{"name":null},"geometry":{"type":"Polygon","coordinates":[[[44.359,40.3789],[44.359,40.3789]]]}},{"type":"Feature","properties":{"name":null},"geometry":{"type":"Polygon","coordinates":[[[44.3857,40.3751],[44.3857,40.3751]]]}},{"type":"Feature","properties":{"name":null},"geometry":{"type":"Polygon","coordinates":[[[44.1671,40.279],[44.1671,40.279]]]}},{"type":"Feature","properties":{"name":null},"geometry":{"type":"Polygon","coordinates":[[[44.1827,40.2779],[44.1827,40.2779]]]}},{"type":"Feature","properties":{"name":null},"geometry":{"type":"Polygon","coordinates":[[[44.1878,40.2579],[44.1878,40.2579]]]}},{"type":"Feature","properties":{"name":null},"geometry":{"type":"Polygon","coordinates":[[[44.5207,40.1981],[44.5207,40.1981]]]}},{"type":"Feature","properties":{"name":null},"geometry":{"type":"Polygon","coordinates":[[[44.2848,40.3231],[44.2848,40.3231]]]}},{"type":"Feature","properties":{"name":null},"geometry":{"type":"Polygon","coordinates":[[[44.3422,40.2427],[44.3422,40.2427]]]}},{"type":"Feature","properties":{"name":null},"geometry":{"type":"Polygon","coordinates":[[[44.5768,40.2901],[44.5768,40.2901]]]}},{"type":"Feature","properties":{"name":null},"geometry":{"type":"Polygon","coordinates":[[[44.4329,40.3253],[44.4329,40.3253]]]}},{"type":"Feature","properties":{"name":null},"geometry":{"type":"Polygon","coordinates":[[[44.4869,40.353],[44.4869,40.353]]]}},{"type":"Feature","properties":{"name":null},"geometry":{"type":"Polygon","coordinates":[[[44.4314,40.3239],[44.4314,40.3239]]]}},{"type":"Feature","properties":{"name":null},"geometry":{"type":"Polygon","coordinates":[[[44.5348,40.1805],[44.5348,40.1805]]]}},{"type":"Feature","properties":{"name":null},"geometry":{"type":"Polygon","coordinates":[[[43.751,40.8599],[43.751,40.8599]]]}},{"type":"Feature","properties":{"name":null},"geometry":{"type":"Polygon","coordinates":[[[45.1344,40.3162],[45.1344,40.3162]]]}},{"type":"Feature","properties":{"name":null},"geometry":{"type":"Polygon","coordinates":[[[45.1338,40.3157],[45.1347,40.3142],[45.1338,40.3157]]]}},{"type":"Feature","properties":{"name":null},"geometry":{"type":"Polygon","coordinates":[[[44.4128,40.0506],[44.4128,40.0506]]]}},{"type":"Feature","properties":{"name":null},"geometry":{"type":"Polygon","coordinates":[[[44.413,40.0497],[44.413,40.0497]]]}},{"type":"Feature","properties":{"name":null},"geometry":{"type":"Polygon","coordinates":[[[44.4133,40.0495],[44.4133,40.0495]]]}},{"type":"Feature","properties":{"name":null},"geometry":{"type":"Polygon","coordinates":[[[44.4139,40.0498],[44.4139,40.0498]]]}},{"type":"Feature","properties":{"name":null},"geometry":{"type":"Polygon","coordinates":[[[44.4084,40.0467],[44.4084,40.0467]]]}},{"type":"Feature","properties":{"name":null},"geometry":{"type":"Polygon","coordinates":[[[44.4081,40.0463],[44.4081,40.0463]]]}},{"type":"Feature","properties":{"name":null},"geometry":{"type":"Polygon","coordinates":[[[44.4079,40.0447],[44.4079,40.0447]]]}},{"type":"Feature","properties":{"name":null},"geometry":{"type":"Polygon","coordinates":[[[43.7181,41.1175],[43.7147,41.1156],[43.7181,41.1175]]]}},{"type":"Feature","properties":{"name":null},"geometry":{"type":"Polygon","coordinates":[[[43.7256,41.1097],[43.7239,41.1088],[43.7256,41.1097]]]}},{"type":"Feature","properties":{"name":null},"geometry":{"type":"Polygon","coordinates":[[[44.8319,41.2773],[44.8319,41.2773]]]}},{"type":"Feature","properties":{"name":null},"geometry":{"type":"Polygon","coordinates":[[[44.6021,40.1944],[44.6021,40.1944]]]}},{"type":"Feature","properties":{"name":null},"geometry":{"type":"Polygon","coordinates":[[[44.378,40.3225],[44.378,40.3225]]]}},{"type":"Feature","properties":{"name":null},"geometry":{"type":"Polygon","coordinates":[[[44.541,40.3894],[44.541,40.3894]]]}},{"type":"Feature","properties":{"name":null},"geometry":{"type":"Polygon","coordinates":[[[44.5121,40.3468],[44.5121,40.3468]]]}},{"type":"Feature","properties":{"name":null},"geometry":{"type":"Polygon","coordinates":[[[44.4588,40.3336],[44.4588,40.3336]]]}},{"type":"Feature","properties":{"name":null},"geometry":{"type":"Polygon","coordinates":[[[45.838,39.6567],[45.838,39.6567]]]}},{"type":"Feature","properties":{"name":null},"geometry":{"type":"Polygon","coordinates":[[[44.5162,40.2791],[44.5162,40.2791]]]}},{"type":"Feature","properties":{"name":null},"geometry":{"type":"Polygon","coordinates":[[[44.6354,39.9399],[44.6354,39.9399]]]}},{"type":"Feature","properties":{"name":null},"geometry":{"type":"Polygon","coordinates":[[[43.8032,40.8721],[43.8032,40.8721]]]}},{"type":"Feature","properties":{"name":null},"geometry":{"type":"Polygon","coordinates":[[[44.0841,40.0643],[44.0856,40.0651],[44.0841,40.0643]]]}},{"type":"Feature","properties":{"name":null},"geometry":{"type":"Polygon","coordinates":[[[44.0854,40.0652],[44.0854,40.0652]]]}},{"type":"Feature","properties":{"name":null},"geometry":{"type":"Polygon","coordinates":[[[44.0675,40.0833],[44.0675,40.0833]]]}},{"type":"Feature","properties":{"name":null},"geometry":{"type":"Polygon","coordinates":[[[44.3764,40.2954],[44.3764,40.2954]]]}},{"type":"Feature","properties":{"name":null},"geometry":{"type":"Polygon","coordinates":[[[44.3777,40.3029],[44.3777,40.3029]]]}},{"type":"Feature","properties":{"name":null},"geometry":{"type":"Polygon","coordinates":[[[44.0827,40.0634],[44.0843,40.064],[44.0827,40.0634]]]}},{"type":"Feature","properties":{"name":null},"geometry":{"type":"Polygon","coordinates":[[[44.0836,40.0645],[44.0824,40.0636],[44.0836,40.0645]]]}},{"type":"Feature","properties":{"name":null},"geometry":{"type":"Polygon","coordinates":[[[44.0837,40.0645],[44.0837,40.0645]]]}},{"type":"Feature","properties":{"name":null},"geometry":{"type":"Polygon","coordinates":[[[44.3306,40.3254],[44.3306,40.3254]]]}},{"type":"Feature","properties":{"name":null},"geometry":{"type":"Polygon","coordinates":[[[44.3672,40.0603],[44.3672,40.0603]]]}},{"type":"Feature","properties":{"name":null},"geometry":{"type":"Polygon","coordinates":[[[44.3667,40.0614],[44.3667,40.0614]]]}},{"type":"Feature","properties":{"name":null},"geometry":{"type":"Polygon","coordinates":[[[44.3659,40.061],[44.3659,40.061]]]}},{"type":"Feature","properties":{"name":null},"geometry":{"type":"Polygon","coordinates":[[[44.3848,40.0598],[44.3848,40.0598]]]}},{"type":"Feature","properties":{"name":null},"geometry":{"type":"Polygon","coordinates":[[[44.3848,40.0597],[44.3848,40.0597]]]}},{"type":"Feature","properties":{"name":null},"geometry":{"type":"Polygon","coordinates":[[[44.3834,40.0553],[44.3834,40.0553]]]}},{"type":"Feature","properties":{"name":null},"geometry":{"type":"Polygon","coordinates":[[[44.6295,40.1985],[44.6295,40.1985]]]}},{"type":"Feature","properties":{"name":null},"geometry":{"type":"Polygon","coordinates":[[[44.304,40.0578],[44.304,40.0578]]]}},{"type":"Feature","properties":{"name":null},"geometry":{"type":"Polygon","coordinates":[[[44.3244,40.0444],[44.3244,40.0444]]]}},{"type":"Feature","properties":{"name":null},"geometry":{"type":"Polygon","coordinates":[[[44.3241,40.0448],[44.3241,40.0448]]]}},{"type":"Feature","properties":{"name":null},"geometry":{"type":"Polygon","coordinates":[[[44.3233,40.0452],[44.3233,40.0452]]]}},{"type":"Feature","properties":{"name":null},"geometry":{"type":"Polygon","coordinates":[[[44.334,40.0429],[44.3354,40.0439],[44.334,40.0429]]]}},{"type":"Feature","properties":{"name":null},"geometry":{"type":"Polygon","coordinates":[[[44.3228,40.091],[44.3228,40.091]]]}},{"type":"Feature","properties":{"name":null},"geometry":{"type":"Polygon","coordinates":[[[44.323,40.0919],[44.323,40.0919]]]}},{"type":"Feature","properties":{"name":null},"geometry":{"type":"Polygon","coordinates":[[[44.3226,40.0902],[44.3226,40.0902]]]}},{"type":"Feature","properties":{"name":null},"geometry":{"type":"Polygon","coordinates":[[[44.323,40.0904],[44.323,40.0904]]]}},{"type":"Feature","properties":{"name":null},"geometry":{"type":"Polygon","coordinates":[[[44.3232,40.0904],[44.3232,40.0904]]]}},{"type":"Feature","properties":{"name":null},"geometry":{"type":"Polygon","coordinates":[[[44.3239,40.0918],[44.3239,40.0918]]]}},{"type":"Feature","properties":{"name":null},"geometry":{"type":"Polygon","coordinates":[[[44.3244,40.0918],[44.3244,40.0918]]]}},{"type":"Feature","properties":{"name":null},"geometry":{"type":"Polygon","coordinates":[[[44.3242,40.0922],[44.3242,40.0922]]]}},{"type":"Feature","properties":{"name":null},"geometry":{"type":"Polygon","coordinates":[[[44.3581,40.1145],[44.3581,40.1145]]]}},{"type":"Feature","properties":{"name":null},"geometry":{"type":"Polygon","coordinates":[[[44.3294,40.2685],[44.3294,40.2685]]]}},{"type":"Feature","properties":{"name":"Վեդիի ջրամբար"},"geometry":{"type":"Polygon","coordinates":[[[44.7862,39.9495],[44.7886,39.9463],[44.7988,39.9489],[44.7959,39.9549],[44.7912,39.9573],[44.7862,39.9495]]]}},{"type":"Feature","properties":{"name":null},"geometry":{"type":"Polygon","coordinates":[[[45.2092,40.9373],[45.2092,40.9373]]]}},{"type":"Feature","properties":{"name":null},"geometry":{"type":"Polygon","coordinates":[[[44.4764,40.0659],[44.4764,40.0659]]]}},{"type":"Feature","properties":{"name":null},"geometry":{"type":"Polygon","coordinates":[[[43.9548,40.0863],[43.9548,40.0863]]]}},{"type":"Feature","properties":{"name":null},"geometry":{"type":"Polygon","coordinates":[[[43.9547,40.0864],[43.9547,40.0864]]]}},{"type":"Feature","properties":{"name":null},"geometry":{"type":"Polygon","coordinates":[[[44.564,40.3815],[44.564,40.3815]]]}},{"type":"Feature","properties":{"name":null},"geometry":{"type":"Polygon","coordinates":[[[44.6444,40.0082],[44.6444,40.0082]]]}},{"type":"Feature","properties":{"name":null},"geometry":{"type":"Polygon","coordinates":[[[45.1943,39.7801],[45.1943,39.7801]]]}},{"type":"Feature","properties":{"name":null},"geometry":{"type":"Polygon","coordinates":[[[44.4038,40.0394],[44.4038,40.0394]]]}},{"type":"Feature","properties":{"name":null},"geometry":{"type":"Polygon","coordinates":[[[44.4041,40.0395],[44.4041,40.0395]]]}},{"type":"Feature","properties":{"name":null},"geometry":{"type":"Polygon","coordinates":[[[44.4051,40.0399],[44.4051,40.0399]]]}},{"type":"Feature","properties":{"name":null},"geometry":{"type":"Polygon","coordinates":[[[44.3428,40.0537],[44.3434,40.0552],[44.3428,40.0537]]]}},{"type":"Feature","properties":{"name":null},"geometry":{"type":"Polygon","coordinates":[[[44.462,40.0404],[44.462,40.0404]]]}},{"type":"Feature","properties":{"name":null},"geometry":{"type":"Polygon","coordinates":[[[44.459,40.0429],[44.4605,40.0421],[44.459,40.0429]]]}},{"type":"Feature","properties":{"name":null},"geometry":{"type":"Polygon","coordinates":[[[43.8565,40.2047],[43.8565,40.2047]]]}},{"type":"Feature","properties":{"name":null},"geometry":{"type":"Polygon","coordinates":[[[43.8382,40.5599],[43.8359,40.5619],[43.8382,40.5599]]]}},{"type":"Feature","properties":{"name":null},"geometry":{"type":"Polygon","coordinates":[[[43.8977,40.1947],[43.8977,40.1947]]]}},{"type":"Feature","properties":{"name":null},"geometry":{"type":"Polygon","coordinates":[[[43.8494,40.2851],[43.8494,40.2851]]]}},{"type":"Feature","properties":{"name":null},"geometry":{"type":"Polygon","coordinates":[[[44.5076,40.1748],[44.5076,40.1748]]]}},{"type":"Feature","properties":{"name":null},"geometry":{"type":"Polygon","coordinates":[[[45.0797,40.9143],[45.0797,40.9143]]]}},{"type":"Feature","properties":{"name":null},"geometry":{"type":"Polygon","coordinates":[[[44.4657,40.8417],[44.4657,40.8417]]]}},{"type":"Feature","properties":{"name":"Լաստիվեր"},"geometry":{"type":"Polygon","coordinates":[[[45.0633,40.9034],[45.0633,40.9034]]]}},{"type":"Feature","properties":{"name":null},"geometry":{"type":"Polygon","coordinates":[[[45.0585,40.9019],[45.0585,40.9019]]]}},{"type":"Feature","properties":{"name":null},"geometry":{"type":"Polygon","coordinates":[[[44.4026,41.0946],[44.4026,41.0946]]]}},{"type":"Feature","properties":{"name":null},"geometry":{"type":"Polygon","coordinates":[[[44.4024,41.0942],[44.4024,41.0942]]]}},{"type":"Feature","properties":{"name":null},"geometry":{"type":"Polygon","coordinates":[[[44.4058,41.0995],[44.4058,41.0995]]]}},{"type":"Feature","properties":{"name":null},"geometry":{"type":"Polygon","coordinates":[[[44.4065,41.1005],[44.4065,41.1005]]]}},{"type":"Feature","properties":{"name":null},"geometry":{"type":"Polygon","coordinates":[[[44.4075,41.1015],[44.4075,41.1015]]]}},{"type":"Feature","properties":{"name":null},"geometry":{"type":"Polygon","coordinates":[[[44.4102,41.1023],[44.4102,41.1023]]]}},{"type":"Feature","properties":{"name":"Զինվորականների լճակ"},"geometry":{"type":"Polygon","coordinates":[[[44.8535,40.7515],[44.8535,40.7515]]]}},{"type":"Feature","properties":{"name":null},"geometry":{"type":"Polygon","coordinates":[[[46.4039,39.2064],[46.4039,39.2064]]]}},{"type":"Feature","properties":{"name":null},"geometry":{"type":"Polygon","coordinates":[[[46.4,39.2022],[46.4066,39.2085],[46.4,39.2022]]]}},{"type":"Feature","properties":{"name":null},"geometry":{"type":"Polygon","coordinates":[[[43.5614,41.099],[43.5614,41.099]]]}},{"type":"Feature","properties":{"name":null},"geometry":{"type":"Polygon","coordinates":[[[44.9182,40.792],[44.9182,40.792]]]}},{"type":"Feature","properties":{"name":null},"geometry":{"type":"Polygon","coordinates":[[[44.8992,40.7444],[44.8992,40.7444]]]}},{"type":"Feature","properties":{"name":null},"geometry":{"type":"Polygon","coordinates":[[[44.8994,40.7445],[44.8994,40.7445]]]}},{"type":"Feature","properties":{"name":null},"geometry":{"type":"Polygon","coordinates":[[[44.899,40.7442],[44.899,40.7442]]]}},{"type":"Feature","properties":{"name":null},"geometry":{"type":"Polygon","coordinates":[[[45.9889,39.4862],[45.9889,39.4862]]]}},{"type":"Feature","properties":{"name":null},"geometry":{"type":"Polygon","coordinates":[[[45.9869,39.4899],[45.9869,39.4899]]]}},{"type":"Feature","properties":{"name":null},"geometry":{"type":"Polygon","coordinates":[[[44.729,40.1133],[44.729,40.1133]]]}},{"type":"Feature","properties":{"name":null},"geometry":{"type":"Polygon","coordinates":[[[44.1798,40.8562],[44.1829,40.8557],[44.1798,40.8562]]]}},{"type":"Feature","properties":{"name":null},"geometry":{"type":"Polygon","coordinates":[[[44.1784,40.857],[44.1784,40.857]]]}},{"type":"Feature","properties":{"name":null},"geometry":{"type":"Polygon","coordinates":[[[44.1783,40.8569],[44.1783,40.8569]]]}},{"type":"Feature","properties":{"name":null},"geometry":{"type":"Polygon","coordinates":[[[44.1782,40.8567],[44.1782,40.8567]]]}},{"type":"Feature","properties":{"name":null},"geometry":{"type":"Polygon","coordinates":[[[44.1779,40.8569],[44.1779,40.8569]]]}},{"type":"Feature","properties":{"name":null},"geometry":{"type":"Polygon","coordinates":[[[44.178,40.857],[44.178,40.857]]]}},{"type":"Feature","properties":{"name":null},"geometry":{"type":"Polygon","coordinates":[[[44.178,40.8571],[44.178,40.8571]]]}},{"type":"Feature","properties":{"name":null},"geometry":{"type":"Polygon","coordinates":[[[44.1778,40.8572],[44.1778,40.8572]]]}},{"type":"Feature","properties":{"name":null},"geometry":{"type":"Polygon","coordinates":[[[44.1778,40.8572],[44.1778,40.8572]]]}},{"type":"Feature","properties":{"name":null},"geometry":{"type":"Polygon","coordinates":[[[44.1777,40.8571],[44.1777,40.8571]]]}},{"type":"Feature","properties":{"name":null},"geometry":{"type":"Polygon","coordinates":[[[44.1775,40.8573],[44.1775,40.8573]]]}},{"type":"Feature","properties":{"name":null},"geometry":{"type":"Polygon","coordinates":[[[44.1772,40.8574],[44.1772,40.8574]]]}},{"type":"Feature","properties":{"name":null},"geometry":{"type":"Polygon","coordinates":[[[44.1768,40.8576],[44.1768,40.8576]]]}},{"type":"Feature","properties":{"name":null},"geometry":{"type":"Polygon","coordinates":[[[44.1774,40.8551],[44.1774,40.8551]]]}},{"type":"Feature","properties":{"name":null},"geometry":{"type":"Polygon","coordinates":[[[43.9501,40.9289],[43.9529,40.9297],[43.9501,40.9289]]]}},{"type":"Feature","properties":{"name":null},"geometry":{"type":"Polygon","coordinates":[[[44.9057,40.7594],[44.9057,40.7594]]]}},{"type":"Feature","properties":{"name":null},"geometry":{"type":"Polygon","coordinates":[[[44.9059,40.7592],[44.9059,40.7592]]]}},{"type":"Feature","properties":{"name":null},"geometry":{"type":"Polygon","coordinates":[[[44.3613,41.0337],[44.3627,41.0321],[44.3613,41.0337]]]}},{"type":"Feature","properties":{"name":null},"geometry":{"type":"Polygon","coordinates":[[[44.5109,40.1782],[44.5109,40.1782]]]}},{"type":"Feature","properties":{"name":null},"geometry":{"type":"Polygon","coordinates":[[[44.6212,40.7574],[44.6212,40.7574]]]}},{"type":"Feature","properties":{"name":null},"geometry":{"type":"Polygon","coordinates":[[[44.9606,40.9228],[44.9606,40.9228]]]}},{"type":"Feature","properties":{"name":null},"geometry":{"type":"Polygon","coordinates":[[[44.9609,40.9227],[44.9609,40.9227]]]}},{"type":"Feature","properties":{"name":null},"geometry":{"type":"Polygon","coordinates":[[[44.5111,40.1769],[44.5111,40.1769]]]}},{"type":"Feature","properties":{"name":null},"geometry":{"type":"Polygon","coordinates":[[[45.4602,39.8823],[45.4602,39.8823]]]}},{"type":"Feature","properties":{"name":null},"geometry":{"type":"Polygon","coordinates":[[[44.8672,40.3932],[44.8672,40.3932]]]}},{"type":"Feature","properties":{"name":null},"geometry":{"type":"Polygon","coordinates":[[[44.9899,40.7698],[44.9899,40.7698]]]}},{"type":"Feature","properties":{"name":null},"geometry":{"type":"Polygon","coordinates":[[[45.1083,40.9846],[45.1083,40.9846]]]}},{"type":"Feature","properties":{"name":null},"geometry":{"type":"Polygon","coordinates":[[[43.8604,40.1754],[43.8604,40.1754]]]}},{"type":"Feature","properties":{"name":null},"geometry":{"type":"Polygon","coordinates":[[[44.8407,40.702],[44.8407,40.702]]]}},{"type":"Feature","properties":{"name":null},"geometry":{"type":"Polygon","coordinates":[[[44.3706,40.2836],[44.3706,40.2836]]]}},{"type":"Feature","properties":{"name":null},"geometry":{"type":"Polygon","coordinates":[[[44.1139,40.1262],[44.1139,40.1262]]]}},{"type":"Feature","properties":{"name":null},"geometry":{"type":"Polygon","coordinates":[[[44.1057,40.1279],[44.1057,40.1279]]]}},{"type":"Feature","properties":{"name":null},"geometry":{"type":"Polygon","coordinates":[[[44.1021,40.1319],[44.1021,40.1319]]]}},{"type":"Feature","properties":{"name":null},"geometry":{"type":"Polygon","coordinates":[[[44.0943,40.1285],[44.0943,40.1285]]]}},{"type":"Feature","properties":{"name":null},"geometry":{"type":"Polygon","coordinates":[[[44.0893,40.1258],[44.0893,40.1258]]]}},{"type":"Feature","properties":{"name":null},"geometry":{"type":"Polygon","coordinates":[[[44.2415,40.1056],[44.2415,40.1056]]]}},{"type":"Feature","properties":{"name":null},"geometry":{"type":"Polygon","coordinates":[[[44.2393,40.1044],[44.2412,40.1035],[44.2393,40.1044]]]}},{"type":"Feature","properties":{"name":null},"geometry":{"type":"Polygon","coordinates":[[[44.2392,40.1049],[44.2392,40.1049]]]}},{"type":"Feature","properties":{"name":null},"geometry":{"type":"Polygon","coordinates":[[[44.2393,40.1049],[44.2393,40.1049]]]}},{"type":"Feature","properties":{"name":null},"geometry":{"type":"Polygon","coordinates":[[[44.2432,40.1028],[44.2432,40.1028]]]}},{"type":"Feature","properties":{"name":null},"geometry":{"type":"Polygon","coordinates":[[[44.2439,40.1016],[44.2434,40.0996],[44.2439,40.1016]]]}},{"type":"Feature","properties":{"name":null},"geometry":{"type":"Polygon","coordinates":[[[44.242,40.1032],[44.243,40.1016],[44.242,40.1032]]]}},{"type":"Feature","properties":{"name":null},"geometry":{"type":"Polygon","coordinates":[[[44.2134,40.1083],[44.2123,40.1115],[44.2172,40.1094],[44.2134,40.1083]]]}},{"type":"Feature","properties":{"name":null},"geometry":{"type":"Polygon","coordinates":[[[44.2081,40.1124],[44.2111,40.1111],[44.2081,40.1124]]]}},{"type":"Feature","properties":{"name":null},"geometry":{"type":"Polygon","coordinates":[[[44.2165,40.0663],[44.2129,40.0672],[44.2165,40.0663]]]}},{"type":"Feature","properties":{"name":null},"geometry":{"type":"Polygon","coordinates":[[[44.2372,40.1012],[44.2372,40.1012]]]}},{"type":"Feature","properties":{"name":null},"geometry":{"type":"Polygon","coordinates":[[[44.2357,40.1017],[44.2357,40.1017]]]}},{"type":"Feature","properties":{"name":null},"geometry":{"type":"Polygon","coordinates":[[[44.2366,40.1022],[44.2366,40.1022]]]}},{"type":"Feature","properties":{"name":null},"geometry":{"type":"Polygon","coordinates":[[[44.6527,40.1293],[44.6527,40.1293]]]}},{"type":"Feature","properties":{"name":null},"geometry":{"type":"Polygon","coordinates":[[[44.7447,40.3072],[44.7447,40.3072]]]}},{"type":"Feature","properties":{"name":null},"geometry":{"type":"Polygon","coordinates":[[[44.7938,40.2638],[44.7938,40.2638]]]}},{"type":"Feature","properties":{"name":null},"geometry":{"type":"Polygon","coordinates":[[[44.7988,40.2599],[44.7988,40.2599]]]}},{"type":"Feature","properties":{"name":null},"geometry":{"type":"Polygon","coordinates":[[[44.8589,40.7389],[44.8283,40.7402],[44.853,40.738],[44.8652,40.7404],[44.8589,40.7389]]]}},{"type":"Feature","properties":{"name":null},"geometry":{"type":"Polygon","coordinates":[[[44.8413,40.7393],[44.8413,40.7393]]]}},{"type":"Feature","properties":{"name":null},"geometry":{"type":"Polygon","coordinates":[[[44.5563,40.2107],[44.5563,40.2107]]]}},{"type":"Feature","properties":{"name":null},"geometry":{"type":"Polygon","coordinates":[[[44.0339,40.8433],[44.0339,40.8433]]]}},{"type":"Feature","properties":{"name":null},"geometry":{"type":"Polygon","coordinates":[[[44.2979,40.1608],[44.2979,40.1608]]]}},{"type":"Feature","properties":{"name":null},"geometry":{"type":"Polygon","coordinates":[[[44.521,40.1961],[44.521,40.1961]]]}},{"type":"Feature","properties":{"name":null},"geometry":{"type":"Polygon","coordinates":[[[44.8662,40.7402],[44.8699,40.7414],[44.8662,40.7402]]]}},{"type":"Feature","properties":{"name":null},"geometry":{"type":"Polygon","coordinates":[[[44.9127,40.7478],[44.9127,40.7478]]]}},{"type":"Feature","properties":{"name":null},"geometry":{"type":"Polygon","coordinates":[[[45.0213,41.2071],[45.0213,41.2071]]]}},{"type":"Feature","properties":{"name":null},"geometry":{"type":"Polygon","coordinates":[[[45.1362,40.8663],[45.1362,40.8663]]]}},{"type":"Feature","properties":{"name":null},"geometry":{"type":"Polygon","coordinates":[[[45.1355,40.8668],[45.1416,40.87],[45.1428,40.8774],[45.1482,40.8833],[45.143,40.8773],[45.1418,40.8699],[45.1325,40.8626],[45.1355,40.8668]]]}},{"type":"Feature","properties":{"name":null},"geometry":{"type":"Polygon","coordinates":[[[45.8834,40.1932],[45.8834,40.1932]]]}},{"type":"Feature","properties":{"name":null},"geometry":{"type":"Polygon","coordinates":[[[44.705,39.7936],[44.7065,39.7928],[44.707,39.7999],[44.7039,39.8014],[44.7028,39.7954],[44.705,39.7936]]]}},{"type":"Feature","properties":{"name":null},"geometry":{"type":"Polygon","coordinates":[[[44.6002,40.778],[44.6002,40.778]]]}},{"type":"Feature","properties":{"name":null},"geometry":{"type":"Polygon","coordinates":[[[44.6093,40.7721],[44.6093,40.7721]]]}},{"type":"Feature","properties":{"name":null},"geometry":{"type":"Polygon","coordinates":[[[44.9806,39.8584],[44.9806,39.8584]]]}},{"type":"Feature","properties":{"name":null},"geometry":{"type":"Polygon","coordinates":[[[45.0699,40.7999],[45.0699,40.7999]]]}},{"type":"Feature","properties":{"name":null},"geometry":{"type":"Polygon","coordinates":[[[45.0699,40.7999],[45.0693,40.8017],[45.0699,40.7999]]]}},{"type":"Feature","properties":{"name":null},"geometry":{"type":"Polygon","coordinates":[[[45.0698,40.8018],[45.0698,40.8018]]]}},{"type":"Feature","properties":{"name":null},"geometry":{"type":"Polygon","coordinates":[[[45.0998,40.8601],[45.0998,40.8601]]]}},{"type":"Feature","properties":{"name":null},"geometry":{"type":"Polygon","coordinates":[[[44.2347,40.386],[44.2347,40.386]]]}},{"type":"Feature","properties":{"name":null},"geometry":{"type":"Polygon","coordinates":[[[44.894,41.2166],[44.8932,41.2179],[44.894,41.2166]]]}},{"type":"Feature","properties":{"name":null},"geometry":{"type":"Polygon","coordinates":[[[45.1198,40.8474],[45.1198,40.8474]]]}},{"type":"Feature","properties":{"name":null},"geometry":{"type":"Polygon","coordinates":[[[44.1976,40.1168],[44.1976,40.1168]]]}},{"type":"Feature","properties":{"name":null},"geometry":{"type":"Polygon","coordinates":[[[44.1988,40.1163],[44.1988,40.1163]]]}},{"type":"Feature","properties":{"name":null},"geometry":{"type":"Polygon","coordinates":[[[44.1928,40.1164],[44.1928,40.1164]]]}},{"type":"Feature","properties":{"name":null},"geometry":{"type":"Polygon","coordinates":[[[44.4908,40.8159],[44.4908,40.8159]]]}},{"type":"Feature","properties":{"name":null},"geometry":{"type":"Polygon","coordinates":[[[44.4919,40.8158],[44.4919,40.8158]]]}},{"type":"Feature","properties":{"name":null},"geometry":{"type":"Polygon","coordinates":[[[44.4912,40.8158],[44.4912,40.8158]]]}},{"type":"Feature","properties":{"name":null},"geometry":{"type":"Polygon","coordinates":[[[44.8697,40.7415],[44.8707,40.7464],[44.8759,40.7503],[44.8705,40.7463],[44.8697,40.7415]]]}},{"type":"Feature","properties":{"name":null},"geometry":{"type":"Polygon","coordinates":[[[44.9133,40.2332],[44.9133,40.2332]]]}},{"type":"Feature","properties":{"name":null},"geometry":{"type":"Polygon","coordinates":[[[44.9116,40.2613],[44.9116,40.2613]]]}},{"type":"Feature","properties":{"name":null},"geometry":{"type":"Polygon","coordinates":[[[44.9077,40.2607],[44.9077,40.2607]]]}},{"type":"Feature","properties":{"name":"20 Копек"},"geometry":{"type":"Polygon","coordinates":[[[44.4392,40.1781],[44.4392,40.1781]]]}},{"type":"Feature","properties":{"name":null},"geometry":{"type":"Polygon","coordinates":[[[44.6521,40.598],[44.6521,40.598]]]}},{"type":"Feature","properties":{"name":null},"geometry":{"type":"Polygon","coordinates":[[[44.5885,40.1625],[44.5885,40.1625]]]}},{"type":"Feature","properties":{"name":null},"geometry":{"type":"Polygon","coordinates":[[[44.4796,40.1962],[44.4796,40.1962]]]}},{"type":"Feature","properties":{"name":"ջրի կուտակիչ"},"geometry":{"type":"Polygon","coordinates":[[[43.9197,40.5309],[43.9197,40.5309]]]}},{"type":"Feature","properties":{"name":"ջրի կուտակիչ"},"geometry":{"type":"Polygon","coordinates":[[[43.8968,40.5137],[43.8968,40.5137]]]}},{"type":"Feature","properties":{"name":null},"geometry":{"type":"Polygon","coordinates":[[[44.9159,40.7633],[44.9189,40.7655],[44.9159,40.7633]]]}},{"type":"Feature","properties":{"name":null},"geometry":{"type":"Polygon","coordinates":[[[43.8411,40.7834],[43.8411,40.7834]]]}},{"type":"Feature","properties":{"name":null},"geometry":{"type":"Polygon","coordinates":[[[44.831,40.6983],[44.831,40.6983]]]}},{"type":"Feature","properties":{"name":null},"geometry":{"type":"Polygon","coordinates":[[[44.8313,40.6983],[44.8313,40.6983]]]}},{"type":"Feature","properties":{"name":null},"geometry":{"type":"Polygon","coordinates":[[[44.8317,40.6984],[44.8317,40.6984]]]}},{"type":"Feature","properties":{"name":null},"geometry":{"type":"Polygon","coordinates":[[[44.4316,40.1358],[44.4316,40.1358]]]}},{"type":"Feature","properties":{"name":null},"geometry":{"type":"Polygon","coordinates":[[[44.4316,40.1351],[44.4316,40.1351]]]}},{"type":"Feature","properties":{"name":null},"geometry":{"type":"Polygon","coordinates":[[[44.4322,40.1359],[44.4322,40.1359]]]}},{"type":"Feature","properties":{"name":null},"geometry":{"type":"Polygon","coordinates":[[[44.4325,40.1359],[44.4325,40.1359]]]}},{"type":"Feature","properties":{"name":null},"geometry":{"type":"Polygon","coordinates":[[[44.4322,40.1356],[44.4322,40.1356]]]}},{"type":"Feature","properties":{"name":null},"geometry":{"type":"Polygon","coordinates":[[[44.4325,40.1356],[44.4325,40.1356]]]}},{"type":"Feature","properties":{"name":null},"geometry":{"type":"Polygon","coordinates":[[[44.4325,40.1354],[44.4325,40.1354]]]}},{"type":"Feature","properties":{"name":null},"geometry":{"type":"Polygon","coordinates":[[[44.4322,40.1354],[44.4322,40.1354]]]}},{"type":"Feature","properties":{"name":null},"geometry":{"type":"Polygon","coordinates":[[[44.4322,40.1351],[44.4322,40.1351]]]}},{"type":"Feature","properties":{"name":null},"geometry":{"type":"Polygon","coordinates":[[[44.4325,40.1351],[44.4325,40.1351]]]}},{"type":"Feature","properties":{"name":null},"geometry":{"type":"Polygon","coordinates":[[[44.4311,40.1332],[44.4311,40.1332]]]}},{"type":"Feature","properties":{"name":null},"geometry":{"type":"Polygon","coordinates":[[[44.4317,40.1332],[44.4317,40.1332]]]}},{"type":"Feature","properties":{"name":null},"geometry":{"type":"Polygon","coordinates":[[[44.4306,40.1332],[44.4306,40.1332]]]}},{"type":"Feature","properties":{"name":null},"geometry":{"type":"Polygon","coordinates":[[[44.4301,40.1332],[44.4301,40.1332]]]}},{"type":"Feature","properties":{"name":null},"geometry":{"type":"Polygon","coordinates":[[[44.4301,40.1336],[44.4301,40.1336]]]}},{"type":"Feature","properties":{"name":null},"geometry":{"type":"Polygon","coordinates":[[[44.4308,40.1342],[44.4308,40.1342]]]}},{"type":"Feature","properties":{"name":null},"geometry":{"type":"Polygon","coordinates":[[[44.4313,40.1343],[44.4313,40.1343]]]}},{"type":"Feature","properties":{"name":null},"geometry":{"type":"Polygon","coordinates":[[[44.4309,40.1349],[44.4309,40.1349]]]}},{"type":"Feature","properties":{"name":null},"geometry":{"type":"Polygon","coordinates":[[[43.8978,40.1081],[43.8978,40.1081]]]}},{"type":"Feature","properties":{"name":null},"geometry":{"type":"Polygon","coordinates":[[[43.8991,40.1114],[43.899,40.1088],[43.8991,40.1114]]]}},{"type":"Feature","properties":{"name":"Սևանա լիճ"},"geometry":{"type":"MultiPolygon","coordinates":[[[[45.4381,40.4317],[45.4628,40.4104],[45.4699,40.4011],[45.4725,40.3928],[45.5139,40.3698],[45.5411,40.3655],[45.5683,40.3501],[45.5788,40.3414],[45.5908,40.3265],[45.6146,40.3062],[45.6252,40.2919],[45.6374,40.2688],[45.6447,40.243],[45.6432,40.2269],[45.6366,40.2231],[45.6404,40.2195],[45.6386,40.2186],[45.6369,40.2039],[45.6278,40.1952],[45.6053,40.1828],[45.583,40.1824],[45.5685,40.1769],[45.5639,40.1782],[45.5551,40.1761],[45.5439,40.1785],[45.5202,40.1644],[45.5124,40.1629],[45.5071,40.1645],[45.4955,40.1609],[45.4803,40.1716],[45.4687,40.1887],[45.4622,40.1916],[45.4125,40.1624],[45.3756,40.1529],[45.3576,40.156],[45.329,40.154],[45.2948,40.1646],[45.2603,40.187],[45.2537,40.1878],[45.2446,40.1854],[45.2374,40.1977],[45.2356,40.2134],[45.2264,40.2285],[45.2209,40.2478],[45.2205,40.2671],[45.2261,40.2783],[45.2195,40.2789],[45.2173,40.2846],[45.222,40.3059],[45.2175,40.3253],[45.2243,40.3622],[45.2215,40.3862],[45.2184,40.3949],[45.2142,40.398],[45.2161,40.3995],[45.2135,40.4146],[45.2183,40.4305],[45.211,40.4318],[45.1835,40.4224],[45.1603,40.4213],[45.1501,40.4186],[45.1148,40.4212],[45.1051,40.4275],[45.1048,40.4308],[45.1086,40.4326],[45.108,40.4383],[45.1123,40.4396],[45.1129,40.4455],[45.1078,40.4482],[45.1025,40.4641],[45.0939,40.4656],[45.088,40.4629],[45.0811,40.4652],[45.0749,40.4628],[45.0676,40.4685],[45.0676,40.4745],[45.0612,40.4759],[45.0594,40.4804],[45.0529,40.4801],[45.051,40.4907],[45.0491,40.4889],[45.0493,40.4916],[45.0444,40.4933],[45.0444,40.4954],[45.0511,40.4981],[45.0536,40.5034],[45.0616,40.5084],[45.0611,40.5103],[45.0566,40.5048],[45.0514,40.504],[45.052,40.5021],[45.0433,40.5093],[45.0482,40.5114],[45.0465,40.5148],[45.0421,40.5137],[45.0435,40.5155],[45.0394,40.5154],[45.039,40.5119],[45.0351,40.5128],[45.0317,40.5069],[45.0312,40.5093],[45.0277,40.5102],[45.0295,40.515],[45.0209,40.5124],[45.0117,40.5146],[45.0063,40.511],[45.0035,40.513],[44.9991,40.5089],[44.9963,40.5117],[44.9938,40.5092],[44.9863,40.5126],[44.9811,40.5114],[44.9753,40.5149],[44.9695,40.5123],[44.9555,40.5121],[44.9479,40.5218],[44.9562,40.5334],[44.963,40.5367],[44.9797,40.5334],[44.9958,40.5439],[44.996,40.5487],[44.9859,40.5513],[44.9893,40.5524],[44.9708,40.554],[44.9891,40.5531],[44.9983,40.5641],[45.0143,40.5619],[45.0198,40.5633],[45.0168,40.5669],[45.0008,40.5679],[44.995,40.5783],[44.9715,40.588],[44.9675,40.5923],[44.9641,40.603],[44.9713,40.613],[44.9708,40.6195],[44.9811,40.6304],[44.986,40.632],[44.9987,40.6296],[45.0168,40.6202],[45.0329,40.6176],[45.0438,40.6093],[45.06,40.6104],[45.0657,40.6054],[45.0826,40.6019],[45.088,40.5965],[45.0985,40.5953],[45.1471,40.5668],[45.1728,40.566],[45.2029,40.5506],[45.2208,40.5282],[45.2429,40.5201],[45.2491,40.5045],[45.2781,40.4937],[45.279,40.4832],[45.2693,40.4619],[45.2705,40.4585],[45.2918,40.4629],[45.3053,40.4628],[45.3142,40.4595],[45.3292,40.4487],[45.339,40.4452],[45.3495,40.4457],[45.359,40.4568],[45.3602,40.466],[45.3568,40.4662],[45.3553,40.4616],[45.3457,40.4656],[45.347,40.4676],[45.3423,40.4724],[45.3457,40.4734],[45.3439,40.4776],[45.3544,40.4832],[45.3729,40.4832],[45.3892,40.4791],[45.4094,40.4692],[45.4162,40.4623],[45.4282,40.441],[45.4381,40.4317]],[[45.0511,40.4961],[45.054,40.495],[45.0532,40.4929],[45.0528,40.4946],[45.0503,40.4933],[45.0511,40.4961]],[[44.9498,40.5258],[44.9529,40.5259],[44.9498,40.5258]],[[44.9492,40.5243],[44.9492,40.5243]],[[44.9493,40.524],[44.9485,40.5215],[44.9493,40.524]],[[45.0372,40.5138],[45.0372,40.5138]],[[45.0376,40.5181],[45.0378,40.516],[45.0348,40.5179],[45.0376,40.5181]],[[45.0404,40.5166],[45.0426,40.5178],[45.0404,40.5166]],[[44.9593,40.514],[44.9593,40.514]],[[44.9915,40.5105],[44.9915,40.5105]],[[44.9847,40.5127],[44.9847,40.5127]],[[45.3501,40.4816],[45.3501,40.4816]],[[45.3485,40.481],[45.3485,40.481]],[[45.3552,40.4833],[45.3552,40.4833]],[[45.3557,40.4834],[45.3557,40.4834]],[[45.3563,40.4835],[45.3563,40.4835]]]]}},{"type":"Feature","properties":{"name":"Արենի լիճ"},"geometry":{"type":"MultiPolygon","coordinates":[[[[44.5214,40.1976],[44.52,40.1973],[44.5214,40.1976]],[[44.5215,40.1974],[44.5215,40.1974]]]]}},{"type":"Feature","properties":{"name":"Կարապի լիճ"},"geometry":{"type":"MultiPolygon","coordinates":[[[[44.5154,40.1844],[44.5154,40.1844]],[[44.5159,40.1847],[44.5159,40.1847]]]]}},{"type":"Feature","properties":{"name":null},"geometry":{"type":"MultiPolygon","coordinates":[[[[44.5538,39.8804],[44.561,39.8773],[44.5647,39.8702],[44.5735,39.8672],[44.5772,39.8623],[44.5832,39.8643],[44.5926,39.8588],[44.5932,39.8488],[44.596,39.8438],[44.5886,39.8335],[44.5955,39.8244],[44.6055,39.8242],[44.6146,39.8294],[44.6205,39.8257],[44.6184,39.8199],[44.611,39.8163],[44.6193,39.8228],[44.6189,39.8258],[44.6145,39.8288],[44.6037,39.8217],[44.5943,39.8243],[44.5878,39.8343],[44.5955,39.8435],[44.5925,39.8492],[44.592,39.8584],[44.5835,39.8638],[44.5764,39.8621],[44.5732,39.8669],[44.5645,39.8698],[44.5619,39.8757],[44.5538,39.8804]],[[44.5899,39.8307],[44.5899,39.8307]],[[44.5903,39.8305],[44.5903,39.8305]],[[44.5914,39.83],[44.5914,39.83]],[[44.5966,39.8235],[44.5952,39.8242],[44.5966,39.8235]],[[44.6021,39.8231],[44.5992,39.8225],[44.6056,39.8239],[44.6021,39.8231]],[[44.6203,39.8232],[44.6203,39.8232]],[[44.6204,39.825],[44.6204,39.825]],[[44.6197,39.826],[44.6186,39.8275],[44.6197,39.826]]]]}},{"type":"Feature","properties":{"name":null},"geometry":{"type":"MultiPolygon","coordinates":[[[[44.611,39.8163],[44.6151,39.813],[44.6224,39.8148],[44.6289,39.8129],[44.6326,39.8064],[44.6428,39.8043],[44.6498,39.7997],[44.6524,39.7939],[44.6586,39.7908],[44.6692,39.7922],[44.6776,39.7875],[44.683,39.7955],[44.6932,39.7938],[44.696,39.7886],[44.6873,39.7842],[44.6856,39.7803],[44.6967,39.7885],[44.6965,39.7918],[44.6863,39.7969],[44.6802,39.7948],[44.678,39.7884],[44.6695,39.7928],[44.6574,39.7922],[44.6431,39.805],[44.6337,39.8063],[44.629,39.8135],[44.6221,39.8152],[44.6153,39.8135],[44.611,39.8163]],[[44.6907,39.7952],[44.6907,39.7952]],[[44.6925,39.7943],[44.6925,39.7943]],[[44.6963,39.7917],[44.6965,39.7899],[44.6963,39.7917]],[[44.6327,39.807],[44.6327,39.807]],[[44.66,39.7911],[44.658,39.7915],[44.66,39.7911]],[[44.6737,39.7898],[44.675,39.7889],[44.6737,39.7898]]]]}},{"type":"Feature","properties":{"name":null},"geometry":{"type":"MultiPolygon","coordinates":[[[[44.7429,39.7448],[44.736,39.7463],[44.7298,39.7415],[44.7231,39.742],[44.7107,39.7703],[44.7018,39.7726],[44.6896,39.7708],[44.6856,39.7803],[44.6858,39.7723],[44.6906,39.7696],[44.6991,39.7718],[44.7105,39.77],[44.7115,39.7624],[44.7226,39.7417],[44.7301,39.741],[44.7361,39.7459],[44.7429,39.7448]],[[44.6867,39.7746],[44.6867,39.7746]],[[44.7161,39.7543],[44.7163,39.7524],[44.7161,39.7543]],[[44.7168,39.7533],[44.7168,39.7533]],[[44.7422,39.7451],[44.7422,39.7451]],[[44.7168,39.752],[44.7168,39.752]],[[44.7118,39.7657],[44.714,39.7604],[44.7118,39.7657]],[[44.7133,39.7644],[44.7125,39.7665],[44.7133,39.7644]],[[44.703,39.772],[44.7046,39.7718],[44.703,39.772]],[[44.6863,39.7732],[44.6872,39.7718],[44.6863,39.7732]],[[44.6873,39.7726],[44.6862,39.7743],[44.6873,39.7726]]]]}},{"type":"Feature","properties":{"name":null},"geometry":{"type":"MultiPolygon","coordinates":[[[[44.2737,40.0616],[44.2818,40.0615],[44.2887,40.054],[44.2859,40.0544],[44.2818,40.0602],[44.2737,40.0616]],[[44.2764,40.0607],[44.2764,40.0607]]]]}},{"type":"Feature","properties":{"name":"Akhurian"},"geometry":{"type":"MultiPolygon","coordinates":[[[[43.5698,40.495],[43.5578,40.4944],[43.5602,40.4901],[43.5571,40.4876],[43.5592,40.4853],[43.5581,40.4813],[43.5419,40.4765],[43.558,40.4817],[43.5588,40.4852],[43.5566,40.4877],[43.5595,40.4901],[43.5579,40.4947],[43.5698,40.495]],[[43.5699,40.4944],[43.5699,40.4944]]]]}},{"type":"Feature","properties":{"name":"Akhurian"},"geometry":{"type":"MultiPolygon","coordinates":[[[[43.6364,40.5217],[43.6338,40.5188],[43.626,40.5187],[43.6236,40.5204],[43.6271,40.5231],[43.6187,40.5252],[43.628,40.5236],[43.6242,40.5206],[43.6262,40.519],[43.6335,40.519],[43.6364,40.5217]],[[43.6261,40.5236],[43.6261,40.5236]]]]}},{"type":"Feature","properties":{"name":"Akhurian"},"geometry":{"type":"MultiPolygon","coordinates":[[[[43.6364,40.5217],[43.6386,40.5251],[43.632,40.5293],[43.6272,40.537],[43.6325,40.5293],[43.6389,40.5252],[43.6364,40.5217]],[[43.6345,40.5284],[43.6345,40.5284]]]]}},{"type":"Feature","properties":{"name":"Akhurian"},"geometry":{"type":"MultiPolygon","coordinates":[[[[43.6495,40.5313],[43.6444,40.5313],[43.6418,40.5372],[43.6366,40.5345],[43.6349,40.5397],[43.6272,40.5372],[43.6351,40.54],[43.6369,40.5347],[43.6418,40.5376],[43.6445,40.5319],[43.6495,40.5313]],[[43.6428,40.5337],[43.6428,40.5337]]]]}},{"type":"Feature","properties":{"name":null},"geometry":{"type":"MultiPolygon","coordinates":[[[[44.4313,40.9944],[44.4313,40.9944]]]]}},{"type":"Feature","properties":{"name":null},"geometry":{"type":"MultiPolygon","coordinates":[[[[44.4304,40.9971],[44.4304,40.9971]]]]}},{"type":"Feature","properties":{"name":null},"geometry":{"type":"MultiPolygon","coordinates":[[[[44.4951,40.9675],[44.4951,40.9675]]]]}},{"type":"Feature","properties":{"name":null},"geometry":{"type":"MultiPolygon","coordinates":[[[[44.6144,40.1961],[44.6166,40.1961],[44.6144,40.1961]],[[44.615,40.1962],[44.615,40.1962]]]]}},{"type":"Feature","properties":{"name":null},"geometry":{"type":"MultiPolygon","coordinates":[[[[44.5538,39.8804],[44.5493,39.8871],[44.5544,39.9011],[44.543,39.9084],[44.535,39.9216],[44.5202,39.92],[44.516,39.929],[44.5024,39.9349],[44.502,39.9403],[44.5034,39.9348],[44.5163,39.9294],[44.5209,39.9201],[44.5309,39.9228],[44.5362,39.9215],[44.5413,39.9111],[44.555,39.9012],[44.55,39.8874],[44.5538,39.8804]],[[44.5187,39.9232],[44.5179,39.9255],[44.5187,39.9232]],[[44.5189,39.9228],[44.5189,39.9228]],[[44.5077,39.9319],[44.5089,39.9311],[44.506,39.9335],[44.5077,39.9319]]]]}},{"type":"Feature","properties":{"name":null},"geometry":{"type":"MultiPolygon","coordinates":[[[[44.2956,40.0388],[44.294,40.0442],[44.2855,40.0439],[44.2749,40.0496],[44.2634,40.0469],[44.2466,40.0494],[44.2416,40.0465],[44.2346,40.0476],[44.2313,40.0433],[44.2248,40.0428],[44.23,40.0411],[44.2347,40.0473],[44.242,40.0457],[44.2469,40.0492],[44.2616,40.0462],[44.2769,40.049],[44.2858,40.0432],[44.2935,40.0441],[44.2956,40.0388]],[[44.2261,40.0423],[44.2261,40.0423]],[[44.2954,40.0407],[44.2954,40.0407]],[[44.2295,40.0411],[44.2316,40.0421],[44.2281,40.0417],[44.2295,40.0411]],[[44.2609,40.0469],[44.2609,40.0469]]]]}},{"type":"Feature","properties":{"name":null},"geometry":{"type":"MultiPolygon","coordinates":[[[[44.2251,40.0431],[44.2219,40.0439],[44.2182,40.0356],[44.2147,40.034],[44.2097,40.0342],[44.206,40.039],[44.1904,40.0389],[44.1878,40.0304],[44.173,40.0271],[44.17,40.0272],[44.1659,40.0319],[44.1582,40.0301],[44.1445,40.0333],[44.1319,40.027],[44.1179,40.0346],[44.1233,40.0343],[44.1318,40.0275],[44.1436,40.0336],[44.1571,40.0305],[44.1661,40.0322],[44.1704,40.0275],[44.1739,40.0276],[44.188,40.0316],[44.1884,40.0376],[44.1915,40.0398],[44.2057,40.0394],[44.2099,40.0345],[44.2151,40.0344],[44.2209,40.0436],[44.2251,40.0431]],[[44.1218,40.0344],[44.1242,40.0312],[44.1283,40.0305],[44.1218,40.0344]],[[44.1373,40.0309],[44.1373,40.0309]],[[44.1508,40.0315],[44.153,40.0311],[44.1508,40.0315]],[[44.1499,40.0323],[44.1466,40.0333],[44.1513,40.0316],[44.1499,40.0323]],[[44.1884,40.0368],[44.1884,40.0368]],[[44.1939,40.04],[44.2005,40.0393],[44.1939,40.04]],[[44.2183,40.037],[44.2161,40.0349],[44.2183,40.037]]]]}},{"type":"Feature","properties":{"name":"Արփի լիճ"},"geometry":{"type":"MultiPolygon","coordinates":[[[[43.6535,41.0679],[43.6508,41.0601],[43.6367,41.053],[43.637,41.0473],[43.633,41.0366],[43.62,41.0286],[43.6173,41.028],[43.6116,41.0318],[43.6067,41.0405],[43.5981,41.0397],[43.5924,41.0432],[43.5955,41.0473],[43.5915,41.0509],[43.5993,41.0515],[43.6025,41.0561],[43.5994,41.0639],[43.6027,41.0661],[43.5984,41.0741],[43.606,41.076],[43.607,41.0729],[43.6098,41.073],[43.6154,41.0767],[43.6167,41.0817],[43.6247,41.0854],[43.6271,41.0926],[43.6339,41.0958],[43.6465,41.0925],[43.6556,41.0833],[43.6449,41.0722],[43.6464,41.0689],[43.6535,41.0679]],[[43.6507,41.0679],[43.6507,41.0679]],[[43.631,41.0582],[43.6285,41.0597],[43.631,41.0582]],[[43.6417,41.0751],[43.6398,41.0758],[43.6417,41.0751]],[[43.6468,41.0844],[43.6468,41.0844]],[[43.6495,41.0833],[43.6495,41.0833]],[[43.6519,41.0845],[43.6519,41.0828],[43.6519,41.0845]],[[43.5963,41.0462],[43.5981,41.0452],[43.5963,41.0462]]]]}},{"type":"Feature","properties":{"name":"Akhurian"},"geometry":{"type":"MultiPolygon","coordinates":[[[[43.5423,40.4765],[43.5474,40.4761],[43.5492,40.4724],[43.5472,40.4672],[43.5551,40.465],[43.5588,40.46],[43.572,40.4594],[43.585,40.4489],[43.5854,40.4456],[43.5927,40.4464],[43.5972,40.4404],[43.6083,40.4361],[43.6124,40.4273],[43.6198,40.4217],[43.6189,40.4156],[43.6193,40.4216],[43.6123,40.4269],[43.6081,40.4359],[43.5968,40.4404],[43.5925,40.4462],[43.5852,40.4453],[43.5847,40.4489],[43.5721,40.459],[43.5583,40.4599],[43.5549,40.4647],[43.5468,40.4671],[43.5486,40.4728],[43.5468,40.4759],[43.5423,40.4765]],[[43.6195,40.4207],[43.6195,40.4207]],[[43.5635,40.459],[43.5635,40.459]]]]}},{"type":"Feature","properties":{"name":"Araz"},"geometry":{"type":"MultiPolygon","coordinates":[[[[46.2671,38.8899],[46.2701,38.8941],[46.2666,38.8941],[46.2663,38.8869],[46.2499,38.8786],[46.2473,38.8743],[46.2162,38.8647],[46.2139,38.8555],[46.2017,38.8515],[46.2146,38.8554],[46.2172,38.8646],[46.231,38.8666],[46.2494,38.8746],[46.2503,38.8784],[46.2674,38.8871],[46.2671,38.8899]],[[46.267,38.8926],[46.2702,38.8938],[46.267,38.8926]],[[46.2667,38.8933],[46.2688,38.8939],[46.2667,38.8933]],[[46.2099,38.8536],[46.2118,38.8538],[46.2099,38.8536]],[[46.2046,38.8519],[46.2046,38.8519]],[[46.2088,38.854],[46.2088,38.854]],[[46.2268,38.8666],[46.2304,38.8674],[46.2268,38.8666]],[[46.2306,38.8674],[46.2306,38.8674]],[[46.2406,38.8721],[46.2406,38.8721]],[[46.2407,38.8723],[46.2407,38.8723]],[[46.2433,38.8723],[46.2433,38.8723]]]]}},{"type":"Feature","properties":{"name":"Araz / ارس"},"geometry":{"type":"MultiPolygon","coordinates":[[[[44.7518,39.7137],[44.768,39.7133],[44.7688,39.7106],[44.7642,39.7068],[44.7639,39.7024],[44.7796,39.7013],[44.7797,39.6947],[44.7881,39.6908],[44.784,39.6858],[44.8013,39.684],[44.8015,39.6812],[44.8027,39.6836],[44.8009,39.6848],[44.7847,39.6858],[44.7886,39.691],[44.7814,39.6938],[44.7792,39.7021],[44.7653,39.7025],[44.7641,39.7055],[44.7706,39.7117],[44.7696,39.7137],[44.761,39.7156],[44.7518,39.7137]],[[44.7646,39.7029],[44.7646,39.7029]],[[44.7686,39.7139],[44.7704,39.7119],[44.7686,39.7139]],[[44.7702,39.7026],[44.7718,39.7027],[44.7702,39.7026]],[[44.7884,39.6845],[44.7906,39.684],[44.7884,39.6845]],[[44.7809,39.6967],[44.7809,39.6967]],[[44.7858,39.6932],[44.7858,39.6932]],[[44.758,39.7144],[44.7641,39.7143],[44.758,39.7144]],[[44.7724,39.7031],[44.7724,39.7031]]]]}},{"type":"Feature","properties":{"name":null},"geometry":{"type":"MultiPolygon","coordinates":[[[[46.5248,38.8764],[46.526,38.886],[46.5244,38.8887],[46.5156,38.8894],[46.505,38.8855],[46.4971,38.8899],[46.5058,38.885],[46.5154,38.8886],[46.524,38.888],[46.5253,38.8858],[46.5226,38.8812],[46.5248,38.8764]],[[46.5236,38.8797],[46.5237,38.8821],[46.5236,38.8797]],[[46.5154,38.8893],[46.5154,38.8893]]]]}},{"type":"Feature","properties":{"name":null},"geometry":{"type":"MultiPolygon","coordinates":[[[[46.4971,38.8895],[46.4833,38.8852],[46.4742,38.8898],[46.4646,38.8884],[46.4556,38.8983],[46.4463,38.8977],[46.4557,38.8989],[46.4654,38.8889],[46.4741,38.8902],[46.4831,38.8858],[46.4971,38.8895]],[[46.4646,38.89],[46.4646,38.89]],[[46.4836,38.8857],[46.4836,38.8857]]]]}},{"type":"Feature","properties":{"name":null},"geometry":{"type":"MultiPolygon","coordinates":[[[[46.3686,38.9118],[46.3799,38.9067],[46.3936,38.9046],[46.4103,38.8935],[46.4168,38.8934],[46.4168,38.8873],[46.4206,38.8833],[46.4242,38.8851],[46.428,38.8933],[46.4464,38.8973],[46.4275,38.8916],[46.4252,38.8852],[46.42,38.8828],[46.4166,38.8857],[46.416,38.8919],[46.4102,38.8929],[46.4015,38.9003],[46.3936,38.9039],[46.3782,38.9062],[46.3686,38.9097],[46.3686,38.9118]],[[46.4316,38.8938],[46.4316,38.8938]],[[46.4167,38.8912],[46.4167,38.8912]],[[46.4156,38.8926],[46.4156,38.8926]],[[46.4169,38.8923],[46.4144,38.8936],[46.4169,38.8923]],[[46.4058,38.8974],[46.4085,38.8949],[46.4058,38.8974]],[[46.3898,38.905],[46.3898,38.905]],[[46.3878,38.9053],[46.3878,38.9053]],[[46.3791,38.9063],[46.3791,38.9063]],[[46.3679,38.9104],[46.3679,38.9104]],[[46.3891,38.9052],[46.3891,38.9052]],[[46.3875,38.9054],[46.3875,38.9054]],[[46.4145,38.8926],[46.4145,38.8926]],[[46.4313,38.8947],[46.4344,38.8952],[46.4313,38.8947]],[[46.4272,38.8916],[46.4316,38.8936],[46.4272,38.8916]]]]}},{"type":"Feature","properties":{"name":null},"geometry":{"type":"MultiPolygon","coordinates":[[[[46.3686,38.9118],[46.3645,38.9167],[46.3392,38.9166],[46.3365,38.9155],[46.3339,38.9094],[46.3274,38.9083],[46.3204,38.9032],[46.3342,38.9091],[46.3393,38.9161],[46.3625,38.9162],[46.3686,38.9118]],[[46.3648,38.9153],[46.3648,38.9153]],[[46.3656,38.9146],[46.3656,38.9146]],[[46.3655,38.9163],[46.3655,38.9163]],[[46.366,38.9147],[46.366,38.9147]],[[46.3658,38.9147],[46.3658,38.9147]]]]}},{"type":"Feature","properties":{"name":null},"geometry":{"type":"MultiPolygon","coordinates":[[[[44.9025,40.7586],[44.8947,40.7579],[44.9084,40.7598],[44.9025,40.7586]],[[44.9028,40.7589],[44.9028,40.7589]],[[44.9036,40.7591],[44.9036,40.7591]],[[44.9006,40.7585],[44.9006,40.7585]],[[44.9003,40.7583],[44.9003,40.7583]],[[44.8997,40.7582],[44.8997,40.7582]],[[44.9021,40.7586],[44.9021,40.7586]],[[44.9025,40.7586],[44.9025,40.7586]]]]}},{"type":"Feature","properties":{"name":null},"geometry":{"type":"MultiPolygon","coordinates":[[[[44.6838,41.0948],[44.6557,41.0996],[44.6487,41.0972],[44.6428,41.0883],[44.6481,41.0972],[44.656,41.0997],[44.6838,41.0948]],[[44.6819,41.0946],[44.6819,41.0946]],[[44.6484,41.0973],[44.6484,41.0973]]]]}},{"type":"Feature","properties":{"name":null},"geometry":{"type":"MultiPolygon","coordinates":[[[[46.2935,38.9012],[46.2824,38.9009],[46.2772,38.8958],[46.2701,38.8941],[46.2778,38.8955],[46.2834,38.9003],[46.2988,38.9003],[46.3027,38.906],[46.3138,38.9015],[46.3206,38.903],[46.314,38.9019],[46.3037,38.9066],[46.2991,38.9011],[46.2935,38.9012]],[[46.2824,38.9007],[46.2824,38.9007]],[[46.2882,38.9002],[46.2882,38.9002]],[[46.3018,38.9055],[46.3018,38.9055]]]]}},{"type":"Feature","properties":{"name":"Դավիթ Բեկի ջրամբար"},"geometry":{"type":"MultiPolygon","coordinates":[[[[46.4073,39.3414],[46.4073,39.3414]]],[[[46.3983,39.3379],[46.4072,39.3414],[46.4112,39.3366],[46.4038,39.3369],[46.4053,39.3383],[46.4037,39.3394],[46.3983,39.3379]]]]}},{"type":"Feature","properties":{"name":"Հրազդան"},"geometry":{"type":"MultiPolygon","coordinates":[[[[44.5125,40.2222],[44.5089,40.222],[44.5036,40.2173],[44.5088,40.2223],[44.5125,40.2222]],[[44.5107,40.2223],[44.5107,40.2223]]]]}},{"type":"Feature","properties":{"name":null},"geometry":{"type":"MultiPolygon","coordinates":[[[[44.7426,39.7441],[44.7447,39.7422],[44.7422,39.7333],[44.7484,39.7236],[44.747,39.717],[44.7518,39.7137],[44.7485,39.7177],[44.7492,39.7278],[44.7431,39.7335],[44.7453,39.7427],[44.7426,39.7441]],[[44.7433,39.7358],[44.7433,39.7358]],[[44.7429,39.7446],[44.7429,39.7446]],[[44.7486,39.716],[44.7476,39.7182],[44.7486,39.716]],[[44.7456,39.7288],[44.7468,39.7264],[44.7456,39.7288]],[[44.7486,39.7245],[44.7491,39.7275],[44.7465,39.7289],[44.7486,39.7245]]]]}},{"type":"Feature","properties":{"name":null},"geometry":{"type":"MultiPolygon","coordinates":[[[[45.5145,39.9267],[45.5145,39.9267]]]]}},{"type":"Feature","properties":{"name":"Հերհերի ջրամբար"},"geometry":{"type":"MultiPolygon","coordinates":[[[[45.5347,39.7008],[45.5416,39.701],[45.5515,39.7127],[45.5498,39.7186],[45.5514,39.7189],[45.5464,39.7285],[45.5471,39.7164],[45.545,39.7174],[45.5471,39.7146],[45.5347,39.7008]]]]}},{"type":"Feature","properties":{"name":null},"geometry":{"type":"MultiPolygon","coordinates":[[[[45.5217,39.5824],[45.5217,39.5824]]]]}},{"type":"Feature","properties":{"name":null},"geometry":{"type":"MultiPolygon","coordinates":[[[[46.1657,39.456],[46.1657,39.456]]]]}},{"type":"Feature","properties":{"name":null},"geometry":{"type":"MultiPolygon","coordinates":[[[[44.5069,40.1913],[44.5069,40.1913]],[[44.507,40.1912],[44.507,40.1912]],[[44.5069,40.1913],[44.5069,40.1913]]]]}},{"type":"Feature","properties":{"name":null},"geometry":{"type":"MultiPolygon","coordinates":[[[[46.3729,39.4563],[46.3729,39.4563]]]]}},{"type":"Feature","properties":{"name":null},"geometry":{"type":"MultiPolygon","coordinates":[[[[46.3631,39.4768],[46.3631,39.4768]]]]}},{"type":"Feature","properties":{"name":null},"geometry":{"type":"MultiPolygon","coordinates":[[[[46.3888,39.1902],[46.3888,39.1902]]]]}},{"type":"Feature","properties":{"name":null},"geometry":{"type":"MultiPolygon","coordinates":[[[[43.7887,41.046],[43.7806,41.0489],[43.7866,41.0455],[43.7968,41.045],[43.7856,41.0466],[43.7769,41.053],[43.7786,41.0507],[43.7703,41.0537],[43.7887,41.046]],[[43.7769,41.0529],[43.7769,41.0529]],[[43.7955,41.0451],[43.7955,41.0451]]]]}},{"type":"Feature","properties":{"name":null},"geometry":{"type":"MultiPolygon","coordinates":[[[[46.1546,38.8434],[46.1601,38.8408],[46.1658,38.8429],[46.1821,38.8406],[46.1875,38.8429],[46.1936,38.8516],[46.2018,38.852],[46.1916,38.8513],[46.19,38.8467],[46.1823,38.841],[46.1655,38.8431],[46.1598,38.8413],[46.1546,38.8434]],[[46.1909,38.8497],[46.1906,38.8476],[46.1909,38.8497]],[[46.1913,38.8504],[46.1927,38.8513],[46.1913,38.8504]],[[46.1991,38.8519],[46.1991,38.8519]],[[46.1873,38.8432],[46.1873,38.8432]]]]}},{"type":"Feature","properties":{"name":null},"geometry":{"type":"MultiPolygon","coordinates":[[[[43.7762,41.003],[43.7768,41.0121],[43.784,41.0138],[43.7859,41.0176],[43.791,41.0161],[43.8023,41.0182],[43.8092,41.0235],[43.8127,41.0233],[43.8091,41.0233],[43.8021,41.0176],[43.7858,41.0173],[43.785,41.0142],[43.777,41.0119],[43.7762,41.003]],[[43.8034,41.0181],[43.8034,41.0181]],[[43.792,41.0163],[43.792,41.0163]],[[43.7875,41.0168],[43.7875,41.0168]],[[43.7847,41.0141],[43.7847,41.0141]],[[43.7779,41.0127],[43.7779,41.0127]],[[43.7763,41.0059],[43.7763,41.0059]],[[43.7762,41.0041],[43.7762,41.0041]]]]}},{"type":"Feature","properties":{"name":null},"geometry":{"type":"MultiPolygon","coordinates":[[[[43.8018,40.7615],[43.8121,40.7804],[43.8088,40.7945],[43.7997,40.8034],[43.8088,40.7949],[43.8124,40.7797],[43.8018,40.7615]],[[43.7999,40.8029],[43.7999,40.8029]],[[43.8019,40.8014],[43.8019,40.8014]],[[43.802,40.8012],[43.802,40.8012]],[[43.8059,40.798],[43.8059,40.798]],[[43.8098,40.7907],[43.8098,40.7907]],[[43.8111,40.7887],[43.8111,40.7887]],[[43.8109,40.7879],[43.8109,40.7879]],[[43.8116,40.786],[43.8116,40.786]],[[43.8122,40.7807],[43.8122,40.7807]],[[43.8122,40.7798],[43.8122,40.7798]],[[43.8078,40.7708],[43.8078,40.7708]],[[43.8021,40.7616],[43.8021,40.7616]]]]}},{"type":"Feature","properties":{"name":null},"geometry":{"type":"MultiPolygon","coordinates":[[[[43.7994,40.8033],[43.7948,40.808],[43.7804,40.8125],[43.7698,40.8212],[43.7629,40.8224],[43.7601,40.8277],[43.7622,40.8231],[43.7715,40.8205],[43.7845,40.8108],[43.7943,40.8085],[43.7994,40.8033]],[[43.7643,40.822],[43.7626,40.8227],[43.7643,40.822]],[[43.7758,40.8172],[43.7758,40.8172]],[[43.7657,40.8217],[43.7657,40.8217]],[[43.7773,40.8162],[43.7773,40.8162]],[[43.7733,40.8185],[43.7733,40.8185]],[[43.7813,40.8123],[43.7813,40.8123]],[[43.7786,40.8144],[43.7786,40.8144]],[[43.7826,40.812],[43.7826,40.812]],[[43.7828,40.8119],[43.7828,40.8119]],[[43.7828,40.8118],[43.7828,40.8118]],[[43.7838,40.8113],[43.7838,40.8113]],[[43.784,40.8112],[43.784,40.8112]],[[43.7842,40.8108],[43.7842,40.8108]],[[43.7865,40.8104],[43.7865,40.8104]],[[43.7892,40.8099],[43.7892,40.8099]],[[43.7901,40.8101],[43.7901,40.8101]],[[43.7951,40.8066],[43.7951,40.8066]],[[43.799,40.8039],[43.799,40.8039]],[[43.7995,40.8034],[43.7995,40.8034]]]]}},{"type":"Feature","properties":{"name":null},"geometry":{"type":"MultiPolygon","coordinates":[[[[46.1545,38.843],[46.1456,38.8425],[46.1361,38.8472],[46.1296,38.8465],[46.1282,38.8513],[46.112,38.8586],[46.1121,38.8654],[46.0942,38.8673],[46.0827,38.8711],[46.0936,38.8669],[46.1116,38.865],[46.1107,38.8586],[46.1278,38.8507],[46.1286,38.8463],[46.1363,38.8467],[46.1456,38.8416],[46.1545,38.843]],[[46.1056,38.8663],[46.1056,38.8663]],[[46.1106,38.8659],[46.1106,38.8659]]]]}},{"type":"Feature","properties":{"name":null},"geometry":{"type":"MultiPolygon","coordinates":[[[[43.6189,40.4156],[43.6136,40.4137],[43.614,40.4087],[43.618,40.404],[43.6172,40.4006],[43.6202,40.3983],[43.618,40.3901],[43.6123,40.3901],[43.6118,40.3864],[43.6071,40.384],[43.6116,40.3866],[43.6121,40.3903],[43.6178,40.3904],[43.6199,40.3981],[43.6169,40.4005],[43.6176,40.4044],[43.6136,40.4086],[43.6132,40.4139],[43.6141,40.4159],[43.6189,40.4156]],[[43.6083,40.3851],[43.6083,40.3851]]]]}},{"type":"Feature","properties":{"name":null},"geometry":{"type":"MultiPolygon","coordinates":[[[[43.6394,40.2786],[43.6315,40.2827],[43.6358,40.2928],[43.6261,40.2993],[43.6272,40.3036],[43.6226,40.3061],[43.6199,40.3121],[43.6226,40.3068],[43.6274,40.304],[43.6264,40.2994],[43.6357,40.2937],[43.6358,40.2895],[43.6318,40.2832],[43.6396,40.2794],[43.6413,40.2723],[43.6443,40.2706],[43.6493,40.2719],[43.6527,40.269],[43.6639,40.2701],[43.6722,40.2656],[43.6773,40.2579],[43.6719,40.2654],[43.6637,40.2699],[43.6529,40.2688],[43.6491,40.2717],[43.6428,40.2708],[43.6394,40.2786]],[[43.6504,40.2701],[43.6504,40.2701]],[[43.634,40.2871],[43.634,40.2871]]]]}},{"type":"Feature","properties":{"name":"Akhurian"},"geometry":{"type":"MultiPolygon","coordinates":[[[[43.5894,40.507],[43.5836,40.5073],[43.5779,40.5033],[43.5712,40.5038],[43.5718,40.501],[43.5683,40.4984],[43.5705,40.4948],[43.5681,40.4981],[43.5714,40.5011],[43.5712,40.5041],[43.5778,40.5037],[43.5838,40.5077],[43.5894,40.507]],[[43.5713,40.502],[43.5713,40.502]]]]}},{"type":"Feature","properties":{"name":null},"geometry":{"type":"MultiPolygon","coordinates":[[[[43.6081,40.3253],[43.602,40.3294],[43.6007,40.334],[43.5908,40.3454],[43.5971,40.3549],[43.595,40.3616],[43.6002,40.3692],[43.5993,40.3718],[43.6067,40.3743],[43.6053,40.3812],[43.6071,40.384],[43.6048,40.3812],[43.6064,40.3745],[43.5991,40.3719],[43.6,40.3691],[43.5942,40.3607],[43.5968,40.355],[43.5905,40.3455],[43.6003,40.3341],[43.6018,40.3293],[43.6109,40.3213],[43.614,40.3141],[43.6198,40.3118],[43.6145,40.314],[43.6081,40.3253]],[[43.5956,40.3593],[43.5956,40.3593]],[[43.613,40.3165],[43.613,40.3165]]]]}},{"type":"Feature","properties":{"name":null},"geometry":{"type":"MultiPolygon","coordinates":[[[[43.8009,40.7568],[43.8023,40.761],[43.8,40.7551],[43.7783,40.7374],[43.778,40.7321],[43.7748,40.728],[43.776,40.7246],[43.775,40.7281],[43.7783,40.7321],[43.7783,40.7372],[43.8009,40.7568]],[[43.8018,40.7599],[43.8018,40.7599]],[[43.8023,40.76],[43.8023,40.76]],[[43.8018,40.7598],[43.8018,40.7598]],[[43.8002,40.7554],[43.8002,40.7554]],[[43.7974,40.7529],[43.7974,40.7529]],[[43.7955,40.7512],[43.7955,40.7512]],[[43.7877,40.7446],[43.7877,40.7446]],[[43.7835,40.7408],[43.7835,40.7408]],[[43.7784,40.7338],[43.7784,40.7338]],[[43.7768,40.7311],[43.7768,40.7311]]]]}},{"type":"Feature","properties":{"name":null},"geometry":{"type":"MultiPolygon","coordinates":[[[[43.814,41.0444],[43.8113,41.046],[43.8163,41.0438],[43.82,41.0313],[43.8127,41.0233],[43.8195,41.0308],[43.8159,41.0437],[43.8112,41.0442],[43.8058,41.0483],[43.7968,41.045],[43.7985,41.046],[43.7895,41.047],[43.7958,41.0454],[43.8051,41.0488],[43.814,41.0444]],[[43.8129,41.0452],[43.8129,41.0452]],[[43.8115,41.0459],[43.8115,41.0459]],[[43.7913,41.0462],[43.7913,41.0462]],[[43.7909,41.0464],[43.7909,41.0464]],[[43.8029,41.0472],[43.8029,41.0472]],[[43.8196,41.0321],[43.8196,41.0321]],[[43.8198,41.0308],[43.8198,41.0308]],[[43.8198,41.0305],[43.8198,41.0305]],[[43.8197,41.0303],[43.8197,41.0303]],[[43.8192,41.0299],[43.8192,41.0299]],[[43.8183,41.0344],[43.8183,41.0344]],[[43.8181,41.0342],[43.8181,41.0342]],[[43.8193,41.0335],[43.8193,41.0335]],[[43.8177,41.0372],[43.8177,41.0372]],[[43.8178,41.035],[43.8178,41.035]],[[43.8159,41.0439],[43.8159,41.0439]],[[43.8162,41.0437],[43.8162,41.0437]],[[43.8111,41.0446],[43.8111,41.0446]],[[43.8117,41.0442],[43.8117,41.0442]],[[43.8085,41.0471],[43.8111,41.0453],[43.8085,41.0471]],[[43.8084,41.0467],[43.8084,41.0467]],[[43.8047,41.0485],[43.8047,41.0485]],[[43.8038,41.0477],[43.8038,41.0477]],[[43.8032,41.0474],[43.8032,41.0474]],[[43.8034,41.0473],[43.8034,41.0473]],[[43.8008,41.0466],[43.8008,41.0466]],[[43.8005,41.0467],[43.8005,41.0467]],[[43.7985,41.0457],[43.8,41.0463],[43.7985,41.0457]]]]}},{"type":"Feature","properties":{"name":null},"geometry":{"type":"MultiPolygon","coordinates":[[[[43.776,41.003],[43.775,40.9964],[43.7788,40.9945],[43.7831,40.9876],[43.7791,40.9946],[43.7751,40.9966],[43.776,41.003]],[[43.7808,40.9903],[43.7808,40.9903]],[[43.7791,40.992],[43.7791,40.992]],[[43.779,40.9926],[43.779,40.9926]],[[43.7776,40.9951],[43.7776,40.9951]],[[43.775,40.998],[43.775,40.998]],[[43.7765,41.0004],[43.7765,41.0004]]]]}},{"type":"Feature","properties":{"name":null},"geometry":{"type":"MultiPolygon","coordinates":[[[[43.7607,40.6954],[43.7623,40.6975],[43.7603,40.6988],[43.7631,40.6987],[43.769,40.7079],[43.7687,40.711],[43.7754,40.7168],[43.7761,40.7247],[43.7749,40.7167],[43.7684,40.7109],[43.7689,40.7078],[43.7632,40.6991],[43.7601,40.6987],[43.762,40.6976],[43.7607,40.6954]],[[43.7701,40.7123],[43.7701,40.7123]],[[43.7703,40.7123],[43.7703,40.7123]],[[43.7753,40.7168],[43.7753,40.7168]],[[43.7756,40.7176],[43.7756,40.7176]],[[43.7755,40.7183],[43.7755,40.7183]],[[43.7758,40.7203],[43.7758,40.7203]]]]}},{"type":"Feature","properties":{"name":null},"geometry":{"type":"MultiPolygon","coordinates":[[[[44.7509,41.1196],[44.7572,41.1258],[44.7566,41.1294],[44.764,41.1331],[44.7565,41.1296],[44.7568,41.1255],[44.7509,41.12],[44.7385,41.1161],[44.7375,41.1137],[44.7307,41.1124],[44.7247,41.117],[44.7174,41.1165],[44.71,41.1065],[44.6972,41.1018],[44.6958,41.0986],[44.6973,41.1015],[44.7102,41.1064],[44.7176,41.1164],[44.7255,41.1164],[44.7311,41.1122],[44.7509,41.1196]],[[44.7104,41.1072],[44.7104,41.1072]],[[44.7074,41.1056],[44.7074,41.1056]],[[44.7512,41.1198],[44.7512,41.1198]]]]}},{"type":"Feature","properties":{"name":null},"geometry":{"type":"MultiPolygon","coordinates":[[[[44.8077,41.2738],[44.8076,41.2655],[44.8026,41.262],[44.8023,41.2566],[44.8038,41.252],[44.8132,41.2439],[44.8136,41.2381],[44.8281,41.2293],[44.8505,41.2295],[44.8543,41.2283],[44.8549,41.2239],[44.8584,41.2235],[44.8547,41.2238],[44.8539,41.2283],[44.8469,41.2297],[44.8379,41.2279],[44.8279,41.229],[44.8136,41.2376],[44.8128,41.244],[44.8028,41.2524],[44.8014,41.2581],[44.8026,41.2626],[44.8073,41.2658],[44.806,41.2728],[44.8077,41.2738]],[[44.848,41.2294],[44.8508,41.2292],[44.848,41.2294]],[[44.8081,41.2733],[44.8081,41.2733]],[[44.8082,41.2729],[44.8082,41.2729]],[[44.8078,41.2736],[44.8076,41.2712],[44.8078,41.2736]],[[44.8066,41.2715],[44.8066,41.2715]],[[44.8066,41.2713],[44.8066,41.2713]],[[44.8074,41.2676],[44.8074,41.2676]],[[44.8022,41.258],[44.8022,41.258]],[[44.8021,41.2582],[44.8021,41.2582]],[[44.8022,41.2584],[44.8022,41.2584]],[[44.8178,41.2358],[44.8178,41.2358]],[[44.8178,41.2364],[44.8205,41.2326],[44.8178,41.2364]],[[44.8187,41.2334],[44.8187,41.2334]]]]}},{"type":"Feature","properties":{"name":null},"geometry":{"type":"MultiPolygon","coordinates":[[[[43.6774,40.2574],[43.6831,40.257],[43.6786,40.2539],[43.682,40.2504],[43.6769,40.2483],[43.6795,40.243],[43.6844,40.24],[43.6792,40.2399],[43.6827,40.2357],[43.6771,40.2319],[43.6838,40.2266],[43.6762,40.2249],[43.6666,40.228],[43.6575,40.228],[43.6533,40.2249],[43.658,40.2222],[43.6537,40.2239],[43.6532,40.2258],[43.6574,40.2282],[43.6663,40.2283],[43.6759,40.2251],[43.6837,40.2267],[43.6769,40.2317],[43.6824,40.2359],[43.679,40.24],[43.6842,40.2401],[43.6795,40.2427],[43.6766,40.2481],[43.6817,40.2504],[43.6782,40.2542],[43.6827,40.2572],[43.6774,40.2574]],[[43.6639,40.2282],[43.6639,40.2282]],[[43.6791,40.2548],[43.6791,40.2548]],[[43.6794,40.2572],[43.6794,40.2572]]]]}},{"type":"Feature","properties":{"name":null},"geometry":{"type":"MultiPolygon","coordinates":[[[[44.7644,41.1335],[44.7817,41.1482],[44.7911,41.149],[44.7983,41.1426],[44.8044,41.1433],[44.7978,41.1424],[44.7911,41.1487],[44.7815,41.148],[44.7644,41.1335]],[[44.8032,41.1438],[44.8032,41.1438]],[[44.7997,41.1433],[44.7997,41.1433]]]]}},{"type":"Feature","properties":{"name":null},"geometry":{"type":"MultiPolygon","coordinates":[[[[43.658,40.2222],[43.6638,40.2169],[43.6618,40.2135],[43.6654,40.2139],[43.6731,40.2056],[43.6865,40.1994],[43.6961,40.1914],[43.6948,40.1878],[43.7003,40.1786],[43.7117,40.1734],[43.7132,40.1648],[43.7156,40.163],[43.712,40.1734],[43.7002,40.1791],[43.6952,40.1888],[43.6963,40.1915],[43.6873,40.1992],[43.6734,40.2057],[43.6655,40.2141],[43.662,40.2136],[43.664,40.2173],[43.658,40.2222]],[[43.7024,40.1771],[43.7024,40.1771]],[[43.6958,40.1875],[43.6958,40.1875]],[[43.6931,40.1937],[43.6931,40.1937]],[[43.6608,40.219],[43.6608,40.219]]]]}},{"type":"Feature","properties":{"name":null},"geometry":{"type":"MultiPolygon","coordinates":[[[[44.8583,41.2237],[44.864,41.2234],[44.8643,41.2202],[44.8681,41.2174],[44.8915,41.2214],[44.8929,41.2168],[44.9019,41.2099],[44.8934,41.2167],[44.8915,41.2217],[44.8687,41.2178],[44.8633,41.2243],[44.8583,41.2237]],[[44.8646,41.2202],[44.8644,41.2227],[44.8646,41.2202]],[[44.8653,41.22],[44.8653,41.22]],[[44.8712,41.2182],[44.8712,41.2182]],[[44.8928,41.22],[44.8928,41.22]]]]}},{"type":"Feature","properties":{"name":"Arpaçay Baraj Gölü Ախուրյանի ջրամբար"},"geometry":{"type":"MultiPolygon","coordinates":[[[[43.6756,40.5767],[43.6733,40.5784],[43.6725,40.5764],[43.6752,40.5747],[43.6721,40.5767],[43.6685,40.5739],[43.6737,40.5705],[43.6702,40.5633],[43.6685,40.5663],[43.6646,40.5651],[43.6655,40.5629],[43.6567,40.5655],[43.645,40.563],[43.656,40.5664],[43.6627,40.5638],[43.6674,40.5667],[43.6672,40.5734],[43.6616,40.5755],[43.6673,40.5741],[43.6754,40.5793],[43.6756,40.586],[43.6797,40.5886],[43.6773,40.5904],[43.6861,40.5986],[43.686,40.6032],[43.683,40.6054],[43.6858,40.6114],[43.6837,40.6159],[43.6869,40.618],[43.6856,40.6203],[43.6915,40.6235],[43.6935,40.6208],[43.699,40.6227],[43.6989,40.6172],[43.7012,40.6156],[43.7057,40.6277],[43.7093,40.6284],[43.7082,40.6264],[43.7132,40.6226],[43.7103,40.6201],[43.709,40.6127],[43.6918,40.5991],[43.6938,40.5932],[43.6915,40.5918],[43.6925,40.5879],[43.6898,40.5875],[43.6793,40.5758],[43.6756,40.5767]]]]}},{"type":"Feature","properties":{"name":null},"geometry":{"type":"MultiPolygon","coordinates":[[[[44.6324,40.9576],[44.6371,40.9652],[44.6352,40.9745],[44.6555,40.9909],[44.6518,40.9992],[44.6377,41.0061],[44.6368,41.0113],[44.6396,41.0133],[44.6365,41.0163],[44.6376,41.0203],[44.6352,41.0219],[44.6342,41.0344],[44.6367,41.0244],[44.6353,41.0222],[44.6379,41.0205],[44.6368,41.0165],[44.6401,41.0133],[44.6371,41.0116],[44.638,41.0059],[44.6515,40.9998],[44.6559,40.9913],[44.6516,40.9858],[44.6354,40.9743],[44.6375,40.9659],[44.6324,40.9576]],[[44.6505,41.0002],[44.6505,41.0002]],[[44.6337,40.9586],[44.6337,40.9586]],[[44.6343,40.9592],[44.6343,40.9592]],[[44.6382,40.9778],[44.6382,40.9778]],[[44.6554,40.9917],[44.6554,40.9917]]]]}},{"type":"Feature","properties":{"name":null},"geometry":{"type":"MultiPolygon","coordinates":[[[[43.6697,40.1569],[43.7156,40.1629],[43.6992,40.1628],[43.6697,40.1569]],[[43.7147,40.1622],[43.7147,40.1622]],[[43.7016,40.1615],[43.7016,40.1615]],[[43.6986,40.1617],[43.6986,40.1617]]]]}},{"type":"Feature","properties":{"name":null},"geometry":{"type":"MultiPolygon","coordinates":[[[[44.8077,41.274],[44.8056,41.2901],[44.8083,41.2922],[44.8079,41.3006],[44.8124,41.3089],[44.8205,41.3131],[44.811,41.3103],[44.8063,41.2991],[44.8072,41.2935],[44.8052,41.2884],[44.8077,41.274]],[[44.8082,41.3024],[44.8082,41.3024]],[[44.8138,41.3111],[44.8138,41.3111]],[[44.8134,41.3109],[44.8134,41.3109]],[[44.8149,41.3119],[44.818,41.3131],[44.8149,41.3119]],[[44.8161,41.3113],[44.8145,41.3106],[44.8161,41.3113]],[[44.8069,41.2989],[44.8069,41.2989]],[[44.8068,41.2972],[44.8068,41.2972]],[[44.8064,41.2968],[44.8064,41.2968]],[[44.8064,41.2966],[44.8064,41.2966]],[[44.8074,41.2931],[44.8074,41.2931]],[[44.8076,41.2806],[44.8076,41.2806]],[[44.8074,41.2811],[44.8074,41.2811]]]]}},{"type":"Feature","properties":{"name":null},"geometry":{"type":"MultiPolygon","coordinates":[[[[43.6484,40.1315],[43.6531,40.1407],[43.6506,40.1458],[43.6609,40.1542],[43.6648,40.1531],[43.6701,40.1567],[43.6654,40.153],[43.6615,40.1539],[43.6509,40.1456],[43.6536,40.1411],[43.6484,40.1315]],[[43.6678,40.1545],[43.6697,40.1567],[43.6678,40.1545]],[[43.66,40.1532],[43.66,40.1532]],[[43.6603,40.1527],[43.6614,40.1541],[43.6603,40.1527]],[[43.6602,40.1527],[43.6602,40.1527]],[[43.653,40.1422],[43.653,40.1422]]]]}},{"type":"Feature","properties":{"name":null},"geometry":{"type":"MultiPolygon","coordinates":[[[[43.7883,40.0689],[43.7805,40.0719],[43.7981,40.0691],[43.8086,40.0619],[43.8249,40.0592],[43.8073,40.0616],[43.7973,40.0688],[43.7883,40.0689]],[[43.7849,40.0697],[43.7868,40.0688],[43.7849,40.0697]],[[43.782,40.0711],[43.7843,40.0709],[43.782,40.0711]],[[43.8109,40.0614],[43.8109,40.0614]],[[43.8028,40.0655],[43.8054,40.0638],[43.8028,40.0655]],[[43.8221,40.0606],[43.8244,40.0592],[43.8221,40.0606]]]]}},{"type":"Feature","properties":{"name":null},"geometry":{"type":"MultiPolygon","coordinates":[[[[44.6189,41.0833],[44.6429,41.0882],[44.6329,41.0846],[44.6195,41.0839],[44.6181,41.0801],[44.62,41.0773],[44.6183,41.0715],[44.628,41.0587],[44.6285,41.0457],[44.6341,41.0343],[44.6282,41.0455],[44.6277,41.0588],[44.6181,41.0711],[44.6189,41.0833]],[[44.6354,41.0865],[44.6354,41.0865]],[[44.6187,41.0741],[44.6187,41.0741]],[[44.6199,41.0843],[44.622,41.0843],[44.6199,41.0843]],[[44.6277,41.0846],[44.6277,41.0846]],[[44.6367,41.0865],[44.6367,41.0865]],[[44.6257,41.0607],[44.6257,41.0607]],[[44.6199,41.0683],[44.6199,41.0683]]]]}},{"type":"Feature","properties":{"name":null},"geometry":{"type":"MultiPolygon","coordinates":[[[[44.9016,41.2098],[44.9047,41.2042],[44.9008,41.1914],[44.8849,41.1869],[44.8797,41.1808],[44.8652,41.1832],[44.8446,41.169],[44.8385,41.1622],[44.8657,41.1831],[44.8799,41.1805],[44.8842,41.1861],[44.901,41.1912],[44.9055,41.206],[44.9016,41.2098]],[[44.904,41.2075],[44.9046,41.2057],[44.904,41.2075]],[[44.9047,41.2065],[44.9047,41.2065]],[[44.9017,41.1976],[44.9017,41.1976]],[[44.9017,41.1969],[44.9017,41.1969]],[[44.9017,41.1963],[44.9017,41.1963]],[[44.902,41.1962],[44.902,41.1962]],[[44.9021,41.1959],[44.9021,41.1959]],[[44.9003,41.1912],[44.9003,41.1912]],[[44.881,41.1831],[44.881,41.1831]],[[44.8812,41.1829],[44.8812,41.1829]],[[44.8816,41.182],[44.8816,41.182]]]]}},{"type":"Feature","properties":{"name":null},"geometry":{"type":"MultiPolygon","coordinates":[[[[46.6035,38.9117],[46.6009,38.9065],[46.5753,38.8921],[46.5685,38.891],[46.5635,38.886],[46.5527,38.8835],[46.5346,38.8678],[46.5242,38.8761],[46.5342,38.8667],[46.554,38.8836],[46.5665,38.8855],[46.5682,38.8899],[46.575,38.8913],[46.5938,38.9026],[46.5973,38.9021],[46.6034,38.9085],[46.6035,38.9117]],[[46.5253,38.8744],[46.5253,38.8744]],[[46.5265,38.8735],[46.5265,38.8735]],[[46.5325,38.8678],[46.5325,38.8678]],[[46.5333,38.8669],[46.5333,38.8669]],[[46.5434,38.8769],[46.5434,38.8769]],[[46.5501,38.8799],[46.5501,38.8799]],[[46.5499,38.8797],[46.5499,38.8797]],[[46.5665,38.886],[46.5665,38.886]],[[46.5825,38.8958],[46.5825,38.8958]],[[46.564,38.8861],[46.5659,38.8869],[46.564,38.8861]],[[46.5931,38.9033],[46.5952,38.9043],[46.5931,38.9033]],[[46.5957,38.9027],[46.6007,38.9058],[46.5957,38.9027]],[[46.6037,38.9109],[46.6037,38.9109]]]]}},{"type":"Feature","properties":{"name":null},"geometry":{"type":"MultiPolygon","coordinates":[[[[44.438,39.9854],[44.4569,39.9908],[44.4628,39.9825],[44.4794,39.9723],[44.4834,39.9642],[44.4909,39.9581],[44.4935,39.9504],[44.5012,39.945],[44.5026,39.9402],[44.5,39.9454],[44.4925,39.9507],[44.4913,39.9563],[44.4832,39.9635],[44.479,39.972],[44.4623,39.9824],[44.4566,39.9906],[44.438,39.9854]],[[44.4419,39.9859],[44.4419,39.9859]],[[44.442,39.9861],[44.442,39.9861]],[[44.4424,39.9861],[44.4424,39.9861]],[[44.4415,39.9855],[44.4415,39.9855]],[[44.496,39.9482],[44.4978,39.9472],[44.496,39.9482]]]]}},{"type":"Feature","properties":{"name":null},"geometry":{"type":"MultiPolygon","coordinates":[[[[44.8117,41.1472],[44.8151,41.1472],[44.8041,41.143],[44.8095,41.1442],[44.8117,41.1472]],[[44.8112,41.1452],[44.8112,41.1452]],[[44.8114,41.1458],[44.8114,41.1458]],[[44.8123,41.1472],[44.8123,41.1472]],[[44.813,41.1478],[44.813,41.1478]],[[44.813,41.1473],[44.813,41.1473]]]]}},{"type":"Feature","properties":{"name":null},"geometry":{"type":"MultiPolygon","coordinates":[[[[44.8146,41.1483],[44.8245,41.1484],[44.8369,41.1535],[44.8365,41.1587],[44.839,41.1621],[44.8353,41.1534],[44.8286,41.1522],[44.8243,41.1486],[44.8146,41.1483]],[[44.829,41.1521],[44.829,41.1521]],[[44.8363,41.1539],[44.8363,41.1539]],[[44.8367,41.1552],[44.8367,41.1552]]]]}},{"type":"Feature","properties":{"name":null},"geometry":{"type":"MultiPolygon","coordinates":[[[[44.3962,40.0037],[44.4182,40.0004],[44.4259,39.991],[44.438,39.9854],[44.4239,39.9932],[44.4175,40.0011],[44.3925,40.0053],[44.3844,40.0041],[44.3962,40.0037]],[[44.4233,39.9933],[44.4221,39.9946],[44.4233,39.9933]],[[44.4298,39.9892],[44.4277,39.9904],[44.4298,39.9892]],[[44.4225,39.9953],[44.4225,39.9953]],[[44.4223,39.9959],[44.4223,39.9959]],[[44.4217,39.996],[44.4217,39.996]],[[44.3973,40.0037],[44.3995,40.003],[44.3973,40.0037]],[[44.4263,39.9909],[44.4263,39.9909]]]]}},{"type":"Feature","properties":{"name":null},"geometry":{"type":"MultiPolygon","coordinates":[[[[44.3846,40.0038],[44.3793,40.0036],[44.3688,40.0104],[44.3584,40.0182],[44.3519,40.0271],[44.3421,40.0269],[44.3355,40.0326],[44.3256,40.031],[44.3143,40.0391],[44.2992,40.0357],[44.2951,40.0387],[44.3003,40.0362],[44.3159,40.0391],[44.326,40.0314],[44.3358,40.0328],[44.3425,40.0271],[44.3514,40.0276],[44.358,40.019],[44.3693,40.0106],[44.3796,40.0039],[44.3846,40.0038]],[[44.2959,40.0374],[44.2959,40.0374]],[[44.3593,40.0176],[44.3593,40.0176]],[[44.2998,40.0359],[44.2998,40.0359]],[[44.2995,40.0361],[44.2995,40.0361]],[[44.2988,40.0361],[44.2988,40.0361]],[[44.2978,40.0362],[44.2978,40.0362]],[[44.327,40.0309],[44.3221,40.0337],[44.327,40.0309]],[[44.3295,40.0311],[44.3295,40.0311]],[[44.3389,40.0292],[44.3401,40.0279],[44.3389,40.0292]],[[44.3401,40.0278],[44.3401,40.0278]]]]}},{"type":"Feature","properties":{"name":"Սպանդարյանի ջրամբար"},"geometry":{"type":"MultiPolygon","coordinates":[[[[45.8299,39.6545],[45.8267,39.6611],[45.833,39.6703],[45.8208,39.6621],[45.821,39.6696],[45.8187,39.6668],[45.8088,39.6753],[45.812,39.669],[45.7872,39.6794],[45.7901,39.6745],[45.789,39.6716],[45.7927,39.6682],[45.7878,39.6689],[45.7893,39.6673],[45.7854,39.6659],[45.7997,39.6663],[45.8064,39.6637],[45.8103,39.657],[45.7988,39.6565],[45.8033,39.6533],[45.8136,39.6539],[45.81,39.6508],[45.8167,39.6476],[45.8253,39.6487],[45.8273,39.6465],[45.8228,39.6433],[45.827,39.6413],[45.8229,39.6392],[45.8286,39.6389],[45.8265,39.6363],[45.8302,39.6387],[45.8338,39.6361],[45.8343,39.6426],[45.8403,39.6447],[45.8421,39.6477],[45.8483,39.6484],[45.8474,39.6509],[45.8416,39.6498],[45.8389,39.6551],[45.8329,39.6581],[45.8377,39.6652],[45.8314,39.6619],[45.8299,39.6545]]]]}},{"type":"Feature","properties":{"name":null},"geometry":{"type":"MultiPolygon","coordinates":[[[[43.6421,40.131],[43.6377,40.1316],[43.6332,40.1261],[43.6265,40.1257],[43.6189,40.1197],[43.5871,40.1171],[43.5961,40.1142],[43.6143,40.1172],[43.6257,40.1243],[43.6334,40.1258],[43.6381,40.1315],[43.6472,40.1313],[43.6512,40.1294],[43.6573,40.1116],[43.6604,40.1099],[43.6577,40.1117],[43.6578,40.1219],[43.6524,40.1263],[43.6514,40.1303],[43.6421,40.131]],[[43.6573,40.1222],[43.6573,40.1222]],[[43.6563,40.1177],[43.6575,40.1209],[43.6554,40.1232],[43.6563,40.1177]],[[43.608,40.1178],[43.6161,40.1194],[43.614,40.1173],[43.608,40.1178]],[[43.6263,40.1253],[43.6292,40.1255],[43.6263,40.1253]],[[43.5951,40.1148],[43.5984,40.1157],[43.5951,40.1148]],[[43.6087,40.1168],[43.6106,40.117],[43.605,40.1174],[43.6087,40.1168]],[[43.6073,40.1183],[43.6105,40.1189],[43.6073,40.1183]],[[43.6068,40.118],[43.6068,40.118]],[[43.6035,40.1169],[43.6053,40.1171],[43.6035,40.1169]]]]}},{"type":"Feature","properties":{"name":null},"geometry":{"type":"MultiPolygon","coordinates":[[[[43.7793,40.0728],[43.781,40.0724],[43.7637,40.0846],[43.757,40.083],[43.754,40.0794],[43.7488,40.0817],[43.7414,40.081],[43.7502,40.081],[43.7536,40.0787],[43.7641,40.0842],[43.7793,40.0728]],[[43.7659,40.0817],[43.7659,40.0817]],[[43.7592,40.0839],[43.7621,40.0842],[43.7592,40.0839]],[[43.7476,40.0814],[43.7476,40.0814]],[[43.7619,40.0844],[43.7619,40.0844]],[[43.7434,40.081],[43.7434,40.081]],[[43.7546,40.08],[43.7546,40.08]],[[43.7564,40.0818],[43.758,40.0828],[43.7564,40.0818]]]]}},{"type":"Feature","properties":{"name":null},"geometry":{"type":"MultiPolygon","coordinates":[[[[43.698,40.092],[43.7018,40.0862],[43.7077,40.0855],[43.7149,40.0805],[43.7211,40.0817],[43.7335,40.0786],[43.7415,40.0805],[43.7325,40.0782],[43.7207,40.0808],[43.7165,40.0778],[43.709,40.0843],[43.7012,40.0858],[43.698,40.092]],[[43.7148,40.0802],[43.7128,40.0809],[43.7174,40.0778],[43.719,40.0803],[43.7148,40.0802]],[[43.7204,40.0815],[43.7204,40.0815]]]]}},{"type":"Feature","properties":{"name":null},"geometry":{"type":"MultiPolygon","coordinates":[[[[43.6604,40.1099],[43.6703,40.109],[43.6708,40.1068],[43.6771,40.104],[43.677,40.0967],[43.6986,40.0925],[43.6888,40.0951],[43.6875,40.0974],[43.6783,40.0986],[43.6779,40.1043],[43.6751,40.1078],[43.6604,40.1099]],[[43.673,40.1063],[43.673,40.1063]],[[43.6709,40.1072],[43.6709,40.1072]],[[43.6722,40.1085],[43.675,40.1055],[43.6722,40.1085]],[[43.6783,40.0982],[43.6771,40.0969],[43.6872,40.0956],[43.6783,40.0982]],[[43.6844,40.0962],[43.6864,40.0958],[43.6844,40.0962]],[[43.6873,40.0972],[43.6881,40.0953],[43.6873,40.0972]]]]}},{"type":"Feature","properties":{"name":null},"geometry":{"type":"MultiPolygon","coordinates":[[[[44.0371,40.0289],[44.0401,40.027],[44.0504,40.0293],[44.0613,40.0286],[44.0708,40.0325],[44.0876,40.034],[44.0682,40.0324],[44.0617,40.0291],[44.0371,40.0289]],[[44.0741,40.0325],[44.076,40.0324],[44.0741,40.0325]],[[44.069,40.0316],[44.0661,40.0305],[44.069,40.0316]],[[44.055,40.0286],[44.055,40.0286]],[[44.0558,40.0291],[44.0558,40.0291]],[[44.0382,40.0285],[44.0424,40.0277],[44.0382,40.0285]]]]}},{"type":"Feature","properties":{"name":null},"geometry":{"type":"MultiPolygon","coordinates":[[[[43.8404,40.0444],[43.8568,40.0431],[43.8655,40.0355],[43.8571,40.0434],[43.8404,40.0444]],[[43.8428,40.0445],[43.8444,40.044],[43.8428,40.0445]],[[43.8407,40.0446],[43.8425,40.0447],[43.8407,40.0446]]]]}},{"type":"Feature","properties":{"name":null},"geometry":{"type":"MultiPolygon","coordinates":[[[[43.84,40.0446],[43.8343,40.0482],[43.8253,40.0483],[43.8243,40.0587],[43.8241,40.0481],[43.8331,40.048],[43.84,40.0446]],[[43.8287,40.0485],[43.8312,40.0484],[43.8287,40.0485]]]]}},{"type":"Feature","properties":{"name":null},"geometry":{"type":"MultiPolygon","coordinates":[[[[43.8655,40.0355],[43.8748,40.0355],[43.8795,40.0304],[43.8897,40.0283],[43.8972,40.0212],[43.908,40.0243],[43.897,40.0214],[43.8895,40.0287],[43.879,40.0309],[43.8746,40.0358],[43.8655,40.0355]],[[43.906,40.0244],[43.906,40.0244]]]]}},{"type":"Feature","properties":{"name":null},"geometry":{"type":"MultiPolygon","coordinates":[[[[44.0875,40.0334],[44.1092,40.0306],[44.1145,40.0354],[44.118,40.0342],[44.1147,40.0351],[44.1092,40.0302],[44.0875,40.0334]],[[44.0994,40.0328],[44.1017,40.0319],[44.0994,40.0328]],[[44.1013,40.0321],[44.1013,40.0321]],[[44.1038,40.0316],[44.1038,40.0316]],[[44.092,40.0341],[44.0937,40.0335],[44.092,40.0341]],[[44.0909,40.0339],[44.0909,40.0339]],[[44.0937,40.0335],[44.0937,40.0335]]]]}},{"type":"Feature","properties":{"name":null},"geometry":{"type":"MultiPolygon","coordinates":[[[[43.908,40.0246],[43.9183,40.0239],[43.921,40.0211],[43.9449,40.0234],[43.9578,40.0162],[43.9703,40.0182],[43.9826,40.0304],[44.0096,40.0301],[43.9987,40.0298],[43.994,40.032],[43.9832,40.0308],[43.9749,40.0259],[43.9702,40.0185],[43.9569,40.0165],[43.9492,40.0231],[43.935,40.024],[43.924,40.0219],[43.9223,40.0252],[43.908,40.0246]],[[43.9167,40.0244],[43.9224,40.0248],[43.9234,40.022],[43.9167,40.0244]],[[43.9283,40.0223],[43.934,40.0225],[43.9283,40.0223]],[[43.9322,40.0231],[43.943,40.0234],[43.9322,40.0231]],[[43.9494,40.0228],[43.9494,40.0228]],[[43.9616,40.018],[43.9647,40.0174],[43.9616,40.018]],[[43.9722,40.0217],[43.9801,40.0284],[43.9722,40.0217]],[[43.9722,40.0212],[43.9722,40.0212]],[[43.9907,40.0316],[43.9923,40.0314],[43.9907,40.0316]],[[43.9934,40.0314],[43.9951,40.0315],[43.9934,40.0314]],[[43.9951,40.0311],[43.9969,40.0306],[43.9951,40.0311]],[[44.004,40.0297],[44.007,40.0297],[44.004,40.0297]],[[43.925,40.022],[43.925,40.022]],[[43.9786,40.0281],[43.9805,40.0289],[43.9786,40.0281]],[[43.9865,40.0312],[43.9865,40.0312]]]]}},{"type":"Feature","properties":{"name":null},"geometry":{"type":"MultiPolygon","coordinates":[[[[44.0096,40.0301],[44.0159,40.0297],[44.0184,40.0254],[44.0371,40.0289],[44.0224,40.0264],[44.0154,40.0301],[44.0096,40.0301]],[[44.0129,40.0301],[44.0148,40.0301],[44.0129,40.0301]],[[44.0179,40.0257],[44.0216,40.0265],[44.0179,40.0257]],[[44.027,40.0264],[44.027,40.0264]],[[44.0358,40.0288],[44.0358,40.0288]]]]}},{"type":"Feature","properties":{"name":null},"geometry":{"type":"MultiPolygon","coordinates":[[[[44.4227,40.5157],[44.4168,40.5216],[44.4159,40.527],[44.4176,40.5272],[44.4133,40.5339],[44.4178,40.538],[44.423,40.5369],[44.424,40.5386],[44.4319,40.5282],[44.4296,40.52],[44.4325,40.517],[44.43,40.5154],[44.4302,40.5114],[44.4381,40.5073],[44.4375,40.5021],[44.4379,40.5064],[44.4295,40.5108],[44.4292,40.5183],[44.4248,40.5252],[44.4188,40.5258],[44.4227,40.5157]]]]}},{"type":"Feature","properties":{"name":"Ապարանի ջրամբար"},"geometry":{"type":"MultiPolygon","coordinates":[[[[44.4375,40.5021],[44.4361,40.4997],[44.4408,40.4954],[44.4387,40.4845],[44.4337,40.4859],[44.43,40.4909],[44.4307,40.4924],[44.4339,40.4864],[44.4368,40.4857],[44.4333,40.4918],[44.4345,40.4938],[44.4313,40.5047],[44.4275,40.5076],[44.4268,40.5115],[44.4142,40.5148],[44.4237,40.5144],[44.4188,40.5258],[44.4248,40.5252],[44.4292,40.5183],[44.4295,40.5108],[44.4379,40.5064],[44.4375,40.5021]]]]}},{"type":"Feature","properties":{"name":null},"geometry":{"type":"MultiPolygon","coordinates":[[[[44.5027,40.8006],[44.5095,40.7957],[44.522,40.7928],[44.5292,40.7884],[44.5219,40.793],[44.5093,40.7959],[44.4996,40.8029],[44.5027,40.8006]],[[44.5028,40.8003],[44.5028,40.8003]],[[44.503,40.7998],[44.503,40.7998]],[[44.5031,40.7996],[44.5031,40.7996]],[[44.5059,40.7979],[44.5059,40.7979]],[[44.5073,40.7973],[44.5073,40.7973]],[[44.5082,40.7967],[44.5082,40.7967]],[[44.5082,40.7966],[44.5082,40.7966]]]]}},{"type":"Feature","properties":{"name":null},"geometry":{"type":"MultiPolygon","coordinates":[[[[44.4967,40.8031],[44.4955,40.8016],[44.4967,40.8031]]]]}},{"type":"Feature","properties":{"name":null},"geometry":{"type":"MultiPolygon","coordinates":[[[[44.4634,40.8235],[44.4852,40.82],[44.5049,40.8138],[44.5137,40.8152],[44.5047,40.8139],[44.4851,40.8201],[44.4634,40.8235]]]]}},{"type":"Feature","properties":{"name":null},"geometry":{"type":"MultiPolygon","coordinates":[[[[44.1714,41.0441],[44.1698,41.0432],[44.1714,41.0441]]]]}},{"type":"Feature","properties":{"name":null},"geometry":{"type":"MultiPolygon","coordinates":[[[[44.5508,40.196],[44.5508,40.196]],[[44.5499,40.1961],[44.5499,40.1961]]]]}},{"type":"Feature","properties":{"name":null},"geometry":{"type":"MultiPolygon","coordinates":[[[[43.7949,41.045],[43.7909,41.0456],[43.7949,41.045]]]]}},{"type":"Feature","properties":{"name":null},"geometry":{"type":"MultiPolygon","coordinates":[[[[45.6485,39.8202],[45.6485,39.8202]]]]}},{"type":"Feature","properties":{"name":null},"geometry":{"type":"MultiPolygon","coordinates":[[[[45.769,39.7042],[45.7672,39.707],[45.769,39.7042]]]]}},{"type":"Feature","properties":{"name":null},"geometry":{"type":"MultiPolygon","coordinates":[[[[44.397,40.9922],[44.397,40.9922]]]]}},{"type":"Feature","properties":{"name":null},"geometry":{"type":"MultiPolygon","coordinates":[[[[44.3961,40.9913],[44.3961,40.9913]]]]}},{"type":"Feature","properties":{"name":"Շամբի ջրմբ"},"geometry":{"type":"MultiPolygon","coordinates":[[[[46.1376,39.4708],[46.1315,39.4728],[46.1393,39.4714],[46.1485,39.4643],[46.1548,39.4637],[46.1636,39.4575],[46.1549,39.46],[46.1503,39.4589],[46.1413,39.4649],[46.139,39.4675],[46.1403,39.4698],[46.1376,39.4708]],[[46.1355,39.4711],[46.1355,39.4711]],[[46.1632,39.458],[46.1632,39.458]]]]}},{"type":"Feature","properties":{"name":null},"geometry":{"type":"MultiPolygon","coordinates":[[[[46.1124,39.4971],[46.1101,39.4974],[46.1124,39.4971]]]]}},{"type":"Feature","properties":{"name":null},"geometry":{"type":"MultiPolygon","coordinates":[[[[44.4343,40.9494],[44.4343,40.9494]]]]}},{"type":"Feature","properties":{"name":null},"geometry":{"type":"MultiPolygon","coordinates":[[[[44.5536,40.9585],[44.5521,40.96],[44.5536,40.9585]]]]}},{"type":"Feature","properties":{"name":null},"geometry":{"type":"MultiPolygon","coordinates":[[[[46.0277,39.5171],[46.0125,39.5303],[46.0277,39.5171]]]]}},{"type":"Feature","properties":{"name":null},"geometry":{"type":"MultiPolygon","coordinates":[[[[45.6684,39.832],[45.6688,39.8341],[45.6684,39.832]]]]}},{"type":"Feature","properties":{"name":null},"geometry":{"type":"MultiPolygon","coordinates":[[[[45.299,39.734],[45.299,39.734]]]]}},{"type":"Feature","properties":{"name":null},"geometry":{"type":"MultiPolygon","coordinates":[[[[45.3345,39.7373],[45.3345,39.7373]]]]}},{"type":"Feature","properties":{"name":null},"geometry":{"type":"MultiPolygon","coordinates":[[[[45.3329,39.7374],[45.3329,39.7374]]]]}},{"type":"Feature","properties":{"name":null},"geometry":{"type":"MultiPolygon","coordinates":[[[[45.331,39.7378],[45.3328,39.7371],[45.331,39.7378]]]]}},{"type":"Feature","properties":{"name":null},"geometry":{"type":"MultiPolygon","coordinates":[[[[44.7425,40.5114],[44.7456,40.5121],[44.7503,40.5087],[44.7458,40.5049],[44.7478,40.5034],[44.7424,40.5006],[44.741,40.5015],[44.7438,40.5058],[44.7401,40.5059],[44.7425,40.5114]],[[44.7471,40.5091],[44.749,40.508],[44.7471,40.5091]],[[44.7455,40.5103],[44.7455,40.5103]],[[44.7462,40.5096],[44.7462,40.5096]]]]}},{"type":"Feature","properties":{"name":null},"geometry":{"type":"MultiPolygon","coordinates":[[[[43.6826,41.0582],[43.7375,41.0572],[43.7703,41.0537],[43.7445,41.0567],[43.676,41.0577],[43.6625,41.0642],[43.6604,41.0682],[43.6538,41.0677],[43.6603,41.0685],[43.6628,41.0642],[43.675,41.0581],[43.6826,41.0582]],[[43.6616,41.0666],[43.6616,41.0666]],[[43.6548,41.0679],[43.6548,41.0679]],[[43.6557,41.0685],[43.6557,41.0685]],[[43.656,41.0684],[43.656,41.0684]]]]}},{"type":"Feature","properties":{"name":null},"geometry":{"type":"MultiPolygon","coordinates":[[[[43.8273,41.0439],[43.8273,41.0439]]]]}},{"type":"Feature","properties":{"name":null},"geometry":{"type":"MultiPolygon","coordinates":[[[[43.8399,41.0361],[43.8263,41.0367],[43.8289,41.038],[43.8237,41.036],[43.8192,41.0295],[43.8257,41.0367],[43.8567,41.0355],[43.8454,41.0374],[43.8399,41.0361]],[[43.8277,41.0367],[43.8277,41.0367]],[[43.8523,41.0363],[43.8523,41.0363]],[[43.8504,41.0359],[43.8504,41.0359]],[[43.8498,41.0361],[43.8498,41.0361]],[[43.849,41.0361],[43.849,41.0361]],[[43.8485,41.0361],[43.8485,41.0361]],[[43.8451,41.0362],[43.8489,41.0364],[43.8451,41.0362]],[[43.8433,41.0363],[43.8433,41.0363]],[[43.8428,41.0365],[43.8428,41.0365]],[[43.8298,41.036],[43.8298,41.036]],[[43.8228,41.0338],[43.8228,41.0338]],[[43.8221,41.0329],[43.8221,41.0329]],[[43.8223,41.0326],[43.8223,41.0326]],[[43.8224,41.0326],[43.8224,41.0326]]]]}},{"type":"Feature","properties":{"name":null},"geometry":{"type":"MultiPolygon","coordinates":[[[[43.8279,41.0406],[43.8281,41.0422],[43.8293,41.0381],[43.8279,41.0406]],[[43.8276,41.0409],[43.8276,41.0409]],[[43.8289,41.0403],[43.8289,41.0403]]]]}},{"type":"Feature","properties":{"name":null},"geometry":{"type":"MultiPolygon","coordinates":[[[[43.8875,40.9982],[43.8886,40.9966],[43.8875,40.9982]]]]}},{"type":"Feature","properties":{"name":null},"geometry":{"type":"MultiPolygon","coordinates":[[[[44.1295,41.0292],[44.1295,41.0292]]]]}},{"type":"Feature","properties":{"name":null},"geometry":{"type":"MultiPolygon","coordinates":[[[[44.2013,41.0558],[44.2013,41.0558]]]]}},{"type":"Feature","properties":{"name":null},"geometry":{"type":"MultiPolygon","coordinates":[[[[44.2004,41.0557],[44.1987,41.0555],[44.2004,41.0557]]]]}},{"type":"Feature","properties":{"name":null},"geometry":{"type":"MultiPolygon","coordinates":[[[[44.1755,41.0496],[44.1755,41.0496]]]]}},{"type":"Feature","properties":{"name":null},"geometry":{"type":"MultiPolygon","coordinates":[[[[44.4886,40.1651],[44.4894,40.1628],[44.4867,40.1604],[44.49,40.1594],[44.4865,40.1606],[44.4886,40.1651]],[[44.4873,40.1616],[44.4873,40.1616]]]]}},{"type":"Feature","properties":{"name":"Երևանյան լիճ"},"geometry":{"type":"MultiPolygon","coordinates":[[[[44.4871,40.1658],[44.4803,40.1577],[44.472,40.1572],[44.4757,40.1627],[44.4821,40.163],[44.486,40.1665],[44.4888,40.1653],[44.4871,40.1658]]]]}},{"type":"Feature","properties":{"name":null},"geometry":{"type":"MultiPolygon","coordinates":[[[[44.5302,40.2128],[44.5302,40.2128]]]]}},{"type":"Feature","properties":{"name":null},"geometry":{"type":"MultiPolygon","coordinates":[[[[44.4846,40.1911],[44.5016,40.1878],[44.4846,40.1911]]]]}},{"type":"Feature","properties":{"name":null},"geometry":{"type":"MultiPolygon","coordinates":[[[[44.4903,40.2083],[44.4933,40.2091],[44.4903,40.2083]]]]}},{"type":"Feature","properties":{"name":null},"geometry":{"type":"MultiPolygon","coordinates":[[[[44.4844,40.1911],[44.4805,40.1942],[44.4839,40.1968],[44.4838,40.2015],[44.4904,40.2057],[44.4903,40.2083],[44.4905,40.2056],[44.4841,40.2016],[44.4841,40.1967],[44.4808,40.194],[44.4844,40.1911]]]]}},{"type":"Feature","properties":{"name":null},"geometry":{"type":"MultiPolygon","coordinates":[[[[45.1406,40.2379],[45.1389,40.2369],[45.1406,40.2379]]]]}},{"type":"Feature","properties":{"name":null},"geometry":{"type":"MultiPolygon","coordinates":[[[[45.134,40.2503],[45.1301,40.2516],[45.1311,40.2494],[45.134,40.2503]]]]}},{"type":"Feature","properties":{"name":null},"geometry":{"type":"MultiPolygon","coordinates":[[[[44.1168,40.9153],[44.1168,40.9153]]]]}},{"type":"Feature","properties":{"name":null},"geometry":{"type":"MultiPolygon","coordinates":[[[[44.1187,40.9143],[44.1161,40.9159],[44.1187,40.9143]]]]}},{"type":"Feature","properties":{"name":null},"geometry":{"type":"MultiPolygon","coordinates":[[[[44.7505,39.8044],[44.7483,39.8063],[44.7454,39.8036],[44.7472,39.8019],[44.7505,39.8044]],[[44.7471,39.8023],[44.7484,39.8034],[44.7471,39.8023]],[[44.7472,39.8048],[44.7472,39.8048]]]]}},{"type":"Feature","properties":{"name":null},"geometry":{"type":"MultiPolygon","coordinates":[[[[44.7532,39.7982],[44.752,39.7994],[44.7549,39.8017],[44.7554,39.794],[44.7493,39.7998],[44.7532,39.7982]],[[44.7533,39.7981],[44.7533,39.7981]],[[44.754,39.7985],[44.754,39.7985]]]]}},{"type":"Feature","properties":{"name":null},"geometry":{"type":"MultiPolygon","coordinates":[[[[44.7552,39.802],[44.7576,39.8003],[44.7597,39.802],[44.7575,39.8039],[44.7552,39.802]],[[44.7574,39.8019],[44.7574,39.8019]]]]}},{"type":"Feature","properties":{"name":null},"geometry":{"type":"MultiPolygon","coordinates":[[[[44.7655,39.7834],[44.7694,39.7853],[44.768,39.7872],[44.7642,39.7855],[44.7655,39.7834]],[[44.7666,39.7852],[44.7666,39.7852]]]]}},{"type":"Feature","properties":{"name":null},"geometry":{"type":"MultiPolygon","coordinates":[[[[44.5113,40.9688],[44.5138,40.9683],[44.5113,40.9688]],[[44.5128,40.9687],[44.5128,40.9687]]]]}},{"type":"Feature","properties":{"name":null},"geometry":{"type":"MultiPolygon","coordinates":[[[[44.4322,40.4889],[44.4247,40.4976],[44.4288,40.4944],[44.4284,40.5049],[44.4305,40.5003],[44.4298,40.4916],[44.4322,40.4889]]]]}},{"type":"Feature","properties":{"name":null},"geometry":{"type":"MultiPolygon","coordinates":[[[[44.4339,40.4947],[44.4338,40.4927],[44.4339,40.4947]]]]}},{"type":"Feature","properties":{"name":null},"geometry":{"type":"MultiPolygon","coordinates":[[[[44.433,40.492],[44.4368,40.4859],[44.433,40.492]]]]}},{"type":"Feature","properties":{"name":null},"geometry":{"type":"MultiPolygon","coordinates":[[[[44.422,40.5135],[44.4314,40.5034],[44.4268,40.5115],[44.422,40.5135]]]]}},{"type":"Feature","properties":{"name":null},"geometry":{"type":"MultiPolygon","coordinates":[[[[44.836,41.1104],[44.8359,41.1154],[44.8284,41.1157],[44.8317,41.1136],[44.8277,41.111],[44.8315,41.1112],[44.83,41.102],[44.836,41.1104]]]]}},{"type":"Feature","properties":{"name":"Բերքաբերի ջրամբար"},"geometry":{"type":"MultiPolygon","coordinates":[[[[45.1311,41.0643],[45.1343,41.0665],[45.141,41.0648],[45.1406,41.0675],[45.1443,41.0673],[45.1454,41.0693],[45.1488,41.0677],[45.1502,41.0702],[45.1562,41.0608],[45.1478,41.0589],[45.1378,41.0605],[45.1215,41.0533],[45.1207,41.0551],[45.1311,41.0627],[45.1236,41.0643],[45.1204,41.0619],[45.1154,41.0627],[45.1224,41.0659],[45.1311,41.0643]]]]}},{"type":"Feature","properties":{"name":null},"geometry":{"type":"MultiPolygon","coordinates":[[[[43.8145,40.7956],[43.8145,40.7956]]]]}},{"type":"Feature","properties":{"name":"Artashat lake"},"geometry":{"type":"MultiPolygon","coordinates":[[[[44.5399,39.9624],[44.5409,39.9644],[44.5382,39.9613],[44.5399,39.9624]]]]}},{"type":"Feature","properties":{"name":null},"geometry":{"type":"MultiPolygon","coordinates":[[[[45.3322,39.9018],[45.3322,39.9018]],[[45.3322,39.9018],[45.3322,39.9018]]]]}},{"type":"Feature","properties":{"name":"Ազատի ջրամբար"},"geometry":{"type":"MultiPolygon","coordinates":[[[[44.619,40.071],[44.6315,40.0746],[44.6151,40.068],[44.6153,40.0661],[44.6134,40.0687],[44.6107,40.0634],[44.6043,40.0633],[44.6058,40.0645],[44.6038,40.0654],[44.6016,40.0631],[44.6015,40.0654],[44.5985,40.0637],[44.5935,40.0671],[44.5947,40.0687],[44.5913,40.069],[44.6027,40.0718],[44.6028,40.0697],[44.6047,40.0714],[44.6065,40.0694],[44.6082,40.0721],[44.6142,40.0715],[44.6156,40.0736],[44.6152,40.0695],[44.6175,40.0705],[44.6173,40.0733],[44.619,40.071]],[[44.6077,40.0693],[44.6102,40.0695],[44.6077,40.0693]],[[44.5992,40.0691],[44.5992,40.0691]],[[44.6021,40.0695],[44.6021,40.0695]],[[44.5932,40.0687],[44.5932,40.0687]]]]}},{"type":"Feature","properties":{"name":null},"geometry":{"type":"MultiPolygon","coordinates":[[[[44.613,40.0729],[44.6142,40.0715],[44.6156,40.0736],[44.6161,40.0695],[44.6165,40.073],[44.619,40.071],[44.6194,40.0739],[44.613,40.0729]],[[44.6156,40.0706],[44.6169,40.0715],[44.6156,40.0706]]]]}},{"type":"Feature","properties":{"name":"Երիտասարդական զբոսայգու 3-րդ հատվածի շատրվաններ"},"geometry":{"type":"MultiPolygon","coordinates":[[[[44.5235,40.1851],[44.5235,40.1851]]],[[[44.5237,40.1851],[44.5237,40.1851]]]]}},{"type":"Feature","properties":{"name":null},"geometry":{"type":"MultiPolygon","coordinates":[[[[44.5765,40.1209],[44.5765,40.1209]],[[44.5766,40.1207],[44.5766,40.1207]]]]}},{"type":"Feature","properties":{"name":null},"geometry":{"type":"MultiPolygon","coordinates":[[[[44.8638,40.7392],[44.8638,40.7392]]]]}},{"type":"Feature","properties":{"name":null},"geometry":{"type":"MultiPolygon","coordinates":[[[[44.5081,40.1735],[44.5081,40.1735]],[[44.5081,40.1734],[44.5081,40.1734]],[[44.5081,40.1734],[44.5081,40.1734]]]]}},{"type":"Feature","properties":{"name":null},"geometry":{"type":"MultiPolygon","coordinates":[[[[44.2244,40.0597],[44.2277,40.0587],[44.2268,40.0565],[44.2244,40.0597]]]]}}]}