{"type":"FeatureCollection","features":[{"type":"Feature","properties":{"waterway":"river","name":"Ձորագետ"},"geometry":{"type":"LineString","coordinates":[[44.0187,41.0141],[44.0291,41.0147],[44.0435,41.0117],[44.056,41.0186],[44.0604,41.0247],[44.0735,41.0258],[44.0774,41.03],[44.0922,41.0313],[44.0954,41.0336],[44.1265,41.0268],[44.1349,41.0334],[44.1459,41.0369],[44.1483,41.0407],[44.1641,41.04],[44.1712,41.0439],[44.1757,41.0501],[44.1847,41.0521],[44.1885,41.0556],[44.2056,41.0564],[44.2277,41.052],[44.2505,41.0556],[44.2646,41.0531],[44.273,41.0545],[44.2842,41.05],[44.2958,41.0503],[44.2965,41.048],[44.3001,41.0491],[44.3201,41.0444],[44.3249,41.0376],[44.3342,41.0365],[44.3375,41.0337],[44.3455,41.0357],[44.3567,41.0271]]}},{"type":"Feature","properties":{"waterway":"river","name":"Դեբեդ"},"geometry":{"type":"LineString","coordinates":[[44.7055,41.1056],[44.7101,41.1064],[44.7129,41.1128],[44.7176,41.1165],[44.7243,41.1169],[44.7271,41.1147]]}},{"type":"Feature","properties":{"waterway":"river","name":"Դեբեդ"},"geometry":{"type":"LineString","coordinates":[[44.6284,41.0457],[44.6279,41.0586],[44.6182,41.0715],[44.6202,41.0845]]}},{"type":"Feature","properties":{"waterway":"river","name":"Դեբեդ"},"geometry":{"type":"LineString","coordinates":[[44.6202,41.0845],[44.6328,41.0847],[44.6421,41.0878],[44.6483,41.097],[44.6545,41.0994],[44.6795,41.0965]]}},{"type":"Feature","properties":{"waterway":"river","name":"Դեբեդ"},"geometry":{"type":"LineString","coordinates":[[44.6795,41.0965],[44.6927,41.0911],[44.6966,41.1012],[44.7033,41.1028],[44.7055,41.1056]]}},{"type":"Feature","properties":{"waterway":"river","name":"Դեբեդ"},"geometry":{"type":"LineString","coordinates":[[44.6387,41.0051],[44.6369,41.0113],[44.6398,41.0134],[44.6367,41.0164],[44.6376,41.0208],[44.6353,41.0219],[44.6351,41.0336],[44.6284,41.0457]]}},{"type":"Feature","properties":{"waterway":"river","name":"Դեբեդ"},"geometry":{"type":"LineString","coordinates":[[44.6325,40.9577],[44.6372,40.9651],[44.6353,40.9744],[44.6556,40.9909]]}},{"type":"Feature","properties":{"waterway":"river","name":"Փամբակ"},"geometry":{"type":"LineString","coordinates":[[44.0307,40.8004],[44.0429,40.8139],[44.0457,40.8256],[44.0442,40.8322],[44.0514,40.8381],[44.073,40.8424]]}},{"type":"Feature","properties":{"waterway":"river","name":"Արգիճի"},"geometry":{"type":"LineString","coordinates":[[45.2542,40.1273],[45.2587,40.1403],[45.2689,40.1423],[45.2751,40.1489]]}},{"type":"Feature","properties":{"waterway":"river","name":"Արգիճի"},"geometry":{"type":"LineString","coordinates":[[45.202,40.0149],[45.2068,40.0159],[45.2148,40.0127],[45.2267,40.0164],[45.2267,40.0208],[45.2336,40.0317],[45.242,40.0359],[45.2408,40.0378],[45.2374,40.0364],[45.2394,40.0411],[45.2362,40.0413],[45.2397,40.044],[45.2397,40.0497],[45.2523,40.0572],[45.2525,40.0636],[45.2573,40.0677],[45.2567,40.0745],[45.264,40.0784],[45.2629,40.0921],[45.2668,40.0969],[45.2641,40.105],[45.2681,40.1173],[45.2644,40.1256],[45.2593,40.1248],[45.2542,40.1273]]}},{"type":"Feature","properties":{"waterway":"river","name":"Արգիչի"},"geometry":{"type":"LineString","coordinates":[[45.2751,40.1489],[45.2643,40.1595],[45.2678,40.1594],[45.2681,40.1631],[45.2721,40.1654]]}},{"type":"Feature","properties":{"waterway":"river","name":"Արգիչի"},"geometry":{"type":"LineString","coordinates":[[45.2721,40.1654],[45.2721,40.1684],[45.2743,40.1688],[45.2756,40.166],[45.2738,40.165],[45.2765,40.1642],[45.2799,40.1738]]}},{"type":"Feature","properties":{"waterway":"river","name":"Արփա"},"geometry":{"type":"LineString","coordinates":[[45.6638,39.9527],[45.6667,39.946],[45.6798,39.941],[45.6849,39.9329],[45.693,39.9285],[45.6949,39.9239],[45.701,39.9214],[45.7028,39.918],[45.7076,39.9174],[45.7069,39.9078],[45.7104,39.9066],[45.7127,39.9005],[45.7182,39.8951],[45.7269,39.8932],[45.7282,39.8875],[45.7235,39.8779],[45.712,39.8704],[45.7038,39.8582],[45.6974,39.8552],[45.6933,39.8466],[45.6881,39.8457],[45.6782,39.8374],[45.6691,39.8369],[45.6664,39.8278],[45.6662,39.8147],[45.6596,39.8101],[45.6569,39.7991],[45.6506,39.7907]]}},{"type":"Feature","properties":{"waterway":"river","name":"Եղեգիս"},"geometry":{"type":"LineString","coordinates":[[45.527,39.928],[45.516,39.9277],[45.5024,39.9192],[45.5011,39.914],[45.4966,39.9108],[45.4952,39.9026],[45.4856,39.8938],[45.4854,39.8889],[45.4747,39.8843],[45.4723,39.8802],[45.4382,39.875],[45.4262,39.8767],[45.4054,39.8709],[45.3957,39.8714],[45.3784,39.8673],[45.3545,39.8702],[45.3391,39.8603],[45.3354,39.8535],[45.33,39.8498],[45.3229,39.8499],[45.3029,39.8393],[45.303,39.835],[45.2961,39.8204],[45.2981,39.8073],[45.3085,39.7895],[45.3058,39.7831],[45.3091,39.777],[45.3105,39.7591],[45.3084,39.7374]]}},{"type":"Feature","properties":{"waterway":"river","name":"Որոտան"},"geometry":{"type":"LineString","coordinates":[[45.8227,39.8451],[45.8181,39.8449],[45.7758,39.8119],[45.7627,39.8054],[45.7571,39.7942],[45.7586,39.7812],[45.7424,39.7724],[45.7354,39.7589],[45.7343,39.7518],[45.7379,39.7424],[45.7614,39.7243],[45.7596,39.7171],[45.7696,39.7039],[45.7694,39.6955],[45.7764,39.6885],[45.7763,39.6853]]}},{"type":"Feature","properties":{"waterway":"river","name":"Ախուրյան"},"geometry":{"type":"LineString","coordinates":[[43.8002,40.7551],[43.7783,40.7374],[43.7783,40.7324],[43.7749,40.7277],[43.7749,40.7166],[43.7687,40.7111],[43.7689,40.7079],[43.7632,40.6989],[43.7602,40.6988],[43.7619,40.696],[43.7584,40.6884],[43.7511,40.6873],[43.7525,40.6835],[43.7487,40.6808]]}},{"type":"Feature","properties":{"waterway":"river","name":"Ախուրյան"},"geometry":{"type":"LineString","coordinates":[[43.809,40.7918],[43.8119,40.7788],[43.8002,40.7551]]}},{"type":"Feature","properties":{"waterway":"river","name":"Akhurian"},"geometry":{"type":"LineString","coordinates":[[43.792,40.8093],[43.8067,40.7974]]}},{"type":"Feature","properties":{"waterway":"canal","name":"Հրազդան (Hrazdan)"},"geometry":{"type":"LineString","coordinates":[[44.5178,40.2212],[44.5187,40.2233],[44.5125,40.2262]]}},{"type":"Feature","properties":{"waterway":"canal","name":null},"geometry":{"type":"LineString","coordinates":[[44.5712,40.3189],[44.5683,40.315],[44.5752,40.3066]]}},{"type":"Feature","properties":{"waterway":"canal","name":null},"geometry":{"type":"LineString","coordinates":[[44.577,40.3035],[44.5772,40.3026]]}},{"type":"Feature","properties":{"waterway":"canal","name":null},"geometry":{"type":"LineString","coordinates":[[44.5772,40.3026],[44.578,40.2981]]}},{"type":"Feature","properties":{"waterway":"canal","name":null},"geometry":{"type":"LineString","coordinates":[[44.5756,40.3062],[44.577,40.3035]]}},{"type":"Feature","properties":{"waterway":"canal","name":null},"geometry":{"type":"LineString","coordinates":[[44.5752,40.3066],[44.5756,40.3062]]}},{"type":"Feature","properties":{"waterway":"canal","name":"Արզնի Շամիրամ ջրանցք"},"geometry":{"type":"LineString","coordinates":[[44.5798,40.2928],[44.5812,40.2889]]}},{"type":"Feature","properties":{"waterway":"canal","name":"Արզնի Շամիրամ ջրանցք"},"geometry":{"type":"LineString","coordinates":[[44.578,40.2981],[44.5799,40.2932]]}},{"type":"Feature","properties":{"waterway":"canal","name":"Արզնի Շամիրամ ջրանցք"},"geometry":{"type":"LineString","coordinates":[[44.5799,40.2932],[44.5798,40.2928]]}},{"type":"Feature","properties":{"waterway":"canal","name":null},"geometry":{"type":"LineString","coordinates":[[44.578,40.2981],[44.5878,40.296]]}},{"type":"Feature","properties":{"waterway":"canal","name":"Արզնի Շամիրամ ջրանցք"},"geometry":{"type":"LineString","coordinates":[[44.5812,40.2885],[44.5814,40.2857],[44.5754,40.285],[44.5733,40.2815],[44.5659,40.2784],[44.5557,40.2777],[44.5537,40.2813],[44.5475,40.2812],[44.5489,40.2841]]}},{"type":"Feature","properties":{"waterway":"canal","name":"Արզնի Շամիրամ ջրանցք"},"geometry":{"type":"LineString","coordinates":[[44.5812,40.2889],[44.5812,40.2885]]}},{"type":"Feature","properties":{"waterway":"canal","name":"Հրազդան"},"geometry":{"type":"LineString","coordinates":[[44.4718,40.156],[44.4721,40.1552]]}},{"type":"Feature","properties":{"waterway":"river","name":"Հրազդան"},"geometry":{"type":"LineString","coordinates":[[44.4724,40.1571],[44.4718,40.156]]}},{"type":"Feature","properties":{"waterway":"river","name":"Հրազդան"},"geometry":{"type":"LineString","coordinates":[[44.38,40.0917],[44.3828,40.0813],[44.3798,40.0707],[44.3856,40.0695]]}},{"type":"Feature","properties":{"waterway":"river","name":"Հրազդան"},"geometry":{"type":"LineString","coordinates":[[44.6784,40.4599],[44.6713,40.4649],[44.6646,40.4594],[44.6612,40.4615],[44.6501,40.459],[44.6492,40.4504],[44.645,40.4499],[44.6414,40.4455],[44.6331,40.4445],[44.6305,40.4418],[44.6316,40.4386],[44.6249,40.4348],[44.6083,40.4403]]}},{"type":"Feature","properties":{"waterway":"canal","name":null},"geometry":{"type":"LineString","coordinates":[[44.5613,40.2442],[44.5572,40.2403],[44.5422,40.2372],[44.533,40.2287],[44.529,40.229],[44.5265,40.2266],[44.5277,40.2227],[44.5198,40.2196],[44.5178,40.2212]]}},{"type":"Feature","properties":{"waterway":"canal","name":null},"geometry":{"type":"LineString","coordinates":[[44.5918,40.2904],[44.5906,40.2881]]}},{"type":"Feature","properties":{"waterway":"canal","name":null},"geometry":{"type":"LineString","coordinates":[[44.5895,40.2942],[44.5918,40.2904]]}},{"type":"Feature","properties":{"waterway":"canal","name":null},"geometry":{"type":"LineString","coordinates":[[44.5838,40.2767],[44.5826,40.2762]]}},{"type":"Feature","properties":{"waterway":"canal","name":"Արտաշատի ջրանցք"},"geometry":{"type":"LineString","coordinates":[[44.513,40.1604],[44.513,40.1551]]}},{"type":"Feature","properties":{"waterway":"canal","name":"Արտաշատի ջրանցք"},"geometry":{"type":"LineString","coordinates":[[44.513,40.1548],[44.5136,40.1511]]}},{"type":"Feature","properties":{"waterway":"canal","name":"Արտաշատի ջրանցք"},"geometry":{"type":"LineString","coordinates":[[44.5136,40.1505],[44.5112,40.1427]]}},{"type":"Feature","properties":{"waterway":"canal","name":"Ստորին Հրազդանի ջրանցք"},"geometry":{"type":"LineString","coordinates":[[44.4978,40.1784],[44.4989,40.1757]]}},{"type":"Feature","properties":{"waterway":"river","name":"Հրազդան"},"geometry":{"type":"LineString","coordinates":[[44.5674,40.2655],[44.5647,40.2654],[44.5605,40.259],[44.5617,40.2502],[44.56,40.2482],[44.5504,40.2412],[44.5406,40.2402]]}},{"type":"Feature","properties":{"waterway":"river","name":"Հրազդան"},"geometry":{"type":"LineString","coordinates":[[44.4846,40.1911],[44.5012,40.1891],[44.4953,40.1824],[44.5009,40.1762],[44.498,40.1734],[44.5021,40.1707],[44.4982,40.1657],[44.5006,40.164]]}},{"type":"Feature","properties":{"waterway":"river","name":"Հրազդան"},"geometry":{"type":"LineString","coordinates":[[44.5033,40.2163],[44.49,40.2081],[44.4905,40.2057],[44.4841,40.2016],[44.4841,40.1969],[44.4808,40.1935]]}},{"type":"Feature","properties":{"waterway":"canal","name":"Արտաշատի ջրանցք"},"geometry":{"type":"LineString","coordinates":[[44.5136,40.1511],[44.5136,40.1505]]}},{"type":"Feature","properties":{"waterway":"canal","name":"Արտաշատի ջրանցք"},"geometry":{"type":"LineString","coordinates":[[44.513,40.1551],[44.513,40.1548]]}},{"type":"Feature","properties":{"waterway":"river","name":null},"geometry":{"type":"LineString","coordinates":[[44.1705,40.1436],[44.1747,40.1305],[44.184,40.1245],[44.1968,40.1215],[44.2003,40.1175],[44.2101,40.1168],[44.2262,40.1081],[44.2354,40.1061],[44.238,40.1076]]}},{"type":"Feature","properties":{"waterway":"river","name":"Հրազդան"},"geometry":{"type":"LineString","coordinates":[[44.3942,40.06],[44.3944,40.0577],[44.3983,40.0571],[44.3948,40.0528],[44.4005,40.0518],[44.3971,40.0501],[44.3988,40.0477],[44.4028,40.0471],[44.4027,40.0449],[44.407,40.0454],[44.4049,40.0409],[44.4126,40.0389],[44.4129,40.0432],[44.4209,40.0436],[44.4218,40.0411],[44.4183,40.0398],[44.4205,40.0381],[44.4255,40.0386],[44.4255,40.0418],[44.4289,40.0431],[44.4313,40.0395],[44.4384,40.0421],[44.4392,40.0364],[44.4453,40.038]]}},{"type":"Feature","properties":{"waterway":"canal","name":"Մխչյանի ջրանցք"},"geometry":{"type":"LineString","coordinates":[[44.5005,40.0436],[44.5089,40.0394]]}},{"type":"Feature","properties":{"waterway":"canal","name":"Մխչյանի ջրանցք"},"geometry":{"type":"LineString","coordinates":[[44.5089,40.0394],[44.509,40.0394]]}},{"type":"Feature","properties":{"waterway":"canal","name":null},"geometry":{"type":"LineString","coordinates":[[44.4843,40.0314],[44.4913,40.0281]]}},{"type":"Feature","properties":{"waterway":"canal","name":null},"geometry":{"type":"LineString","coordinates":[[44.4787,40.032],[44.4752,40.0354]]}},{"type":"Feature","properties":{"waterway":"canal","name":null},"geometry":{"type":"LineString","coordinates":[[44.535,40.0522],[44.532,40.0519],[44.5237,40.0417]]}},{"type":"Feature","properties":{"waterway":"river","name":"Ազատ"},"geometry":{"type":"LineString","coordinates":[[44.5916,40.0629],[44.5632,40.0504]]}},{"type":"Feature","properties":{"waterway":"canal","name":"Արտաշատ ջրանցք"},"geometry":{"type":"LineString","coordinates":[[44.5345,40.0509],[44.55,40.0465],[44.5608,40.0524]]}},{"type":"Feature","properties":{"waterway":"canal","name":null},"geometry":{"type":"LineString","coordinates":[[44.5192,40.0418],[44.5166,40.0385]]}},{"type":"Feature","properties":{"waterway":"canal","name":"Ազատ"},"geometry":{"type":"LineString","coordinates":[[44.592,40.067],[44.5917,40.064]]}},{"type":"Feature","properties":{"waterway":"canal","name":"Դվին ջրանցք"},"geometry":{"type":"LineString","coordinates":[[44.596,40.0625],[44.5894,40.0579],[44.5837,40.0581]]}},{"type":"Feature","properties":{"waterway":"canal","name":"Դվին ջրանցք"},"geometry":{"type":"LineString","coordinates":[[44.5834,40.0568],[44.5817,40.056]]}},{"type":"Feature","properties":{"waterway":"canal","name":"Դվին ջրանցք"},"geometry":{"type":"LineString","coordinates":[[44.5837,40.0581],[44.5834,40.0568]]}},{"type":"Feature","properties":{"waterway":"canal","name":"Դվին ջրանցք"},"geometry":{"type":"LineString","coordinates":[[44.5817,40.056],[44.5808,40.0557]]}},{"type":"Feature","properties":{"waterway":"canal","name":"Դվին ջրանցք"},"geometry":{"type":"LineString","coordinates":[[44.5808,40.0557],[44.5793,40.0542]]}},{"type":"Feature","properties":{"waterway":"canal","name":null},"geometry":{"type":"LineString","coordinates":[[44.4433,40.0056],[44.4529,40.0116]]}},{"type":"Feature","properties":{"waterway":"canal","name":null},"geometry":{"type":"LineString","coordinates":[[44.4919,40.0012],[44.4921,40.0012]]}},{"type":"Feature","properties":{"waterway":"canal","name":null},"geometry":{"type":"LineString","coordinates":[[44.4961,40.0058],[44.4914,40.0084]]}},{"type":"Feature","properties":{"waterway":"canal","name":null},"geometry":{"type":"LineString","coordinates":[[44.4808,40.0044],[44.4797,39.9997]]}},{"type":"Feature","properties":{"waterway":"canal","name":null},"geometry":{"type":"LineString","coordinates":[[44.4818,40.0004],[44.4794,40]]}},{"type":"Feature","properties":{"waterway":"canal","name":null},"geometry":{"type":"LineString","coordinates":[[44.4776,40.001],[44.4771,39.9982]]}},{"type":"Feature","properties":{"waterway":"canal","name":null},"geometry":{"type":"LineString","coordinates":[[44.4796,39.9996],[44.4791,39.9993]]}},{"type":"Feature","properties":{"waterway":"canal","name":null},"geometry":{"type":"LineString","coordinates":[[44.4797,39.9997],[44.4919,40.0012]]}},{"type":"Feature","properties":{"waterway":"canal","name":null},"geometry":{"type":"LineString","coordinates":[[44.4776,40.0014],[44.4723,40.0021]]}},{"type":"Feature","properties":{"waterway":"canal","name":null},"geometry":{"type":"LineString","coordinates":[[44.4723,40.0021],[44.4721,40.002]]}},{"type":"Feature","properties":{"waterway":"canal","name":null},"geometry":{"type":"LineString","coordinates":[[44.4721,40.0021],[44.4771,39.9982]]}},{"type":"Feature","properties":{"waterway":"canal","name":null},"geometry":{"type":"LineString","coordinates":[[44.4721,40.0023],[44.4721,40.0021]]}},{"type":"Feature","properties":{"waterway":"canal","name":null},"geometry":{"type":"LineString","coordinates":[[44.4624,40.0094],[44.4721,40.0023]]}},{"type":"Feature","properties":{"waterway":"canal","name":null},"geometry":{"type":"LineString","coordinates":[[44.4746,39.9916],[44.4747,39.9914]]}},{"type":"Feature","properties":{"waterway":"canal","name":null},"geometry":{"type":"LineString","coordinates":[[44.4799,39.9921],[44.4824,39.9869]]}},{"type":"Feature","properties":{"waterway":"canal","name":null},"geometry":{"type":"LineString","coordinates":[[44.482,39.9934],[44.4848,39.9878]]}},{"type":"Feature","properties":{"waterway":"canal","name":null},"geometry":{"type":"LineString","coordinates":[[44.4778,39.9912],[44.4803,39.986]]}},{"type":"Feature","properties":{"waterway":"canal","name":null},"geometry":{"type":"LineString","coordinates":[[44.4872,39.9888],[44.4867,39.9886]]}},{"type":"Feature","properties":{"waterway":"canal","name":null},"geometry":{"type":"LineString","coordinates":[[44.4867,39.9886],[44.4741,39.983]]}},{"type":"Feature","properties":{"waterway":"canal","name":null},"geometry":{"type":"LineString","coordinates":[[44.4754,39.9963],[44.4768,39.9935]]}},{"type":"Feature","properties":{"waterway":"canal","name":null},"geometry":{"type":"LineString","coordinates":[[44.4728,39.9946],[44.4746,39.9916]]}},{"type":"Feature","properties":{"waterway":"canal","name":null},"geometry":{"type":"LineString","coordinates":[[44.4747,39.9914],[44.4785,39.9851]]}},{"type":"Feature","properties":{"waterway":"canal","name":null},"geometry":{"type":"LineString","coordinates":[[44.4903,39.9953],[44.4867,39.9915],[44.4872,39.9888]]}},{"type":"Feature","properties":{"waterway":"canal","name":null},"geometry":{"type":"LineString","coordinates":[[44.4867,39.9915],[44.4864,39.9914]]}},{"type":"Feature","properties":{"waterway":"canal","name":null},"geometry":{"type":"LineString","coordinates":[[44.4851,39.9908],[44.4836,39.9901]]}},{"type":"Feature","properties":{"waterway":"canal","name":null},"geometry":{"type":"LineString","coordinates":[[44.4857,39.991],[44.4851,39.9908]]}},{"type":"Feature","properties":{"waterway":"canal","name":null},"geometry":{"type":"LineString","coordinates":[[44.4846,40.0017],[44.48,40.0018]]}},{"type":"Feature","properties":{"waterway":"canal","name":null},"geometry":{"type":"LineString","coordinates":[[44.4847,40.0016],[44.4847,39.9993]]}},{"type":"Feature","properties":{"waterway":"canal","name":null},"geometry":{"type":"LineString","coordinates":[[44.4881,40.0015],[44.4847,40.0008]]}},{"type":"Feature","properties":{"waterway":"canal","name":null},"geometry":{"type":"LineString","coordinates":[[44.4899,39.9946],[44.4886,39.9946]]}},{"type":"Feature","properties":{"waterway":"canal","name":null},"geometry":{"type":"LineString","coordinates":[[44.4923,39.9913],[44.4922,39.9913]]}},{"type":"Feature","properties":{"waterway":"canal","name":null},"geometry":{"type":"LineString","coordinates":[[44.4935,39.9918],[44.4923,39.9913]]}},{"type":"Feature","properties":{"waterway":"canal","name":null},"geometry":{"type":"LineString","coordinates":[[44.4936,39.9919],[44.4935,39.9918]]}},{"type":"Feature","properties":{"waterway":"canal","name":null},"geometry":{"type":"LineString","coordinates":[[44.4864,39.9914],[44.4857,39.991]]}},{"type":"Feature","properties":{"waterway":"canal","name":null},"geometry":{"type":"LineString","coordinates":[[44.4946,39.9923],[44.4936,39.9919]]}},{"type":"Feature","properties":{"waterway":"canal","name":null},"geometry":{"type":"LineString","coordinates":[[44.4922,39.9913],[44.4876,39.9892]]}},{"type":"Feature","properties":{"waterway":"canal","name":null},"geometry":{"type":"LineString","coordinates":[[44.4741,40.0062],[44.4715,40.0047]]}},{"type":"Feature","properties":{"waterway":"canal","name":null},"geometry":{"type":"LineString","coordinates":[[44.4746,40.0065],[44.4741,40.0062]]}},{"type":"Feature","properties":{"waterway":"canal","name":null},"geometry":{"type":"LineString","coordinates":[[44.4866,40.0124],[44.4746,40.0065]]}},{"type":"Feature","properties":{"waterway":"canal","name":null},"geometry":{"type":"LineString","coordinates":[[44.4757,39.997],[44.477,39.9981]]}},{"type":"Feature","properties":{"waterway":"canal","name":null},"geometry":{"type":"LineString","coordinates":[[44.4854,40.005],[44.4805,40.0035]]}},{"type":"Feature","properties":{"waterway":"canal","name":null},"geometry":{"type":"LineString","coordinates":[[44.497,40.0095],[44.4936,40.0082]]}},{"type":"Feature","properties":{"waterway":"canal","name":"Մխչյանի ջրանցք"},"geometry":{"type":"LineString","coordinates":[[44.5275,40.0129],[44.5403,40.0038],[44.5567,39.9966]]}},{"type":"Feature","properties":{"waterway":"river","name":"Տաշիր"},"geometry":{"type":"LineString","coordinates":[[44.1979,41.1872],[44.2092,41.1733],[44.2357,41.1746],[44.2454,41.1722]]}},{"type":"Feature","properties":{"waterway":"river","name":"Karahan Çayı"},"geometry":{"type":"LineString","coordinates":[[43.6316,40.9952],[43.6266,41.0159],[43.6186,41.0195],[43.6188,41.0218],[43.6228,41.0233],[43.6203,41.0287]]}},{"type":"Feature","properties":{"waterway":"river","name":"Վեդի"},"geometry":{"type":"LineString","coordinates":[[45.0655,39.97],[45.0496,39.9603],[45.0505,39.9554],[45.0464,39.9514]]}},{"type":"Feature","properties":{"waterway":"canal","name":"Արտաշատ ջրանցք"},"geometry":{"type":"LineString","coordinates":[[44.5707,40.0535],[44.565,40.0494],[44.5657,40.0436]]}},{"type":"Feature","properties":{"waterway":"river","name":"Կարմիջուր"},"geometry":{"type":"LineString","coordinates":[[43.4631,41.0953],[43.4682,41.0949],[43.488,41.0819],[43.4981,41.0786],[43.5319,41.0816],[43.5399,41.0868]]}},{"type":"Feature","properties":{"waterway":"river","name":"Աշոցք"},"geometry":{"type":"LineString","coordinates":[[43.9296,41.0023],[43.9277,41.005],[43.9138,41.0074],[43.909,41.0146],[43.8931,41.0182],[43.8883,41.0167],[43.8799,41.0086],[43.8645,41.0107],[43.8592,41.0142],[43.858,41.0178],[43.8603,41.0184],[43.8598,41.0227],[43.8648,41.0309],[43.8563,41.0359],[43.8258,41.0368],[43.8188,41.0296]]}},{"type":"Feature","properties":{"waterway":"river","name":"Ծաղկաշեն"},"geometry":{"type":"LineString","coordinates":[[43.8093,41.0874],[43.8043,41.0754],[43.8087,41.0618],[43.8056,41.0571],[43.808,41.0537],[43.8072,41.0479]]}},{"type":"Feature","properties":{"waterway":"river","name":"Ախուրյան"},"geometry":{"type":"LineString","coordinates":[[43.8188,41.0296],[43.8051,41.0191],[43.7912,41.016],[43.7858,41.0174],[43.7842,41.0138],[43.777,41.012],[43.775,40.9965],[43.779,40.9945],[43.7831,40.9876],[43.7896,40.9842],[43.7911,40.9789],[43.7957,40.9766],[43.7994,40.9653],[43.7909,40.9544],[43.7884,40.9446],[43.7756,40.9373],[43.7721,40.9269],[43.7741,40.9226],[43.7722,40.9183],[43.7636,40.9158]]}},{"type":"Feature","properties":{"waterway":"river","name":"Հրազդան"},"geometry":{"type":"LineString","coordinates":[[44.5406,40.2402],[44.5258,40.2328],[44.5217,40.2284],[44.5166,40.23],[44.5136,40.2286]]}},{"type":"Feature","properties":{"waterway":"canal","name":"Արտաշատ ջրանցք"},"geometry":{"type":"LineString","coordinates":[[44.6189,39.9621],[44.6304,39.9317],[44.6472,39.9228],[44.6577,39.9207]]}},{"type":"Feature","properties":{"waterway":"canal","name":null},"geometry":{"type":"LineString","coordinates":[[44.4485,40.0382],[44.4436,40.0229],[44.4452,40.0185],[44.4499,40.0154],[44.4424,40.0084],[44.4476,40.004]]}},{"type":"Feature","properties":{"waterway":"canal","name":"Արտաշատ ջրանցք"},"geometry":{"type":"LineString","coordinates":[[44.6171,40.0015],[44.6235,39.9949],[44.6234,39.9864]]}},{"type":"Feature","properties":{"waterway":"river","name":"Հրազդան"},"geometry":{"type":"LineString","coordinates":[[44.5864,40.3146],[44.5892,40.3083],[44.5871,40.3021],[44.591,40.2911]]}},{"type":"Feature","properties":{"waterway":"canal","name":null},"geometry":{"type":"LineString","coordinates":[[44.4791,39.9993],[44.477,39.9981],[44.4786,39.9945],[44.4678,39.9859]]}},{"type":"Feature","properties":{"waterway":"canal","name":"Արտաշատ ջրանցք"},"geometry":{"type":"LineString","coordinates":[[44.6577,39.9207],[44.6656,39.9183],[44.6863,39.9211],[44.6912,39.9198],[44.6941,39.9147],[44.7098,39.9017],[44.7046,39.8982]]}},{"type":"Feature","properties":{"waterway":"river","name":"Սևջուր"},"geometry":{"type":"LineString","coordinates":[[44.3408,40.0418],[44.3432,40.0398],[44.3528,40.0434],[44.3574,40.0427],[44.361,40.0384],[44.3564,40.034],[44.3587,40.03],[44.3638,40.0318],[44.3692,40.0303],[44.3742,40.0257],[44.3724,40.0167],[44.3854,40.017],[44.3897,40.0144],[44.3969,40.0037]]}},{"type":"Feature","properties":{"waterway":"river","name":"Սևջուր"},"geometry":{"type":"LineString","coordinates":[[44.2624,40.0603],[44.2818,40.0612],[44.2866,40.0544],[44.2915,40.0527],[44.2967,40.0569]]}},{"type":"Feature","properties":{"waterway":"river","name":"Հրազդան"},"geometry":{"type":"LineString","coordinates":[[44.3856,40.0695],[44.3879,40.0696],[44.3942,40.06]]}},{"type":"Feature","properties":{"waterway":"river","name":"Գողթ"},"geometry":{"type":"LineString","coordinates":[[44.8202,40.1421],[44.8138,40.1357],[44.7953,40.1326],[44.7908,40.1343],[44.7808,40.1285],[44.7643,40.1262],[44.7362,40.1118]]}},{"type":"Feature","properties":{"waterway":"river","name":"Վեդի"},"geometry":{"type":"LineString","coordinates":[[44.8748,39.9515],[44.8672,39.937],[44.856,39.9313],[44.8183,39.9211],[44.809,39.9224],[44.8035,39.9183],[44.7862,39.9208],[44.7574,39.9179],[44.7489,39.9202],[44.7418,39.9146],[44.7184,39.9067],[44.7032,39.8963]]}},{"type":"Feature","properties":{"waterway":"river","name":"Խոսրով"},"geometry":{"type":"LineString","coordinates":[[44.9402,40.0391],[44.9195,40.0249],[44.9094,40.0067],[44.9103,40.0005],[44.907,39.9913],[44.898,39.9854],[44.8854,39.9838],[44.8764,39.9771],[44.8723,39.9622],[44.8752,39.9569],[44.8746,39.9519]]}},{"type":"Feature","properties":{"waterway":"river","name":"Arpaçay"},"geometry":{"type":"LineString","coordinates":[[45.1454,39.7179],[45.1324,39.7177],[45.1317,39.7149],[45.127,39.7126],[45.1266,39.7071],[45.121,39.7076],[45.1182,39.7002],[45.1067,39.6935],[45.1059,39.6786],[45.1097,39.6671],[45.1078,39.6616],[45.1057,39.6591],[45.0965,39.6586],[45.0936,39.6516],[45.0849,39.6444],[45.0824,39.6302],[45.0763,39.6213],[45.0773,39.6165],[45.0708,39.6012],[45.071,39.5967],[45.0602,39.5922],[45.0538,39.5754],[45.0209,39.5424],[45.0135,39.5268],[45.0128,39.516],[44.9948,39.505],[44.9803,39.4876],[44.9641,39.4759],[44.9593,39.4761],[44.9553,39.4701],[44.9464,39.4691]]}},{"type":"Feature","properties":{"waterway":"river","name":"Հերհեր"},"geometry":{"type":"LineString","coordinates":[[45.478,39.8462],[45.494,39.837],[45.5149,39.8284],[45.5233,39.8274],[45.5258,39.8233],[45.5336,39.8187],[45.5396,39.8085],[45.5413,39.7994],[45.5379,39.797],[45.5438,39.7864],[45.5436,39.7826],[45.5466,39.7804],[45.5418,39.7754],[45.5452,39.7653],[45.5488,39.763],[45.5444,39.7614],[45.5467,39.7566],[45.5452,39.7504],[45.5481,39.7447],[45.5455,39.7387],[45.5487,39.7165],[45.5371,39.7001]]}},{"type":"Feature","properties":{"waterway":"canal","name":null},"geometry":{"type":"LineString","coordinates":[[43.7517,40.7312],[43.7419,40.7179],[43.7465,40.7086],[43.7445,40.708],[43.7456,40.7051]]}},{"type":"Feature","properties":{"waterway":"canal","name":null},"geometry":{"type":"LineString","coordinates":[[43.7827,40.6997],[43.7801,40.6954]]}},{"type":"Feature","properties":{"waterway":"canal","name":null},"geometry":{"type":"LineString","coordinates":[[43.7758,40.6832],[43.7679,40.6788],[43.7678,40.675],[43.7724,40.6708]]}},{"type":"Feature","properties":{"waterway":"canal","name":null},"geometry":{"type":"LineString","coordinates":[[43.7724,40.6708],[43.7733,40.6607]]}},{"type":"Feature","properties":{"waterway":"canal","name":null},"geometry":{"type":"LineString","coordinates":[[43.7755,40.6884],[43.7758,40.6832]]}},{"type":"Feature","properties":{"waterway":"canal","name":null},"geometry":{"type":"LineString","coordinates":[[43.7801,40.6954],[43.7755,40.6884]]}},{"type":"Feature","properties":{"waterway":"canal","name":null},"geometry":{"type":"LineString","coordinates":[[43.7854,40.7039],[43.7827,40.6997]]}},{"type":"Feature","properties":{"waterway":"canal","name":"Արմավիրի մայր ջրանցք"},"geometry":{"type":"LineString","coordinates":[[43.9234,40.0821],[43.9264,40.087],[43.9339,40.0903],[43.9591,40.0861],[43.9672,40.0892],[43.9588,40.0963],[43.9541,40.1047],[43.9538,40.1099],[43.946,40.1208]]}},{"type":"Feature","properties":{"waterway":"canal","name":null},"geometry":{"type":"LineString","coordinates":[[43.7521,40.7319],[43.7517,40.7312]]}},{"type":"Feature","properties":{"waterway":"canal","name":null},"geometry":{"type":"LineString","coordinates":[[43.7863,40.7089],[43.7855,40.7043]]}},{"type":"Feature","properties":{"waterway":"canal","name":null},"geometry":{"type":"LineString","coordinates":[[43.7836,40.7184],[43.7849,40.7103]]}},{"type":"Feature","properties":{"waterway":"river","name":null},"geometry":{"type":"LineString","coordinates":[[43.8311,40.7848],[43.8316,40.7836]]}},{"type":"Feature","properties":{"waterway":"river","name":null},"geometry":{"type":"LineString","coordinates":[[43.8303,40.7744],[43.8372,40.7759],[43.841,40.7808]]}},{"type":"Feature","properties":{"waterway":"river","name":null},"geometry":{"type":"LineString","coordinates":[[43.8346,40.7761],[43.8373,40.7779]]}},{"type":"Feature","properties":{"waterway":"river","name":null},"geometry":{"type":"LineString","coordinates":[[43.8316,40.7836],[43.8303,40.7744]]}},{"type":"Feature","properties":{"waterway":"river","name":null},"geometry":{"type":"LineString","coordinates":[[43.8287,40.7965],[43.8311,40.7848]]}},{"type":"Feature","properties":{"waterway":"river","name":null},"geometry":{"type":"LineString","coordinates":[[43.8383,40.7795],[43.8384,40.7787]]}},{"type":"Feature","properties":{"waterway":"river","name":null},"geometry":{"type":"LineString","coordinates":[[43.8333,40.7754],[43.8346,40.7761]]}},{"type":"Feature","properties":{"waterway":"canal","name":null},"geometry":{"type":"LineString","coordinates":[[43.7436,40.7559],[43.743,40.7539],[43.7523,40.742],[43.7521,40.7319]]}},{"type":"Feature","properties":{"waterway":"river","name":null},"geometry":{"type":"LineString","coordinates":[[43.8654,40.7902],[43.8662,40.7895]]}},{"type":"Feature","properties":{"waterway":"river","name":null},"geometry":{"type":"LineString","coordinates":[[43.8731,40.7852],[43.8723,40.7848]]}},{"type":"Feature","properties":{"waterway":"river","name":null},"geometry":{"type":"LineString","coordinates":[[43.8667,40.7805],[43.8659,40.7798]]}},{"type":"Feature","properties":{"waterway":"river","name":null},"geometry":{"type":"LineString","coordinates":[[43.8668,40.7887],[43.867,40.7883]]}},{"type":"Feature","properties":{"waterway":"river","name":null},"geometry":{"type":"LineString","coordinates":[[43.8647,40.7928],[43.8654,40.7902]]}},{"type":"Feature","properties":{"waterway":"river","name":null},"geometry":{"type":"LineString","coordinates":[[43.8878,40.8113],[43.8785,40.7999]]}},{"type":"Feature","properties":{"waterway":"river","name":null},"geometry":{"type":"LineString","coordinates":[[43.8662,40.7895],[43.8664,40.7893]]}},{"type":"Feature","properties":{"waterway":"river","name":null},"geometry":{"type":"LineString","coordinates":[[43.8785,40.7996],[43.8761,40.795]]}},{"type":"Feature","properties":{"waterway":"river","name":null},"geometry":{"type":"LineString","coordinates":[[43.8761,40.795],[43.876,40.7946]]}},{"type":"Feature","properties":{"waterway":"river","name":null},"geometry":{"type":"LineString","coordinates":[[43.8721,40.7848],[43.8667,40.7805]]}},{"type":"Feature","properties":{"waterway":"river","name":null},"geometry":{"type":"LineString","coordinates":[[43.8672,40.7877],[43.8675,40.7874]]}},{"type":"Feature","properties":{"waterway":"river","name":null},"geometry":{"type":"LineString","coordinates":[[43.876,40.7946],[43.8732,40.7854]]}},{"type":"Feature","properties":{"waterway":"river","name":null},"geometry":{"type":"LineString","coordinates":[[43.8659,40.7798],[43.8659,40.7796]]}},{"type":"Feature","properties":{"waterway":"river","name":null},"geometry":{"type":"LineString","coordinates":[[43.8732,40.7854],[43.8731,40.7852]]}},{"type":"Feature","properties":{"waterway":"river","name":null},"geometry":{"type":"LineString","coordinates":[[43.8659,40.7796],[43.8658,40.778]]}},{"type":"Feature","properties":{"waterway":"river","name":null},"geometry":{"type":"LineString","coordinates":[[43.8723,40.7848],[43.8721,40.7848]]}},{"type":"Feature","properties":{"waterway":"river","name":null},"geometry":{"type":"LineString","coordinates":[[43.8668,40.7808],[43.8667,40.7805]]}},{"type":"Feature","properties":{"waterway":"river","name":null},"geometry":{"type":"LineString","coordinates":[[43.8675,40.7874],[43.8668,40.7808]]}},{"type":"Feature","properties":{"waterway":"river","name":null},"geometry":{"type":"LineString","coordinates":[[43.8658,40.7777],[43.8637,40.7761]]}},{"type":"Feature","properties":{"waterway":"river","name":null},"geometry":{"type":"LineString","coordinates":[[43.8664,40.7893],[43.8666,40.7891]]}},{"type":"Feature","properties":{"waterway":"river","name":null},"geometry":{"type":"LineString","coordinates":[[43.8785,40.7999],[43.8785,40.7996]]}},{"type":"Feature","properties":{"waterway":"river","name":null},"geometry":{"type":"LineString","coordinates":[[43.8658,40.778],[43.8658,40.7777]]}},{"type":"Feature","properties":{"waterway":"river","name":null},"geometry":{"type":"LineString","coordinates":[[43.8666,40.7891],[43.8668,40.7887]]}},{"type":"Feature","properties":{"waterway":"river","name":null},"geometry":{"type":"LineString","coordinates":[[43.867,40.7883],[43.8672,40.7877]]}},{"type":"Feature","properties":{"waterway":"canal","name":null},"geometry":{"type":"LineString","coordinates":[[43.9261,40.7563],[43.9311,40.7495],[43.928,40.7414],[43.9228,40.7361]]}},{"type":"Feature","properties":{"waterway":"canal","name":null},"geometry":{"type":"LineString","coordinates":[[43.8857,40.7271],[43.8858,40.7269]]}},{"type":"Feature","properties":{"waterway":"canal","name":null},"geometry":{"type":"LineString","coordinates":[[43.9269,40.7648],[43.927,40.7645]]}},{"type":"Feature","properties":{"waterway":"canal","name":null},"geometry":{"type":"LineString","coordinates":[[43.8986,40.7308],[43.893,40.7316],[43.8857,40.7271]]}},{"type":"Feature","properties":{"waterway":"canal","name":null},"geometry":{"type":"LineString","coordinates":[[43.9259,40.7614],[43.9259,40.761]]}},{"type":"Feature","properties":{"waterway":"canal","name":null},"geometry":{"type":"LineString","coordinates":[[43.9079,40.7332],[43.9072,40.7327]]}},{"type":"Feature","properties":{"waterway":"canal","name":null},"geometry":{"type":"LineString","coordinates":[[43.927,40.7645],[43.9259,40.7614]]}},{"type":"Feature","properties":{"waterway":"canal","name":null},"geometry":{"type":"LineString","coordinates":[[43.8858,40.7269],[43.8838,40.7232],[43.8905,40.7198],[43.8812,40.7142],[43.8819,40.7117],[43.8762,40.7139],[43.8705,40.712],[43.8642,40.7158],[43.86,40.7142],[43.8591,40.7111],[43.8458,40.7102]]}},{"type":"Feature","properties":{"waterway":"canal","name":null},"geometry":{"type":"LineString","coordinates":[[43.9188,40.7699],[43.9269,40.7648]]}},{"type":"Feature","properties":{"waterway":"canal","name":null},"geometry":{"type":"LineString","coordinates":[[43.7595,40.6365],[43.7682,40.6433]]}},{"type":"Feature","properties":{"waterway":"canal","name":"Արզնի Շամիրամ ջրանցք"},"geometry":{"type":"LineString","coordinates":[[44.4918,40.3216],[44.4915,40.3218]]}},{"type":"Feature","properties":{"waterway":"canal","name":"Արզնի Շամիրամ ջրանցք"},"geometry":{"type":"LineString","coordinates":[[44.4915,40.3218],[44.4879,40.3212]]}},{"type":"Feature","properties":{"waterway":"canal","name":"Արզնի Շամիրամ ջրանցք"},"geometry":{"type":"LineString","coordinates":[[44.5007,40.2926],[44.4891,40.2948],[44.4911,40.2973],[44.4887,40.2991],[44.4951,40.3038],[44.4846,40.3133],[44.4928,40.3182],[44.4941,40.3205],[44.4918,40.3216]]}},{"type":"Feature","properties":{"waterway":"canal","name":null},"geometry":{"type":"LineString","coordinates":[[46.4065,39.2084],[46.4066,39.2087]]}},{"type":"Feature","properties":{"waterway":"river","name":"Վաչագան"},"geometry":{"type":"LineString","coordinates":[[46.3998,39.2021],[46.4065,39.2084]]}},{"type":"Feature","properties":{"waterway":"river","name":null},"geometry":{"type":"LineString","coordinates":[[46.3776,39.1762],[46.3995,39.2022]]}},{"type":"Feature","properties":{"waterway":"canal","name":null},"geometry":{"type":"LineString","coordinates":[[46.3995,39.2022],[46.3998,39.2021]]}},{"type":"Feature","properties":{"waterway":"river","name":null},"geometry":{"type":"LineString","coordinates":[[43.8301,40.7742],[43.8265,40.7694],[43.8202,40.767],[43.8063,40.7681]]}},{"type":"Feature","properties":{"waterway":"river","name":null},"geometry":{"type":"LineString","coordinates":[[43.8303,40.7744],[43.8301,40.7742]]}},{"type":"Feature","properties":{"waterway":"canal","name":null},"geometry":{"type":"LineString","coordinates":[[43.8191,41.1324],[43.8189,41.1324]]}},{"type":"Feature","properties":{"waterway":"canal","name":null},"geometry":{"type":"LineString","coordinates":[[43.8189,41.1324],[43.8092,41.1248]]}},{"type":"Feature","properties":{"waterway":"canal","name":null},"geometry":{"type":"LineString","coordinates":[[43.809,41.1248],[43.8022,41.1185]]}},{"type":"Feature","properties":{"waterway":"canal","name":"Երասխ"},"geometry":{"type":"LineString","coordinates":[[44.4883,39.9643],[44.5147,39.9342],[44.5468,39.9236],[44.5656,39.9032],[44.5655,39.8759],[44.5735,39.869],[44.5909,39.862],[44.5969,39.8517],[44.6137,39.8394],[44.7054,39.8035],[44.714,39.803],[44.7227,39.8119]]}},{"type":"Feature","properties":{"waterway":"river","name":"Վեդի"},"geometry":{"type":"LineString","coordinates":[[44.6337,39.8317],[44.6333,39.8312]]}},{"type":"Feature","properties":{"waterway":"river","name":"Վեդի"},"geometry":{"type":"LineString","coordinates":[[44.6333,39.8312],[44.6195,39.8228]]}},{"type":"Feature","properties":{"waterway":"river","name":"Արաքս"},"geometry":{"type":"LineString","coordinates":[[44.4532,39.9907],[44.4569,39.9906],[44.4701,39.9762],[44.479,39.9723],[44.4826,39.965]]}},{"type":"Feature","properties":{"waterway":"canal","name":null},"geometry":{"type":"LineString","coordinates":[[44.3904,40.0138],[44.4433,40.0056]]}},{"type":"Feature","properties":{"waterway":"river","name":"Վեդի"},"geometry":{"type":"LineString","coordinates":[[45.0464,39.9514],[45.0311,39.9497]]}},{"type":"Feature","properties":{"waterway":"river","name":null},"geometry":{"type":"LineString","coordinates":[[45.0692,39.9303],[45.0663,39.9313],[45.0639,39.9401],[45.0554,39.9431],[45.0516,39.9501],[45.0464,39.9514]]}},{"type":"Feature","properties":{"waterway":"river","name":"Վեդի"},"geometry":{"type":"LineString","coordinates":[[45.0311,39.9497],[45.0272,39.9461],[45.0106,39.9457],[45.0095,39.9425],[44.9984,39.9436],[44.9792,39.9415],[44.9681,39.9475],[44.9602,39.9579],[44.957,39.9596],[44.9513,39.9574],[44.9451,39.9614],[44.9321,39.9572],[44.9265,39.953],[44.9209,39.9536],[44.9192,39.9498],[44.9046,39.9489],[44.8981,39.9462],[44.8858,39.9472],[44.8804,39.9512],[44.8748,39.9515]]}},{"type":"Feature","properties":{"waterway":"river","name":"Քասաղ"},"geometry":{"type":"LineString","coordinates":[[44.235,40.1366],[44.2338,40.1109],[44.2413,40.1064],[44.2501,40.1064],[44.2636,40.1022],[44.2628,40.1001],[44.2675,40.0957],[44.281,40.0888],[44.282,40.0865],[44.2779,40.0833],[44.278,40.0793],[44.2826,40.0781],[44.2843,40.073]]}},{"type":"Feature","properties":{"waterway":"river","name":"Քասաղ"},"geometry":{"type":"LineString","coordinates":[[44.2785,40.2488],[44.2781,40.2413],[44.2818,40.234],[44.2748,40.2151],[44.2688,40.1826],[44.2536,40.1635],[44.252,40.1572],[44.248,40.1556],[44.2491,40.1539],[44.2436,40.1455],[44.2387,40.1433],[44.235,40.1366]]}},{"type":"Feature","properties":{"waterway":"canal","name":null},"geometry":{"type":"LineString","coordinates":[[43.8019,40.1034],[43.8054,40.0978],[43.8138,40.0923],[43.8188,40.0936],[43.8236,40.0918],[43.8284,40.0938],[43.8325,40.0911],[43.8411,40.0953]]}},{"type":"Feature","properties":{"waterway":"canal","name":"Արտաշատի ջրանցք"},"geometry":{"type":"LineString","coordinates":[[44.5112,40.1427],[44.5114,40.1422]]}},{"type":"Feature","properties":{"waterway":"canal","name":"Արտաշատի ջրանցք"},"geometry":{"type":"LineString","coordinates":[[44.5116,40.1394],[44.5147,40.1357]]}},{"type":"Feature","properties":{"waterway":"canal","name":"Արտաշատի ջրանցք"},"geometry":{"type":"LineString","coordinates":[[44.5124,40.1201],[44.5124,40.1197]]}},{"type":"Feature","properties":{"waterway":"canal","name":"Արտաշատի ջրանցք"},"geometry":{"type":"LineString","coordinates":[[44.5082,40.0863],[44.5084,40.0861]]}},{"type":"Feature","properties":{"waterway":"canal","name":"Արտաշատի ջրանցք"},"geometry":{"type":"LineString","coordinates":[[44.5151,40.1343],[44.5128,40.1243]]}},{"type":"Feature","properties":{"waterway":"canal","name":"Արտաշատի ջրանցք"},"geometry":{"type":"LineString","coordinates":[[44.5123,40.1192],[44.5123,40.1188]]}},{"type":"Feature","properties":{"waterway":"canal","name":"Արտաշատի ջրանցք"},"geometry":{"type":"LineString","coordinates":[[44.506,40.1106],[44.4993,40.1064]]}},{"type":"Feature","properties":{"waterway":"canal","name":"Արտաշատի ջրանցք"},"geometry":{"type":"LineString","coordinates":[[44.507,40.0868],[44.5068,40.0867]]}},{"type":"Feature","properties":{"waterway":"canal","name":"Արտաշատի ջրանցք"},"geometry":{"type":"LineString","coordinates":[[44.5108,40.1159],[44.5104,40.1154]]}},{"type":"Feature","properties":{"waterway":"canal","name":"Արտաշատի ջրանցք"},"geometry":{"type":"LineString","coordinates":[[44.515,40.1346],[44.5151,40.1343]]}},{"type":"Feature","properties":{"waterway":"canal","name":"Արտաշատի ջրանցք"},"geometry":{"type":"LineString","coordinates":[[44.5128,40.1243],[44.5127,40.1239]]}},{"type":"Feature","properties":{"waterway":"canal","name":"Արտաշատի ջրանցք"},"geometry":{"type":"LineString","coordinates":[[44.5124,40.1197],[44.5123,40.1192]]}},{"type":"Feature","properties":{"waterway":"canal","name":"Արտաշատի ջրանցք"},"geometry":{"type":"LineString","coordinates":[[44.5084,40.0861],[44.5037,40.0797],[44.5064,40.0792],[44.5028,40.072],[44.5083,40.0732],[44.5072,40.0715],[44.5101,40.0698],[44.5153,40.0697],[44.5116,40.0668],[44.5126,40.0641]]}},{"type":"Feature","properties":{"waterway":"canal","name":"Արտաշատի ջրանցք"},"geometry":{"type":"LineString","coordinates":[[44.4993,40.1064],[44.4967,40.1057]]}},{"type":"Feature","properties":{"waterway":"canal","name":"Արտաշատի ջրանցք"},"geometry":{"type":"LineString","coordinates":[[44.5123,40.1188],[44.5108,40.1159]]}},{"type":"Feature","properties":{"waterway":"canal","name":"Արտաշատի ջրանցք"},"geometry":{"type":"LineString","coordinates":[[44.4909,40.1017],[44.4908,40.1017]]}},{"type":"Feature","properties":{"waterway":"canal","name":"Արտաշատի ջրանցք"},"geometry":{"type":"LineString","coordinates":[[44.5068,40.0867],[44.5082,40.0863]]}},{"type":"Feature","properties":{"waterway":"canal","name":"Արտաշատի ջրանցք"},"geometry":{"type":"LineString","coordinates":[[44.5104,40.1154],[44.5088,40.1134]]}},{"type":"Feature","properties":{"waterway":"canal","name":"Արտաշատի ջրանցք"},"geometry":{"type":"LineString","coordinates":[[44.5126,40.1217],[44.5125,40.1215]]}},{"type":"Feature","properties":{"waterway":"canal","name":"Արտաշատի ջրանցք"},"geometry":{"type":"LineString","coordinates":[[44.5127,40.1239],[44.5126,40.1217]]}},{"type":"Feature","properties":{"waterway":"canal","name":"Արտաշատի ջրանցք"},"geometry":{"type":"LineString","coordinates":[[44.4967,40.1057],[44.492,40.105],[44.4909,40.1017]]}},{"type":"Feature","properties":{"waterway":"canal","name":"Արտաշատի ջրանցք"},"geometry":{"type":"LineString","coordinates":[[44.4905,40.0932],[44.4896,40.0905],[44.4934,40.0844],[44.5069,40.0885],[44.507,40.0868]]}},{"type":"Feature","properties":{"waterway":"canal","name":"Արտաշատի ջրանցք"},"geometry":{"type":"LineString","coordinates":[[44.5076,40.1122],[44.5074,40.1121]]}},{"type":"Feature","properties":{"waterway":"canal","name":"Արտաշատի ջրանցք"},"geometry":{"type":"LineString","coordinates":[[44.5125,40.1215],[44.5124,40.1201]]}},{"type":"Feature","properties":{"waterway":"canal","name":null},"geometry":{"type":"LineString","coordinates":[[43.6435,40.5605],[43.643,40.5603]]}},{"type":"Feature","properties":{"waterway":"canal","name":null},"geometry":{"type":"LineString","coordinates":[[43.6468,40.5623],[43.6462,40.562]]}},{"type":"Feature","properties":{"waterway":"canal","name":null},"geometry":{"type":"LineString","coordinates":[[43.6462,40.562],[43.6435,40.5605]]}},{"type":"Feature","properties":{"waterway":"river","name":"Վարարակ"},"geometry":{"type":"LineString","coordinates":[[46.3098,39.5421],[46.3135,39.5331],[46.3329,39.5192]]}},{"type":"Feature","properties":{"waterway":"canal","name":null},"geometry":{"type":"LineString","coordinates":[[45.6665,39.8399],[45.6661,39.8383]]}},{"type":"Feature","properties":{"waterway":"river","name":null},"geometry":{"type":"LineString","coordinates":[[43.8151,41.0443],[43.8161,41.0437]]}},{"type":"Feature","properties":{"waterway":"river","name":null},"geometry":{"type":"LineString","coordinates":[[43.8441,40.7558],[43.8391,40.7499],[43.8423,40.743],[43.8385,40.7328],[43.8394,40.7293]]}},{"type":"Feature","properties":{"waterway":"river","name":"Հերհեր"},"geometry":{"type":"LineString","coordinates":[[45.5354,39.6991],[45.5277,39.6989],[45.5227,39.6954],[45.5222,39.6891]]}},{"type":"Feature","properties":{"waterway":"river","name":"Քասաղ"},"geometry":{"type":"LineString","coordinates":[[44.3837,40.3285],[44.3776,40.321],[44.3777,40.3014],[44.3746,40.2982],[44.3679,40.2983],[44.3578,40.2885],[44.3521,40.2892],[44.3511,40.286],[44.3461,40.285]]}},{"type":"Feature","properties":{"waterway":"river","name":"Քասախ"},"geometry":{"type":"LineString","coordinates":[[44.3539,40.2893],[44.3517,40.2866]]}},{"type":"Feature","properties":{"waterway":"river","name":"Քասախ"},"geometry":{"type":"LineString","coordinates":[[44.3489,40.2861],[44.3461,40.285]]}},{"type":"Feature","properties":{"waterway":"river","name":"Քասաղ"},"geometry":{"type":"LineString","coordinates":[[44.331,40.269],[44.329,40.2637]]}},{"type":"Feature","properties":{"waterway":"canal","name":null},"geometry":{"type":"LineString","coordinates":[[44.4905,40.2939],[44.4901,40.2936]]}},{"type":"Feature","properties":{"waterway":"canal","name":"Արզնի ջրանցք"},"geometry":{"type":"LineString","coordinates":[[44.416,40.2757],[44.4096,40.2723]]}},{"type":"Feature","properties":{"waterway":"river","name":"Կարկաչան"},"geometry":{"type":"LineString","coordinates":[[43.8169,40.71],[43.8086,40.7167],[43.809,40.7204],[43.8028,40.7292],[43.7977,40.7321]]}},{"type":"Feature","properties":{"waterway":"river","name":"Կարկաչան"},"geometry":{"type":"LineString","coordinates":[[43.8364,40.6983],[43.8258,40.7031]]}},{"type":"Feature","properties":{"waterway":"canal","name":null},"geometry":{"type":"LineString","coordinates":[[44.087,40.0468],[44.0892,40.0438],[44.0977,40.0415],[44.1399,40.0382]]}},{"type":"Feature","properties":{"waterway":"canal","name":"Էջմիածնի ջրանցք"},"geometry":{"type":"LineString","coordinates":[[44.3865,40.1656],[44.3795,40.1695],[44.3735,40.1686]]}},{"type":"Feature","properties":{"waterway":"canal","name":"Էջմիածնի ջրանցք"},"geometry":{"type":"LineString","coordinates":[[44.4139,40.1647],[44.4125,40.1663]]}},{"type":"Feature","properties":{"waterway":"canal","name":"Էջմիածնի ջրանցք"},"geometry":{"type":"LineString","coordinates":[[44.4125,40.1663],[44.4126,40.1665]]}},{"type":"Feature","properties":{"waterway":"canal","name":"Էջմիածնի ջրանցք"},"geometry":{"type":"LineString","coordinates":[[44.4286,40.158],[44.4226,40.1584],[44.4138,40.1643]]}},{"type":"Feature","properties":{"waterway":"canal","name":"Էջմիածնի ջրանցք"},"geometry":{"type":"LineString","coordinates":[[44.4138,40.1643],[44.4139,40.1647]]}},{"type":"Feature","properties":{"waterway":"canal","name":"Ստորին Հրազդանի ջրանցք"},"geometry":{"type":"LineString","coordinates":[[44.4845,40.17],[44.4823,40.1744],[44.4756,40.1759],[44.4691,40.1736],[44.4669,40.177]]}},{"type":"Feature","properties":{"waterway":"canal","name":"Ստորին Հրազդանի ջրանցք"},"geometry":{"type":"LineString","coordinates":[[44.4913,40.1724],[44.4908,40.1718]]}},{"type":"Feature","properties":{"waterway":"river","name":"Karahan Çayı"},"geometry":{"type":"LineString","coordinates":[[43.7422,40.7086],[43.7416,40.7054],[43.7451,40.7059],[43.7462,40.7005],[43.7388,40.69],[43.743,40.688],[43.7414,40.6864],[43.7454,40.6864],[43.7441,40.6854],[43.7487,40.6808]]}},{"type":"Feature","properties":{"waterway":"river","name":"Karahan Çayı"},"geometry":{"type":"LineString","coordinates":[[43.6957,40.7143],[43.6993,40.7171],[43.7026,40.7153],[43.7035,40.7175],[43.7083,40.715],[43.7064,40.7179],[43.7102,40.7187],[43.7102,40.7217],[43.7165,40.7201],[43.7156,40.7167],[43.7267,40.7198],[43.7311,40.7188],[43.7304,40.7209],[43.739,40.7156]]}},{"type":"Feature","properties":{"waterway":"river","name":null},"geometry":{"type":"LineString","coordinates":[[43.8066,41.0482],[43.8073,41.0489]]}},{"type":"Feature","properties":{"waterway":"river","name":null},"geometry":{"type":"LineString","coordinates":[[43.8099,40.7801],[43.8085,40.7846]]}},{"type":"Feature","properties":{"waterway":"river","name":null},"geometry":{"type":"LineString","coordinates":[[43.81,40.7747],[43.8099,40.7801]]}},{"type":"Feature","properties":{"waterway":"canal","name":null},"geometry":{"type":"LineString","coordinates":[[44.09,40.1515],[44.0798,40.1475],[44.0796,40.1454]]}},{"type":"Feature","properties":{"waterway":"canal","name":null},"geometry":{"type":"LineString","coordinates":[[44.1097,40.1526],[44.1092,40.1528]]}},{"type":"Feature","properties":{"waterway":"canal","name":null},"geometry":{"type":"LineString","coordinates":[[44.1564,40.1424],[44.156,40.1426]]}},{"type":"Feature","properties":{"waterway":"canal","name":"Սելիվ֊Մաստարա կանալ"},"geometry":{"type":"LineString","coordinates":[[44.0417,40.1347],[44.0532,40.1302],[44.0786,40.1302],[44.0873,40.1378],[44.1023,40.1355]]}},{"type":"Feature","properties":{"waterway":"canal","name":null},"geometry":{"type":"LineString","coordinates":[[44.1563,40.1344],[44.1581,40.1279]]}},{"type":"Feature","properties":{"waterway":"canal","name":null},"geometry":{"type":"LineString","coordinates":[[44.1063,40.1426],[44.1195,40.1386]]}},{"type":"Feature","properties":{"waterway":"canal","name":null},"geometry":{"type":"LineString","coordinates":[[44.096,40.1371],[44.1025,40.1361]]}},{"type":"Feature","properties":{"waterway":"canal","name":null},"geometry":{"type":"LineString","coordinates":[[44.2144,40.1129],[44.2104,40.1159],[44.2027,40.1157],[44.1977,40.1183]]}},{"type":"Feature","properties":{"waterway":"river","name":"Դեբեդ"},"geometry":{"type":"LineString","coordinates":[[44.7271,41.1147],[44.7307,41.1123],[44.7366,41.1134],[44.7385,41.116],[44.7503,41.1194],[44.7569,41.1255],[44.7566,41.1295],[44.7778,41.1431],[44.7814,41.1481],[44.7911,41.1488],[44.7981,41.1425],[44.8053,41.1428],[44.8135,41.1472],[44.8247,41.1485],[44.8352,41.153],[44.8376,41.1607],[44.8504,41.1724]]}},{"type":"Feature","properties":{"waterway":"river","name":"დებედა - Դեբեդ"},"geometry":{"type":"LineString","coordinates":[[44.9012,41.2116],[44.8934,41.2164],[44.8916,41.2215],[44.8678,41.2177],[44.8633,41.2241],[44.8547,41.2239],[44.8539,41.2284],[44.8282,41.2291],[44.8135,41.238],[44.813,41.244],[44.8035,41.252],[44.802,41.2575],[44.8025,41.2621],[44.8075,41.2661],[44.8075,41.2856],[44.8055,41.2901],[44.8078,41.2921]]}},{"type":"Feature","properties":{"waterway":"canal","name":"Արզնի Շամիրամ ջրանցք"},"geometry":{"type":"LineString","coordinates":[[44.4879,40.3212],[44.4833,40.3279]]}},{"type":"Feature","properties":{"waterway":"canal","name":null},"geometry":{"type":"LineString","coordinates":[[44.6009,40.361],[44.584,40.3319]]}},{"type":"Feature","properties":{"waterway":"river","name":"Ծաղկահովիտ"},"geometry":{"type":"LineString","coordinates":[[44.2191,40.6277],[44.2247,40.6368],[44.2297,40.6396],[44.2434,40.6378],[44.2621,40.6519],[44.2679,40.6632],[44.2783,40.6709],[44.2907,40.6719]]}},{"type":"Feature","properties":{"waterway":"river","name":null},"geometry":{"type":"LineString","coordinates":[[45.0897,40.3232],[45.0956,40.3251],[45.1159,40.3237],[45.1213,40.3256],[45.1245,40.3319],[45.1281,40.3324],[45.1268,40.3434]]}},{"type":"Feature","properties":{"waterway":"river","name":"Գավառագետ"},"geometry":{"type":"LineString","coordinates":[[45.0972,40.2121],[45.1104,40.2131],[45.149,40.2326],[45.1502,40.2474],[45.1454,40.2501],[45.1459,40.2543],[45.1386,40.2672],[45.1361,40.2757],[45.1372,40.2799]]}},{"type":"Feature","properties":{"waterway":"river","name":"Քասախ"},"geometry":{"type":"LineString","coordinates":[[44.2999,40.6598],[44.305,40.656],[44.3061,40.6496],[44.3109,40.6516],[44.3134,40.6484],[44.3213,40.6491],[44.3211,40.6437],[44.3263,40.6419],[44.3248,40.6358]]}},{"type":"Feature","properties":{"waterway":"river","name":null},"geometry":{"type":"LineString","coordinates":[[44.3726,40.2986],[44.3702,40.2988]]}},{"type":"Feature","properties":{"waterway":"river","name":"Գավառագետ"},"geometry":{"type":"LineString","coordinates":[[45.1435,40.3324],[45.1343,40.3413],[45.123,40.3436],[45.1211,40.3465],[45.1256,40.3496],[45.139,40.3497],[45.1535,40.3533],[45.165,40.3527],[45.1753,40.3597],[45.1788,40.3692],[45.1714,40.3764],[45.1679,40.3886],[45.1684,40.3997],[45.1651,40.4013],[45.1655,40.4049],[45.1633,40.4048],[45.1651,40.4065],[45.163,40.4074],[45.1644,40.4087],[45.16,40.4209]]}},{"type":"Feature","properties":{"waterway":"river","name":"Կարկաչան"},"geometry":{"type":"LineString","coordinates":[[43.841,40.6972],[43.8402,40.6973]]}},{"type":"Feature","properties":{"waterway":"river","name":"Գավառագետ"},"geometry":{"type":"LineString","coordinates":[[45.1469,40.2957],[45.1441,40.2988],[45.1476,40.3021],[45.1483,40.3282],[45.1435,40.3324]]}},{"type":"Feature","properties":{"waterway":"canal","name":"Ստորին Հրազդանի ջրանցք"},"geometry":{"type":"LineString","coordinates":[[44.2296,40.2348],[44.2296,40.2324],[44.2254,40.2324],[44.224,40.2299],[44.2246,40.2271],[44.2303,40.2256],[44.2272,40.2238],[44.2295,40.2209],[44.2282,40.2189],[44.2154,40.2126],[44.2085,40.2162],[44.2011,40.2142],[44.1961,40.2108],[44.1956,40.2073],[44.1989,40.2037],[44.1963,40.2006],[44.1883,40.2001]]}},{"type":"Feature","properties":{"waterway":"river","name":"Քասաղ"},"geometry":{"type":"LineString","coordinates":[[44.4055,40.4247],[44.3999,40.413],[44.4019,40.4046],[44.398,40.3933],[44.4011,40.3845],[44.3951,40.3757],[44.3967,40.3698],[44.3934,40.3552],[44.3951,40.3513],[44.3911,40.344],[44.3889,40.3324],[44.3847,40.3287]]}},{"type":"Feature","properties":{"waterway":"river","name":"Ափնագետ"},"geometry":{"type":"LineString","coordinates":[[44.3645,40.4705],[44.3728,40.4611],[44.3722,40.4545],[44.3767,40.4483],[44.3844,40.4458],[44.391,40.4399]]}},{"type":"Feature","properties":{"waterway":"river","name":null},"geometry":{"type":"LineString","coordinates":[[44.6265,41.0847],[44.6296,41.0847]]}},{"type":"Feature","properties":{"waterway":"river","name":null},"geometry":{"type":"LineString","coordinates":[[44.6366,41.0867],[44.6368,41.0863]]}},{"type":"Feature","properties":{"waterway":"river","name":null},"geometry":{"type":"LineString","coordinates":[[44.6369,41.0867],[44.6375,41.0864]]}},{"type":"Feature","properties":{"waterway":"river","name":null},"geometry":{"type":"LineString","coordinates":[[44.6349,41.0865],[44.6369,41.0867]]}},{"type":"Feature","properties":{"waterway":"river","name":null},"geometry":{"type":"LineString","coordinates":[[43.8365,40.8042],[43.842,40.7901]]}},{"type":"Feature","properties":{"waterway":"river","name":null},"geometry":{"type":"LineString","coordinates":[[44.2749,40.2662],[44.2738,40.2643]]}},{"type":"Feature","properties":{"waterway":"river","name":"Ամբերդ"},"geometry":{"type":"LineString","coordinates":[[44.2781,40.289],[44.2735,40.2617],[44.2745,40.252],[44.2785,40.2491]]}},{"type":"Feature","properties":{"waterway":"canal","name":"Արզնի Շամիրամ ջրանցք"},"geometry":{"type":"LineString","coordinates":[[44.2352,40.3099],[44.2286,40.3111],[44.2247,40.3072],[44.2198,40.3078],[44.2175,40.3012]]}},{"type":"Feature","properties":{"waterway":"canal","name":"Արզնի Շամիրամ ջրանցք"},"geometry":{"type":"LineString","coordinates":[[44.2363,40.3109],[44.2352,40.3099]]}},{"type":"Feature","properties":{"waterway":"canal","name":"Արզնի Շամիրամ ջրանցք"},"geometry":{"type":"LineString","coordinates":[[44.2557,40.3194],[44.2542,40.3191]]}},{"type":"Feature","properties":{"waterway":"canal","name":"Մխչյանի ջրանցք"},"geometry":{"type":"LineString","coordinates":[[44.5138,40.0326],[44.5165,40.0288]]}},{"type":"Feature","properties":{"waterway":"river","name":null},"geometry":{"type":"LineString","coordinates":[[44.3757,40.5844],[44.3774,40.5839]]}},{"type":"Feature","properties":{"waterway":"river","name":"Տանձուտ"},"geometry":{"type":"LineString","coordinates":[[44.5989,40.6966],[44.6051,40.7006],[44.6091,40.7081],[44.6164,40.7147],[44.6166,40.7277],[44.62,40.7374],[44.6175,40.7516],[44.6241,40.7568],[44.6239,40.7602],[44.6189,40.7649],[44.6105,40.7677],[44.592,40.7679],[44.5802,40.773],[44.5727,40.7719],[44.5569,40.7757],[44.546,40.7819],[44.5349,40.784],[44.5222,40.7928],[44.5094,40.7958],[44.4989,40.8043]]}},{"type":"Feature","properties":{"waterway":"canal","name":null},"geometry":{"type":"LineString","coordinates":[[44.2785,40.2488],[44.2761,40.2427]]}},{"type":"Feature","properties":{"waterway":"river","name":"Արքաշեն"},"geometry":{"type":"LineString","coordinates":[[44.1862,40.4723],[44.1909,40.4636],[44.1895,40.4579],[44.1952,40.4491],[44.2089,40.4424],[44.2216,40.4326],[44.2284,40.4144],[44.2276,40.4058]]}},{"type":"Feature","properties":{"waterway":"river","name":null},"geometry":{"type":"LineString","coordinates":[[44.1574,40.4893],[44.1579,40.4889]]}},{"type":"Feature","properties":{"waterway":"river","name":null},"geometry":{"type":"LineString","coordinates":[[46.4966,39.1845],[46.4997,39.1835]]}},{"type":"Feature","properties":{"waterway":"canal","name":"Արփա-Սևան Ջրանցք"},"geometry":{"type":"LineString","coordinates":[[45.4947,40.1544],[45.4946,40.161]]}},{"type":"Feature","properties":{"waterway":"canal","name":null},"geometry":{"type":"LineString","coordinates":[[44.4486,40.0655],[44.4499,40.0642]]}},{"type":"Feature","properties":{"waterway":"canal","name":"Սայաթ Նովա ջրանցք"},"geometry":{"type":"LineString","coordinates":[[44.4238,40.1323],[44.4271,40.1256],[44.4268,40.1108]]}},{"type":"Feature","properties":{"waterway":"canal","name":null},"geometry":{"type":"LineString","coordinates":[[46.3888,39.4619],[46.3833,39.461],[46.3829,39.4561]]}},{"type":"Feature","properties":{"waterway":"river","name":"Մանթաշ"},"geometry":{"type":"LineString","coordinates":[[44.0989,40.5696],[44.087,40.5836],[44.0845,40.5901],[44.0704,40.5977],[44.0653,40.6127],[44.051,40.6295],[44.0519,40.6433],[44.046,40.6499],[44.0352,40.6547],[44.0249,40.6554],[44.0186,40.6597],[44.0092,40.6606],[43.9919,40.6565],[43.966,40.6648],[43.955,40.6639]]}},{"type":"Feature","properties":{"waterway":"canal","name":"Արզնի Շամիրամ ջրանցք"},"geometry":{"type":"LineString","coordinates":[[44.5478,40.2849],[44.5452,40.2882],[44.5355,40.2915],[44.5312,40.2842],[44.5216,40.2867]]}},{"type":"Feature","properties":{"waterway":"canal","name":"Արզնի Շամիրամ ջրանցք"},"geometry":{"type":"LineString","coordinates":[[44.5489,40.2841],[44.5478,40.2849]]}},{"type":"Feature","properties":{"waterway":"canal","name":null},"geometry":{"type":"LineString","coordinates":[[44.5878,40.296],[44.5881,40.2959]]}},{"type":"Feature","properties":{"waterway":"canal","name":null},"geometry":{"type":"LineString","coordinates":[[44.5893,40.2956],[44.5896,40.2956]]}},{"type":"Feature","properties":{"waterway":"canal","name":null},"geometry":{"type":"LineString","coordinates":[[44.5881,40.2959],[44.5893,40.2956]]}},{"type":"Feature","properties":{"waterway":"river","name":"Հրազդան"},"geometry":{"type":"LineString","coordinates":[[44.5863,40.3198],[44.5861,40.3192]]}},{"type":"Feature","properties":{"waterway":"canal","name":null},"geometry":{"type":"LineString","coordinates":[[44.5756,40.3235],[44.5712,40.3189]]}},{"type":"Feature","properties":{"waterway":"canal","name":null},"geometry":{"type":"LineString","coordinates":[[44.578,40.2981],[44.5878,40.296]]}},{"type":"Feature","properties":{"waterway":"river","name":"Ողջաբերդ"},"geometry":{"type":"LineString","coordinates":[[44.5334,40.1491],[44.5311,40.1496]]}},{"type":"Feature","properties":{"waterway":"river","name":"Ողջաբերդ"},"geometry":{"type":"LineString","coordinates":[[44.534,40.1444],[44.5345,40.1458]]}},{"type":"Feature","properties":{"waterway":"river","name":"Ողջաբերդ"},"geometry":{"type":"LineString","coordinates":[[44.5345,40.1434],[44.534,40.1444]]}},{"type":"Feature","properties":{"waterway":"river","name":"Ողջաբերդ"},"geometry":{"type":"LineString","coordinates":[[44.5345,40.1458],[44.5334,40.1491]]}},{"type":"Feature","properties":{"waterway":"canal","name":"Գետափնյա ջրանցք"},"geometry":{"type":"LineString","coordinates":[[44.4344,40.1429],[44.4343,40.1412]]}},{"type":"Feature","properties":{"waterway":"canal","name":"Գետափնյա ջրանցք"},"geometry":{"type":"LineString","coordinates":[[44.4346,40.1442],[44.436,40.1432]]}},{"type":"Feature","properties":{"waterway":"canal","name":"Գետափնյա ջրանցք"},"geometry":{"type":"LineString","coordinates":[[44.436,40.1432],[44.4344,40.1429]]}},{"type":"Feature","properties":{"waterway":"canal","name":"Գետափնյա ջրանցք"},"geometry":{"type":"LineString","coordinates":[[44.4383,40.1472],[44.4353,40.1451]]}},{"type":"Feature","properties":{"waterway":"canal","name":"Գետափնյա ջրանցք"},"geometry":{"type":"LineString","coordinates":[[44.4565,40.1527],[44.448,40.1564],[44.4448,40.1546]]}},{"type":"Feature","properties":{"waterway":"canal","name":"Արզնի Շամիրամ ջրանցք"},"geometry":{"type":"LineString","coordinates":[[44.2542,40.3191],[44.2392,40.3172],[44.2362,40.3143],[44.2379,40.312],[44.2363,40.3109]]}},{"type":"Feature","properties":{"waterway":"river","name":"Մանթաշ"},"geometry":{"type":"LineString","coordinates":[[44.1213,40.525],[44.119,40.5319],[44.1113,40.5358],[44.1089,40.5496]]}},{"type":"Feature","properties":{"waterway":"canal","name":"Ստորին Հրազդանի ջրանցք"},"geometry":{"type":"LineString","coordinates":[[44.4263,40.1896],[44.4202,40.1967],[44.4151,40.1945],[44.4069,40.1962],[44.4018,40.1931],[44.3849,40.1985],[44.378,40.1977],[44.3746,40.2007],[44.366,40.1977],[44.3608,40.2013],[44.3473,40.2012],[44.3441,40.2083],[44.3335,40.2049],[44.3227,40.2169],[44.3138,40.2147],[44.3128,40.218],[44.3058,40.2203],[44.3033,40.2303]]}},{"type":"Feature","properties":{"waterway":"canal","name":"Ստորին Հրազդանի ջրանցք"},"geometry":{"type":"LineString","coordinates":[[44.4584,40.1751],[44.4572,40.1754]]}},{"type":"Feature","properties":{"waterway":"river","name":null},"geometry":{"type":"LineString","coordinates":[[44.3107,40.7697],[44.3136,40.7758],[44.3248,40.7841],[44.3389,40.785],[44.3638,40.799],[44.3776,40.8012]]}},{"type":"Feature","properties":{"waterway":"river","name":"Չիչկան"},"geometry":{"type":"LineString","coordinates":[[44.1835,40.8553],[44.184,40.8551]]}},{"type":"Feature","properties":{"waterway":"river","name":"Չիչկան"},"geometry":{"type":"LineString","coordinates":[[44.184,40.8551],[44.1858,40.8542]]}},{"type":"Feature","properties":{"waterway":"canal","name":"Շիրակամուտ"},"geometry":{"type":"LineString","coordinates":[[44.1265,40.913],[44.1377,40.8987],[44.1385,40.8913],[44.1414,40.89],[44.1402,40.8887],[44.144,40.8828]]}},{"type":"Feature","properties":{"waterway":"canal","name":"Շիրակամուտ"},"geometry":{"type":"LineString","coordinates":[[44.1488,40.8785],[44.1531,40.8696]]}},{"type":"Feature","properties":{"waterway":"canal","name":"Շիրակամուտ"},"geometry":{"type":"LineString","coordinates":[[44.144,40.8828],[44.1444,40.8825]]}},{"type":"Feature","properties":{"waterway":"canal","name":"Շիրակամուտ"},"geometry":{"type":"LineString","coordinates":[[44.1444,40.8825],[44.1488,40.8785]]}},{"type":"Feature","properties":{"waterway":"river","name":"Քասախ"},"geometry":{"type":"LineString","coordinates":[[44.4382,40.4849],[44.441,40.4817]]}},{"type":"Feature","properties":{"waterway":"canal","name":null},"geometry":{"type":"LineString","coordinates":[[44.44,40.4824],[44.4415,40.4808]]}},{"type":"Feature","properties":{"waterway":"canal","name":null},"geometry":{"type":"LineString","coordinates":[[44.4396,40.4824],[44.4416,40.4799]]}},{"type":"Feature","properties":{"waterway":"canal","name":"Արզնի Շամիրամ ջրանցք"},"geometry":{"type":"LineString","coordinates":[[44.5216,40.2867],[44.5205,40.2863]]}},{"type":"Feature","properties":{"waterway":"canal","name":"Արզնի Շամիրամ ջրանցք"},"geometry":{"type":"LineString","coordinates":[[44.5205,40.2863],[44.5108,40.2886],[44.5064,40.2938],[44.502,40.2946],[44.5007,40.2926]]}},{"type":"Feature","properties":{"waterway":"canal","name":null},"geometry":{"type":"LineString","coordinates":[[44.5178,40.2212],[44.5176,40.2213]]}},{"type":"Feature","properties":{"waterway":"canal","name":"Արզնի Շամիրամ ջրանցք"},"geometry":{"type":"LineString","coordinates":[[44.44,40.3269],[44.429,40.3186],[44.4256,40.3198],[44.4225,40.3157],[44.4145,40.3162],[44.4072,40.3199],[44.4029,40.3127],[44.3955,40.3103],[44.3918,40.3119]]}},{"type":"Feature","properties":{"waterway":"canal","name":"Արզնի ջրանցք"},"geometry":{"type":"LineString","coordinates":[[44.4795,40.2869],[44.4755,40.2856],[44.4732,40.2807],[44.4821,40.2751],[44.4824,40.2713],[44.4747,40.2664],[44.4682,40.2665],[44.4635,40.2557],[44.4525,40.2583],[44.4433,40.2575],[44.4354,40.2609],[44.4322,40.2657],[44.4163,40.2756]]}},{"type":"Feature","properties":{"waterway":"canal","name":"Արզնի Շամիրամ ջրանցք"},"geometry":{"type":"LineString","coordinates":[[44.3695,40.3338],[44.3644,40.3384],[44.3678,40.3416],[44.3673,40.3451],[44.3491,40.3426],[44.3442,40.3497],[44.3382,40.3525]]}},{"type":"Feature","properties":{"waterway":"canal","name":"Արզնի ջրանցք"},"geometry":{"type":"LineString","coordinates":[[44.4901,40.2936],[44.4888,40.293]]}},{"type":"Feature","properties":{"waterway":"canal","name":"Ստորին Հրազդանի ջրանցք"},"geometry":{"type":"LineString","coordinates":[[44.4923,40.1724],[44.4913,40.1724]]}},{"type":"Feature","properties":{"waterway":"canal","name":"Ստորին Հրազդանի ջրանցք"},"geometry":{"type":"LineString","coordinates":[[44.4934,40.1725],[44.4923,40.1724]]}},{"type":"Feature","properties":{"waterway":"river","name":null},"geometry":{"type":"LineString","coordinates":[[44.1103,40.5412],[44.1101,40.5416]]}},{"type":"Feature","properties":{"waterway":"river","name":null},"geometry":{"type":"LineString","coordinates":[[44.1099,40.5424],[44.1096,40.5429]]}},{"type":"Feature","properties":{"waterway":"river","name":"Գեղարոտ"},"geometry":{"type":"LineString","coordinates":[[44.196,40.5082],[44.2036,40.5024],[44.2149,40.4985],[44.2213,40.499],[44.2428,40.4942],[44.2578,40.4944],[44.2694,40.4895],[44.2877,40.4892],[44.2971,40.4924],[44.3067,40.4884],[44.3209,40.4903],[44.3305,40.4877]]}},{"type":"Feature","properties":{"waterway":"river","name":null},"geometry":{"type":"LineString","coordinates":[[46.1907,38.8809],[46.193,38.8729],[46.1974,38.868],[46.2148,38.8582]]}},{"type":"Feature","properties":{"waterway":"river","name":"Որոտան"},"geometry":{"type":"LineString","coordinates":[[46.1632,39.458],[46.1642,39.457]]}},{"type":"Feature","properties":{"waterway":"canal","name":null},"geometry":{"type":"LineString","coordinates":[[46.0407,39.4855],[46.1309,39.4733]]}},{"type":"Feature","properties":{"waterway":"canal","name":null},"geometry":{"type":"LineString","coordinates":[[44.7882,40.512],[44.7779,40.5087],[44.7654,40.5082],[44.7581,40.5112]]}},{"type":"Feature","properties":{"waterway":"canal","name":null},"geometry":{"type":"LineString","coordinates":[[44.8757,40.5519],[44.8238,40.5176]]}},{"type":"Feature","properties":{"waterway":"canal","name":null},"geometry":{"type":"LineString","coordinates":[[44.7947,40.5134],[44.7882,40.512]]}},{"type":"Feature","properties":{"waterway":"canal","name":null},"geometry":{"type":"LineString","coordinates":[[44.7643,40.5081],[44.7636,40.5081]]}},{"type":"Feature","properties":{"waterway":"canal","name":null},"geometry":{"type":"LineString","coordinates":[[44.8238,40.5176],[44.8147,40.5142]]}},{"type":"Feature","properties":{"waterway":"river","name":null},"geometry":{"type":"LineString","coordinates":[[44.9418,40.5503],[44.9276,40.5502],[44.9247,40.5523]]}},{"type":"Feature","properties":{"waterway":"river","name":null},"geometry":{"type":"LineString","coordinates":[[44.9065,40.5563],[44.9035,40.5541],[44.8971,40.5551],[44.8907,40.5593],[44.8904,40.5641]]}},{"type":"Feature","properties":{"waterway":"canal","name":null},"geometry":{"type":"LineString","coordinates":[[44.8972,40.5676],[44.8917,40.5673],[44.8821,40.5623],[44.8757,40.5519]]}},{"type":"Feature","properties":{"waterway":"canal","name":null},"geometry":{"type":"LineString","coordinates":[[44.3875,40.1375],[44.3867,40.1313],[44.3765,40.1292],[44.3765,40.1272]]}},{"type":"Feature","properties":{"waterway":"canal","name":null},"geometry":{"type":"LineString","coordinates":[[44.3269,40.152],[44.3297,40.1485],[44.3514,40.1495],[44.3522,40.1512],[44.3476,40.1539],[44.3522,40.1548]]}},{"type":"Feature","properties":{"waterway":"river","name":null},"geometry":{"type":"LineString","coordinates":[[44.6713,40.6201],[44.6703,40.6204]]}},{"type":"Feature","properties":{"waterway":"river","name":null},"geometry":{"type":"LineString","coordinates":[[44.6703,40.6204],[44.6695,40.6208]]}},{"type":"Feature","properties":{"waterway":"river","name":"Տավուշ"},"geometry":{"type":"LineString","coordinates":[[45.4284,40.9127],[45.4287,40.9128]]}},{"type":"Feature","properties":{"waterway":"river","name":"Փամբակ"},"geometry":{"type":"LineString","coordinates":[[45.5597,40.4047],[45.5291,40.3819],[45.5277,40.3788]]}},{"type":"Feature","properties":{"waterway":"river","name":null},"geometry":{"type":"LineString","coordinates":[[44.6853,40.7237],[44.6856,40.7236]]}},{"type":"Feature","properties":{"waterway":"canal","name":"Կոտայք ջրանցք"},"geometry":{"type":"LineString","coordinates":[[44.6535,40.2339],[44.6452,40.2259],[44.6418,40.2253]]}},{"type":"Feature","properties":{"waterway":"river","name":"Արագետ"},"geometry":{"type":"LineString","coordinates":[[44.5289,40.4263],[44.5282,40.4216],[44.5354,40.4096],[44.5486,40.4046],[44.5569,40.4021],[44.5806,40.4072]]}},{"type":"Feature","properties":{"waterway":"canal","name":null},"geometry":{"type":"LineString","coordinates":[[43.6905,40.5237],[43.6885,40.5164],[43.6894,40.5063],[43.6969,40.5087],[43.6986,40.507],[43.6999,40.5133],[43.7025,40.5149],[43.7047,40.5112],[43.7078,40.5141],[43.7102,40.5079],[43.7076,40.5016],[43.7155,40.504],[43.7176,40.5018],[43.7163,40.4964],[43.7223,40.4865]]}},{"type":"Feature","properties":{"waterway":"canal","name":null},"geometry":{"type":"LineString","coordinates":[[43.7606,40.4859],[43.7593,40.4838],[43.753,40.4852],[43.7358,40.4821],[43.7223,40.4868]]}},{"type":"Feature","properties":{"waterway":"river","name":"Ուռուտ"},"geometry":{"type":"LineString","coordinates":[[44.4223,41.1183],[44.4154,41.1131],[44.4042,41.0989],[44.4018,41.0905],[44.3973,41.0869],[44.3984,41.0825],[44.3917,41.0659],[44.3917,41.0584],[44.3868,41.0508],[44.3899,41.0492],[44.3898,41.0438],[44.388,41.044],[44.3961,41.0392],[44.3983,41.0351],[44.4027,41.0339],[44.4069,41.0226],[44.4124,41.0202],[44.4142,41.0145],[44.4296,41.008],[44.4344,41.0022]]}},{"type":"Feature","properties":{"waterway":"river","name":"Կարմիրջուր"},"geometry":{"type":"LineString","coordinates":[[43.4727,41.0272],[43.4735,41.0435],[43.4847,41.0517],[43.508,41.0608],[43.5227,41.0626],[43.531,41.0607]]}},{"type":"Feature","properties":{"waterway":"river","name":"Ծաղկաշեն"},"geometry":{"type":"LineString","coordinates":[[43.8066,41.1137],[43.8056,41.1007],[43.8093,41.0874]]}},{"type":"Feature","properties":{"waterway":"river","name":"Կարմիջուր"},"geometry":{"type":"LineString","coordinates":[[43.5399,41.0868],[43.551,41.0909],[43.5567,41.0978],[43.5602,41.0987],[43.5668,41.0991],[43.5746,41.0925]]}},{"type":"Feature","properties":{"waterway":"river","name":"Տաշիր"},"geometry":{"type":"LineString","coordinates":[[44.2952,41.1091],[44.2906,41.1055],[44.2972,41.1017],[44.2948,41.0946],[44.2989,41.0936],[44.3033,41.088],[44.3021,41.0859],[44.3044,41.0863],[44.3063,41.0849],[44.305,41.0834],[44.3118,41.0794],[44.3135,41.0756],[44.3113,41.0746],[44.3148,41.0715],[44.3151,41.0672],[44.3233,41.0655],[44.3404,41.0538],[44.3509,41.0533],[44.3553,41.0399],[44.3532,41.0334],[44.3567,41.0271]]}},{"type":"Feature","properties":{"waterway":"river","name":"Տաշիր"},"geometry":{"type":"LineString","coordinates":[[44.2454,41.1722],[44.2696,41.1714],[44.2765,41.1635],[44.2758,41.159],[44.2785,41.155],[44.2883,41.1496],[44.2873,41.1423],[44.2853,41.1414]]}},{"type":"Feature","properties":{"waterway":"canal","name":"Լոռվա ջրանցք"},"geometry":{"type":"LineString","coordinates":[[44.3225,41.0657],[44.3405,41.0542],[44.3511,41.0546],[44.3538,41.0417],[44.3555,41.0385],[44.3579,41.0392]]}},{"type":"Feature","properties":{"waterway":"canal","name":"Գետառ"},"geometry":{"type":"LineString","coordinates":[[44.5017,40.1546],[44.4993,40.1525]]}},{"type":"Feature","properties":{"waterway":"canal","name":"Գետառ"},"geometry":{"type":"LineString","coordinates":[[44.5035,40.1557],[44.5031,40.1554]]}},{"type":"Feature","properties":{"waterway":"river","name":"Գետառ"},"geometry":{"type":"LineString","coordinates":[[44.5048,40.1576],[44.5044,40.157]]}},{"type":"Feature","properties":{"waterway":"river","name":"Գետառ"},"geometry":{"type":"LineString","coordinates":[[44.5063,40.1593],[44.5048,40.1576]]}},{"type":"Feature","properties":{"waterway":"river","name":"Գետառ"},"geometry":{"type":"LineString","coordinates":[[44.5044,40.157],[44.5035,40.1557]]}},{"type":"Feature","properties":{"waterway":"river","name":"Բլդան"},"geometry":{"type":"LineString","coordinates":[[44.6955,40.7733],[44.6991,40.7637],[44.7026,40.7616],[44.7325,40.759],[44.7402,40.7559],[44.7645,40.7648],[44.7766,40.7603],[44.8022,40.756],[44.8076,40.7529],[44.8078,40.749],[44.8229,40.7451],[44.8282,40.7401]]}},{"type":"Feature","properties":{"waterway":"canal","name":null},"geometry":{"type":"LineString","coordinates":[[44.5628,40.0671],[44.5621,40.0687]]}},{"type":"Feature","properties":{"waterway":"canal","name":"Գետառ"},"geometry":{"type":"LineString","coordinates":[[44.498,40.153],[44.4964,40.1536]]}},{"type":"Feature","properties":{"waterway":"canal","name":"Գետառ"},"geometry":{"type":"LineString","coordinates":[[44.495,40.1566],[44.4943,40.1579]]}},{"type":"Feature","properties":{"waterway":"canal","name":"Գետառ"},"geometry":{"type":"LineString","coordinates":[[44.4993,40.1525],[44.498,40.153]]}},{"type":"Feature","properties":{"waterway":"canal","name":"Գետառ"},"geometry":{"type":"LineString","coordinates":[[44.4943,40.1579],[44.4944,40.158]]}},{"type":"Feature","properties":{"waterway":"river","name":"Ողջաբերդ"},"geometry":{"type":"LineString","coordinates":[[44.5311,40.1496],[44.5272,40.1499]]}},{"type":"Feature","properties":{"waterway":"canal","name":null},"geometry":{"type":"LineString","coordinates":[[44.5776,40.2734],[44.5613,40.2442]]}},{"type":"Feature","properties":{"waterway":"canal","name":null},"geometry":{"type":"LineString","coordinates":[[44.6085,40.3776],[44.6072,40.3772]]}},{"type":"Feature","properties":{"waterway":"canal","name":null},"geometry":{"type":"LineString","coordinates":[[44.6072,40.3772],[44.6068,40.3771]]}},{"type":"Feature","properties":{"waterway":"canal","name":null},"geometry":{"type":"LineString","coordinates":[[44.6228,40.3827],[44.6211,40.3829]]}},{"type":"Feature","properties":{"waterway":"canal","name":null},"geometry":{"type":"LineString","coordinates":[[44.5906,40.2881],[44.5906,40.2808],[44.5838,40.2767]]}},{"type":"Feature","properties":{"waterway":"canal","name":null},"geometry":{"type":"LineString","coordinates":[[44.621,40.3829],[44.6085,40.3776]]}},{"type":"Feature","properties":{"waterway":"canal","name":null},"geometry":{"type":"LineString","coordinates":[[44.584,40.3319],[44.5788,40.3248]]}},{"type":"Feature","properties":{"waterway":"canal","name":null},"geometry":{"type":"LineString","coordinates":[[44.499,40.1897],[44.4992,40.1892]]}},{"type":"Feature","properties":{"waterway":"canal","name":null},"geometry":{"type":"LineString","coordinates":[[44.5008,40.1643],[44.5008,40.1639]]}},{"type":"Feature","properties":{"waterway":"canal","name":null},"geometry":{"type":"LineString","coordinates":[[44.5022,40.1646],[44.5019,40.1645]]}},{"type":"Feature","properties":{"waterway":"canal","name":null},"geometry":{"type":"LineString","coordinates":[[44.4985,40.1908],[44.499,40.1897]]}},{"type":"Feature","properties":{"waterway":"canal","name":null},"geometry":{"type":"LineString","coordinates":[[44.5019,40.1645],[44.5014,40.1643]]}},{"type":"Feature","properties":{"waterway":"canal","name":null},"geometry":{"type":"LineString","coordinates":[[44.4995,40.1781],[44.4989,40.1779]]}},{"type":"Feature","properties":{"waterway":"canal","name":null},"geometry":{"type":"LineString","coordinates":[[44.5577,40.0831],[44.5454,40.0767]]}},{"type":"Feature","properties":{"waterway":"canal","name":null},"geometry":{"type":"LineString","coordinates":[[44.5583,40.0781],[44.559,40.0833]]}},{"type":"Feature","properties":{"waterway":"canal","name":null},"geometry":{"type":"LineString","coordinates":[[44.2832,40.2347],[44.2885,40.2188]]}},{"type":"Feature","properties":{"waterway":"canal","name":null},"geometry":{"type":"LineString","coordinates":[[46.3672,39.4503],[46.3658,39.4469],[46.3586,39.4446],[46.3621,39.4421],[46.36,39.4399]]}},{"type":"Feature","properties":{"waterway":"river","name":"Լեջանջուր"},"geometry":{"type":"LineString","coordinates":[[44.4423,41.0417],[44.4433,41.0365],[44.4528,41.0237],[44.4566,41.0107]]}},{"type":"Feature","properties":{"waterway":"river","name":"Քասաղ"},"geometry":{"type":"LineString","coordinates":[[44.3847,40.3287],[44.3837,40.3285]]}},{"type":"Feature","properties":{"waterway":"canal","name":"Քասաղ"},"geometry":{"type":"LineString","coordinates":[[44.4234,40.3816],[44.417,40.3553]]}},{"type":"Feature","properties":{"waterway":"canal","name":"Քասաղ"},"geometry":{"type":"LineString","coordinates":[[44.4039,40.403],[44.4234,40.3817]]}},{"type":"Feature","properties":{"waterway":"canal","name":"Քասաղ"},"geometry":{"type":"LineString","coordinates":[[44.4305,40.3774],[44.4414,40.3735]]}},{"type":"Feature","properties":{"waterway":"canal","name":"Արզնի ջրանցք"},"geometry":{"type":"LineString","coordinates":[[44.4096,40.2723],[44.4095,40.272]]}},{"type":"Feature","properties":{"waterway":"canal","name":"Արզնի ջրանցք"},"geometry":{"type":"LineString","coordinates":[[44.3874,40.2556],[44.3831,40.2558],[44.3816,40.2603],[44.3792,40.26],[44.3705,40.2676],[44.3628,40.2684]]}},{"type":"Feature","properties":{"waterway":"canal","name":null},"geometry":{"type":"LineString","coordinates":[[44.4649,40.4698],[44.4684,40.4684],[44.471,40.4635]]}},{"type":"Feature","properties":{"waterway":"canal","name":null},"geometry":{"type":"LineString","coordinates":[[44.5541,39.9297],[44.5629,39.9228]]}},{"type":"Feature","properties":{"waterway":"canal","name":null},"geometry":{"type":"LineString","coordinates":[[44.5598,39.9293],[44.5637,39.9263]]}},{"type":"Feature","properties":{"waterway":"river","name":"Ողջաբերդ"},"geometry":{"type":"LineString","coordinates":[[44.5395,40.1442],[44.538,40.1432]]}},{"type":"Feature","properties":{"waterway":"canal","name":"Ստորին Հրազդանի ջրանցք"},"geometry":{"type":"LineString","coordinates":[[44.4985,40.1754],[44.4934,40.1725]]}},{"type":"Feature","properties":{"waterway":"canal","name":"Ստորին Հրազդանի ջրանցք"},"geometry":{"type":"LineString","coordinates":[[44.4989,40.1757],[44.4985,40.1754]]}},{"type":"Feature","properties":{"waterway":"canal","name":null},"geometry":{"type":"LineString","coordinates":[[44.4189,40.1178],[44.4107,40.114]]}},{"type":"Feature","properties":{"waterway":"river","name":"Կարբի"},"geometry":{"type":"LineString","coordinates":[[44.5268,40.7274],[44.5387,40.7447],[44.5485,40.7646],[44.5492,40.7723],[44.5465,40.7816]]}},{"type":"Feature","properties":{"waterway":"river","name":"Շաղվարդ գետ"},"geometry":{"type":"LineString","coordinates":[[44.3084,40.2703],[44.3038,40.2687],[44.302,40.263],[44.2905,40.2572]]}},{"type":"Feature","properties":{"waterway":"canal","name":"Արտաշատի ջրանցք"},"geometry":{"type":"LineString","coordinates":[[44.5028,40.1707],[44.5017,40.1656],[44.5039,40.1637]]}},{"type":"Feature","properties":{"waterway":"river","name":"Գարգառ"},"geometry":{"type":"LineString","coordinates":[[44.3435,40.9772],[44.3769,40.9808],[44.4091,40.9713],[44.4188,40.9639],[44.4293,40.9629],[44.4402,40.9568],[44.4686,40.9608],[44.496,40.9685],[44.5262,40.9695],[44.5429,40.9608],[44.5527,40.9598],[44.5577,40.9548],[44.5643,40.9524],[44.5893,40.9555]]}},{"type":"Feature","properties":{"waterway":"canal","name":"Քասաղ"},"geometry":{"type":"LineString","coordinates":[[44.41,40.4259],[44.4043,40.4039]]}},{"type":"Feature","properties":{"waterway":"canal","name":"Քասաղ"},"geometry":{"type":"LineString","coordinates":[[44.4122,40.4292],[44.41,40.4259]]}},{"type":"Feature","properties":{"waterway":"canal","name":"Քասաղ"},"geometry":{"type":"LineString","coordinates":[[44.3726,40.4002],[44.3694,40.3981],[44.3673,40.3876],[44.3564,40.3882],[44.3419,40.3809]]}},{"type":"Feature","properties":{"waterway":"canal","name":null},"geometry":{"type":"LineString","coordinates":[[44.1942,40.4018],[44.1943,40.401]]}},{"type":"Feature","properties":{"waterway":"canal","name":"Էջմիածնի ջրանցք"},"geometry":{"type":"LineString","coordinates":[[44.4106,40.1675],[44.408,40.1667]]}},{"type":"Feature","properties":{"waterway":"canal","name":"Էջմիածնի ջրանցք"},"geometry":{"type":"LineString","coordinates":[[44.3965,40.1662],[44.3959,40.1662]]}},{"type":"Feature","properties":{"waterway":"canal","name":"Էջմիածնի ջրանցք"},"geometry":{"type":"LineString","coordinates":[[44.408,40.1667],[44.3998,40.1673]]}},{"type":"Feature","properties":{"waterway":"canal","name":"Էջմիածնի ջրանցք"},"geometry":{"type":"LineString","coordinates":[[44.4126,40.1665],[44.4106,40.1675]]}},{"type":"Feature","properties":{"waterway":"canal","name":null},"geometry":{"type":"LineString","coordinates":[[45.7272,40.1694],[45.7229,40.1777],[45.7161,40.1813]]}},{"type":"Feature","properties":{"waterway":"canal","name":null},"geometry":{"type":"LineString","coordinates":[[45.7152,40.1573],[45.714,40.1623],[45.7104,40.1652],[45.7119,40.1685],[45.7099,40.1861]]}},{"type":"Feature","properties":{"waterway":"canal","name":null},"geometry":{"type":"LineString","coordinates":[[45.7226,40.1782],[45.7168,40.1814]]}},{"type":"Feature","properties":{"waterway":"river","name":"Վարդենիս"},"geometry":{"type":"LineString","coordinates":[[45.4446,39.9916],[45.4489,39.9933],[45.4468,39.9955],[45.448,40.0017],[45.4552,40.012],[45.4517,40.0299],[45.4571,40.0364],[45.4543,40.0427],[45.4591,40.0486],[45.4588,40.0556],[45.4623,40.0601],[45.4569,40.073],[45.4582,40.0868],[45.4681,40.0958],[45.4569,40.1046],[45.4594,40.1107],[45.4559,40.1129],[45.4564,40.1213],[45.4451,40.1274],[45.4392,40.1417],[45.4414,40.1471],[45.4387,40.1539],[45.4335,40.1599],[45.4188,40.1665]]}},{"type":"Feature","properties":{"waterway":"canal","name":null},"geometry":{"type":"LineString","coordinates":[[44.6424,40.3933],[44.6231,40.3827]]}},{"type":"Feature","properties":{"waterway":"canal","name":null},"geometry":{"type":"LineString","coordinates":[[44.6668,40.4185],[44.6603,40.4104],[44.6543,40.4081],[44.6536,40.4036],[44.6437,40.399],[44.6424,40.3933]]}},{"type":"Feature","properties":{"waterway":"river","name":"Արթիկջուր"},"geometry":{"type":"LineString","coordinates":[[43.9701,40.6166],[43.9689,40.6173]]}},{"type":"Feature","properties":{"waterway":"river","name":null},"geometry":{"type":"LineString","coordinates":[[43.9751,40.6205],[43.9734,40.6208]]}},{"type":"Feature","properties":{"waterway":"river","name":null},"geometry":{"type":"LineString","coordinates":[[44.0448,40.5622],[44.0378,40.5698],[44.0325,40.5715],[44.0279,40.5795],[44.0165,40.5857],[44.0078,40.6003],[44.0028,40.6054],[43.9991,40.6059]]}},{"type":"Feature","properties":{"waterway":"canal","name":null},"geometry":{"type":"LineString","coordinates":[[44.0161,40.5857],[44.0097,40.5909]]}},{"type":"Feature","properties":{"waterway":"river","name":"Արթիկջուր"},"geometry":{"type":"LineString","coordinates":[[43.9733,40.6128],[43.972,40.6135]]}},{"type":"Feature","properties":{"waterway":"river","name":"Արթիկջուր"},"geometry":{"type":"LineString","coordinates":[[44.0128,40.5629],[44.0013,40.5852]]}},{"type":"Feature","properties":{"waterway":"river","name":"Արթիկջուր"},"geometry":{"type":"LineString","coordinates":[[43.9717,40.6137],[43.9715,40.6147]]}},{"type":"Feature","properties":{"waterway":"river","name":null},"geometry":{"type":"LineString","coordinates":[[43.9846,40.6186],[43.9767,40.6201]]}},{"type":"Feature","properties":{"waterway":"river","name":"Հելոիձոր"},"geometry":{"type":"LineString","coordinates":[[45.0519,40.3013],[45.063,40.3081],[45.0701,40.3096],[45.0897,40.3232]]}},{"type":"Feature","properties":{"waterway":"canal","name":null},"geometry":{"type":"LineString","coordinates":[[44.9195,40.1702],[44.9137,40.169]]}},{"type":"Feature","properties":{"waterway":"river","name":"Ելփին"},"geometry":{"type":"LineString","coordinates":[[45.1102,39.8087],[45.1087,39.8036],[45.1121,39.7972],[45.1109,39.7956],[45.1182,39.7873],[45.1175,39.7825],[45.1283,39.7744],[45.134,39.7667],[45.146,39.7619]]}},{"type":"Feature","properties":{"waterway":"canal","name":null},"geometry":{"type":"LineString","coordinates":[[45.1978,39.7328],[45.1902,39.7267]]}},{"type":"Feature","properties":{"waterway":"river","name":"Արթիկջուր"},"geometry":{"type":"LineString","coordinates":[[43.9205,40.6397],[43.9209,40.651],[43.9244,40.6536],[43.9222,40.6598],[43.9122,40.6593]]}},{"type":"Feature","properties":{"waterway":"river","name":null},"geometry":{"type":"LineString","coordinates":[[44.0129,40.4066],[44.007,40.3979],[43.997,40.3921],[43.993,40.3836],[43.9845,40.3825],[43.9799,40.3784],[43.9684,40.3749],[43.9469,40.3559]]}},{"type":"Feature","properties":{"waterway":"river","name":"Խաչաղբյուր"},"geometry":{"type":"LineString","coordinates":[[45.0636,40.9035],[45.0725,40.9036],[45.0793,40.9064],[45.0875,40.9045],[45.0973,40.9099],[45.1216,40.9047],[45.1287,40.9007],[45.151,40.9029]]}},{"type":"Feature","properties":{"waterway":"river","name":"Խաչաղբյուր"},"geometry":{"type":"LineString","coordinates":[[45.1551,40.9038],[45.1605,40.9062]]}},{"type":"Feature","properties":{"waterway":"canal","name":null},"geometry":{"type":"LineString","coordinates":[[45.9554,39.5647],[46.0024,39.4782]]}},{"type":"Feature","properties":{"waterway":"river","name":"Գայլաձոր"},"geometry":{"type":"LineString","coordinates":[[45.2294,39.9773],[45.2275,39.9827],[45.2294,39.9834],[45.2255,39.9848],[45.2262,39.9868],[45.2202,39.9875],[45.2183,39.9914],[45.2096,39.9948],[45.2122,39.9948],[45.2121,39.9976],[45.2059,40.0023],[45.2048,40.0074],[45.201,40.0091],[45.2032,40.0102],[45.1999,40.0111],[45.202,40.0149]]}},{"type":"Feature","properties":{"waterway":"canal","name":null},"geometry":{"type":"LineString","coordinates":[[46.2754,39.2189],[46.274,39.217]]}},{"type":"Feature","properties":{"waterway":"canal","name":null},"geometry":{"type":"LineString","coordinates":[[46.3539,39.2189],[46.3559,39.2201]]}},{"type":"Feature","properties":{"waterway":"river","name":null},"geometry":{"type":"LineString","coordinates":[[43.9241,40.4165],[43.9188,40.4072],[43.9092,40.4027],[43.9057,40.4034]]}},{"type":"Feature","properties":{"waterway":"river","name":"Ամբերդ"},"geometry":{"type":"LineString","coordinates":[[44.1594,40.4927],[44.1564,40.4904],[44.1614,40.4791],[44.1527,40.4685],[44.1588,40.4591],[44.1588,40.446],[44.1632,40.4266],[44.1712,40.4132],[44.1947,40.4007]]}},{"type":"Feature","properties":{"waterway":"canal","name":null},"geometry":{"type":"LineString","coordinates":[[44.0069,40.1949],[44.0007,40.1937],[43.9973,40.1962],[43.9898,40.1967],[43.9836,40.19],[43.9577,40.1936],[43.952,40.192],[43.9523,40.1892],[43.9435,40.1842]]}},{"type":"Feature","properties":{"waterway":"river","name":"Մանթաշ"},"geometry":{"type":"LineString","coordinates":[[43.9544,40.6638],[43.9282,40.6615],[43.9121,40.6633]]}},{"type":"Feature","properties":{"waterway":"canal","name":null},"geometry":{"type":"LineString","coordinates":[[43.8918,40.6627],[43.8829,40.663]]}},{"type":"Feature","properties":{"waterway":"river","name":"Կարկաչան"},"geometry":{"type":"LineString","coordinates":[[43.8983,40.664],[43.8831,40.6634],[43.8577,40.6717]]}},{"type":"Feature","properties":{"waterway":"river","name":"Արթիկջուր"},"geometry":{"type":"LineString","coordinates":[[43.9604,40.6191],[43.9596,40.6193]]}},{"type":"Feature","properties":{"waterway":"river","name":"Արթիկջուր"},"geometry":{"type":"LineString","coordinates":[[43.9592,40.6193],[43.958,40.6199]]}},{"type":"Feature","properties":{"waterway":"river","name":"Արթիկջուր"},"geometry":{"type":"LineString","coordinates":[[43.9623,40.6185],[43.9617,40.6186]]}},{"type":"Feature","properties":{"waterway":"river","name":"Արթիկջուր"},"geometry":{"type":"LineString","coordinates":[[43.9292,40.6404],[43.9256,40.6407],[43.9232,40.6381],[43.9205,40.6397]]}},{"type":"Feature","properties":{"waterway":"river","name":"Արթիկջուր"},"geometry":{"type":"LineString","coordinates":[[43.9664,40.6176],[43.9647,40.6177]]}},{"type":"Feature","properties":{"waterway":"canal","name":null},"geometry":{"type":"LineString","coordinates":[[43.9376,40.6357],[43.9364,40.6404],[43.9307,40.6447]]}},{"type":"Feature","properties":{"waterway":"river","name":"Արթիկջուր"},"geometry":{"type":"LineString","coordinates":[[43.961,40.619],[43.9604,40.6191]]}},{"type":"Feature","properties":{"waterway":"river","name":"Արթիկջուր"},"geometry":{"type":"LineString","coordinates":[[43.9617,40.6186],[43.961,40.619]]}},{"type":"Feature","properties":{"waterway":"river","name":"Արթիկջուր"},"geometry":{"type":"LineString","coordinates":[[43.9628,40.6182],[43.9625,40.6183]]}},{"type":"Feature","properties":{"waterway":"river","name":"Արթիկջուր"},"geometry":{"type":"LineString","coordinates":[[43.958,40.6199],[43.9577,40.6199]]}},{"type":"Feature","properties":{"waterway":"river","name":"Արթիկջուր"},"geometry":{"type":"LineString","coordinates":[[43.9625,40.6183],[43.9623,40.6185]]}},{"type":"Feature","properties":{"waterway":"canal","name":null},"geometry":{"type":"LineString","coordinates":[[43.9596,40.6193],[43.9592,40.6193]]}},{"type":"Feature","properties":{"waterway":"river","name":"Արթիկջուր"},"geometry":{"type":"LineString","coordinates":[[43.9642,40.6177],[43.9628,40.6182]]}},{"type":"Feature","properties":{"waterway":"river","name":"Արթիկջուր"},"geometry":{"type":"LineString","coordinates":[[43.9647,40.6177],[43.9642,40.6177]]}},{"type":"Feature","properties":{"waterway":"river","name":null},"geometry":{"type":"LineString","coordinates":[[43.9655,40.626],[43.9423,40.632]]}},{"type":"Feature","properties":{"waterway":"canal","name":null},"geometry":{"type":"LineString","coordinates":[[43.9996,40.5938],[43.9993,40.5937]]}},{"type":"Feature","properties":{"waterway":"river","name":null},"geometry":{"type":"LineString","coordinates":[[43.9991,40.6059],[43.9968,40.6118],[43.9853,40.6183]]}},{"type":"Feature","properties":{"waterway":"canal","name":null},"geometry":{"type":"LineString","coordinates":[[43.9993,40.5937],[43.9969,40.5915]]}},{"type":"Feature","properties":{"waterway":"river","name":"Մեծառու"},"geometry":{"type":"LineString","coordinates":[[44.1748,41.0168],[44.1893,41.0175],[44.2044,41.0257],[44.2182,41.0296],[44.2292,41.0364],[44.2386,41.0482],[44.2486,41.0515],[44.2514,41.0496],[44.2598,41.0538]]}},{"type":"Feature","properties":{"waterway":"canal","name":"Գառնի ջրանցք"},"geometry":{"type":"LineString","coordinates":[[44.7126,40.122],[44.7088,40.12],[44.7072,40.1277]]}},{"type":"Feature","properties":{"waterway":"canal","name":"Դվին ջրանցք"},"geometry":{"type":"LineString","coordinates":[[44.5813,40.0491],[44.5796,40.0449],[44.5829,40.0456]]}},{"type":"Feature","properties":{"waterway":"canal","name":"Դվին ջրանցք"},"geometry":{"type":"LineString","coordinates":[[44.5793,40.0542],[44.5786,40.0529]]}},{"type":"Feature","properties":{"waterway":"canal","name":"Արտաշատ ջրանցք"},"geometry":{"type":"LineString","coordinates":[[44.5657,40.0436],[44.5666,40.0423]]}},{"type":"Feature","properties":{"waterway":"canal","name":"Արտաշատ ջրանցք"},"geometry":{"type":"LineString","coordinates":[[44.5666,40.0423],[44.5765,40.0383],[44.5845,40.0318],[44.5836,40.0279],[44.5967,40.0151],[44.6041,40.0116]]}},{"type":"Feature","properties":{"waterway":"river","name":null},"geometry":{"type":"LineString","coordinates":[[45.0511,39.8406],[45.0444,39.8362]]}},{"type":"Feature","properties":{"waterway":"canal","name":null},"geometry":{"type":"LineString","coordinates":[[45.0551,39.8455],[45.0534,39.8438]]}},{"type":"Feature","properties":{"waterway":"canal","name":null},"geometry":{"type":"LineString","coordinates":[[44.7481,40.4633],[44.7422,40.4605],[44.74,40.4616]]}},{"type":"Feature","properties":{"waterway":"canal","name":"Գառնի ջրանցք"},"geometry":{"type":"LineString","coordinates":[[44.6936,40.1284],[44.6934,40.1274]]}},{"type":"Feature","properties":{"waterway":"canal","name":"Գառնի ջրանցք"},"geometry":{"type":"LineString","coordinates":[[44.6934,40.1274],[44.69,40.1274]]}},{"type":"Feature","properties":{"waterway":"canal","name":"Գառնի ջրանցք"},"geometry":{"type":"LineString","coordinates":[[44.7027,40.1295],[44.7009,40.1286],[44.7013,40.1314],[44.6946,40.1304]]}},{"type":"Feature","properties":{"waterway":"river","name":"Մաստարա"},"geometry":{"type":"LineString","coordinates":[[43.8423,40.252],[43.8611,40.2379],[43.8608,40.2357],[43.869,40.234]]}},{"type":"Feature","properties":{"waterway":"canal","name":null},"geometry":{"type":"LineString","coordinates":[[43.8727,40.1738],[43.8929,40.1731]]}},{"type":"Feature","properties":{"waterway":"canal","name":"Արագածավան-Արտենի"},"geometry":{"type":"LineString","coordinates":[[43.7777,40.229],[43.779,40.2136],[43.7963,40.2035],[43.7958,40.1959],[43.7987,40.1941],[43.804,40.1817],[43.8161,40.1778],[43.8246,40.1793]]}},{"type":"Feature","properties":{"waterway":"river","name":"Akhurian"},"geometry":{"type":"LineString","coordinates":[[43.7439,40.8932],[43.7371,40.8745],[43.7416,40.8734],[43.7488,40.8658],[43.7484,40.8569],[43.7519,40.8515],[43.7508,40.8455],[43.7611,40.8384],[43.7615,40.8237],[43.7715,40.8204],[43.7805,40.8125],[43.792,40.8093]]}},{"type":"Feature","properties":{"waterway":"canal","name":"Շիրակի ջրանցք"},"geometry":{"type":"LineString","coordinates":[[43.8905,40.8444],[43.9097,40.8435]]}},{"type":"Feature","properties":{"waterway":"canal","name":null},"geometry":{"type":"LineString","coordinates":[[44.8972,40.5676],[44.896,40.5682]]}},{"type":"Feature","properties":{"waterway":"river","name":"Գեղի"},"geometry":{"type":"LineString","coordinates":[[46.0562,39.2569],[46.0936,39.2507],[46.1072,39.2442],[46.112,39.2351],[46.1268,39.2271],[46.1416,39.227],[46.1721,39.2201],[46.1865,39.2233],[46.2096,39.2219],[46.2263,39.2181],[46.2404,39.2137],[46.2519,39.2021],[46.2602,39.1987]]}},{"type":"Feature","properties":{"waterway":"canal","name":null},"geometry":{"type":"LineString","coordinates":[[46.3095,39.2217],[46.3105,39.2242]]}},{"type":"Feature","properties":{"waterway":"canal","name":null},"geometry":{"type":"LineString","coordinates":[[46.2577,39.2034],[46.2551,39.2021]]}},{"type":"Feature","properties":{"waterway":"river","name":"Աղստև"},"geometry":{"type":"LineString","coordinates":[[44.635,40.7452],[44.6363,40.7418],[44.6421,40.7381],[44.649,40.7375],[44.6631,40.7297],[44.6942,40.7196],[44.7058,40.7199],[44.7149,40.723],[44.729,40.7171],[44.7357,40.7181],[44.7493,40.7151],[44.7785,40.7158],[44.7841,40.7204],[44.7994,40.7193],[44.8042,40.7241],[44.8117,40.7267],[44.8242,40.7398],[44.853,40.7381],[44.8652,40.7404]]}},{"type":"Feature","properties":{"waterway":"river","name":"Ամբերդ"},"geometry":{"type":"LineString","coordinates":[[44.2355,40.3856],[44.2425,40.3833],[44.2461,40.3762],[44.2455,40.3668],[44.2648,40.3446],[44.2605,40.3344],[44.2548,40.3309],[44.2552,40.3281]]}},{"type":"Feature","properties":{"waterway":"river","name":"Ոսկեպար"},"geometry":{"type":"LineString","coordinates":[[44.8269,41.0011],[44.8435,40.9946],[44.873,40.9994],[44.8761,41.0026],[44.8848,41.0018],[44.8926,41.0069],[44.9007,41.0065],[44.9284,41.0172],[44.9333,41.0161],[44.9395,41.0193],[44.942,41.0234],[44.9543,41.0247],[44.9638,41.0333],[44.9722,41.0365],[44.986,41.0522],[45.0015,41.0522],[45.0129,41.0593],[45.0285,41.063],[45.03,41.0651],[45.0326,41.0636],[45.0467,41.0652],[45.0695,41.0719]]}},{"type":"Feature","properties":{"waterway":"river","name":"Հովաջուր"},"geometry":{"type":"LineString","coordinates":[[44.8587,40.6899],[44.8507,40.6964],[44.8493,40.7095],[44.8513,40.7118]]}},{"type":"Feature","properties":{"waterway":"river","name":"Սառնաջուր"},"geometry":{"type":"LineString","coordinates":[[44.8758,40.9475],[44.889,40.9444],[44.897,40.9309],[44.9067,40.9236],[44.9162,40.9257],[44.9304,40.9212],[44.9514,40.9259],[44.971,40.9179],[44.98,40.9178]]}},{"type":"Feature","properties":{"waterway":"canal","name":null},"geometry":{"type":"LineString","coordinates":[[44.7,40.4554],[44.6964,40.4537],[44.6903,40.4443]]}},{"type":"Feature","properties":{"waterway":"canal","name":null},"geometry":{"type":"LineString","coordinates":[[44.6772,40.4325],[44.6668,40.4185]]}},{"type":"Feature","properties":{"waterway":"canal","name":null},"geometry":{"type":"LineString","coordinates":[[44.7417,40.5007],[44.743,40.4992]]}},{"type":"Feature","properties":{"waterway":"river","name":"Աթան"},"geometry":{"type":"LineString","coordinates":[[44.8751,40.9397],[44.8702,40.9295],[44.867,40.9276],[44.8452,40.9253],[44.8272,40.9349],[44.8155,40.9346],[44.7847,40.9197]]}},{"type":"Feature","properties":{"waterway":"river","name":"Ալարեքս"},"geometry":{"type":"LineString","coordinates":[[44.6874,40.8343],[44.6805,40.8418],[44.6838,40.8509],[44.6731,40.863],[44.6696,40.873],[44.6748,40.905],[44.6686,40.9086],[44.6531,40.9118],[44.6391,40.9239],[44.6277,40.9285]]}},{"type":"Feature","properties":{"waterway":"canal","name":"Կոտայքի ջրանցք"},"geometry":{"type":"LineString","coordinates":[[44.6734,40.3109],[44.6715,40.3067],[44.6781,40.3071],[44.6803,40.2983],[44.676,40.292],[44.6777,40.2863]]}},{"type":"Feature","properties":{"waterway":"canal","name":"Կոտայքի ջրանցք"},"geometry":{"type":"LineString","coordinates":[[44.6313,40.3599],[44.6318,40.3483]]}},{"type":"Feature","properties":{"waterway":"canal","name":"Կոտայքի ջրանցք"},"geometry":{"type":"LineString","coordinates":[[44.6325,40.3434],[44.6319,40.3419]]}},{"type":"Feature","properties":{"waterway":"canal","name":"Կոտայքի ջրանցք"},"geometry":{"type":"LineString","coordinates":[[44.6318,40.3483],[44.6325,40.3434]]}},{"type":"Feature","properties":{"waterway":"canal","name":null},"geometry":{"type":"LineString","coordinates":[[44.0905,40.1649],[44.0862,40.165]]}},{"type":"Feature","properties":{"waterway":"canal","name":null},"geometry":{"type":"LineString","coordinates":[[44.0856,40.165],[44.0814,40.1655],[44.071,40.1608],[44.0545,40.1626],[44.0463,40.169],[44.0473,40.1741],[44.0424,40.178],[44.0424,40.1816]]}},{"type":"Feature","properties":{"waterway":"canal","name":null},"geometry":{"type":"LineString","coordinates":[[44.0862,40.165],[44.0856,40.165]]}},{"type":"Feature","properties":{"waterway":"canal","name":null},"geometry":{"type":"LineString","coordinates":[[44.1846,40.112],[44.1605,40.1147]]}},{"type":"Feature","properties":{"waterway":"canal","name":null},"geometry":{"type":"LineString","coordinates":[[44.0538,40.0993],[44.0845,40.1101]]}},{"type":"Feature","properties":{"waterway":"canal","name":"Արզնի Շամիրամ ջրանցք"},"geometry":{"type":"LineString","coordinates":[[44.191,40.3028],[44.1788,40.2969],[44.1749,40.3001]]}},{"type":"Feature","properties":{"waterway":"canal","name":"Ստորին Հրազդանի ջրանցք"},"geometry":{"type":"LineString","coordinates":[[44.2814,40.2385],[44.2781,40.2381]]}},{"type":"Feature","properties":{"waterway":"canal","name":"Արզնի Շամիրամ ջրանցք"},"geometry":{"type":"LineString","coordinates":[[44.1642,40.3033],[44.1636,40.3034]]}},{"type":"Feature","properties":{"waterway":"canal","name":"Արզնի Շամիրամ ջրանցք"},"geometry":{"type":"LineString","coordinates":[[44.1636,40.3034],[44.1577,40.3054],[44.152,40.3035],[44.1442,40.3049]]}},{"type":"Feature","properties":{"waterway":"canal","name":null},"geometry":{"type":"LineString","coordinates":[[44.905,41.2055],[44.9019,41.2115],[44.8962,41.2157]]}},{"type":"Feature","properties":{"waterway":"canal","name":null},"geometry":{"type":"LineString","coordinates":[[44.6847,40.4389],[44.6772,40.4325]]}},{"type":"Feature","properties":{"waterway":"canal","name":null},"geometry":{"type":"LineString","coordinates":[[44.6903,40.4443],[44.6847,40.4389]]}},{"type":"Feature","properties":{"waterway":"canal","name":null},"geometry":{"type":"LineString","coordinates":[[44.7437,40.4983],[44.738,40.4703],[44.7199,40.4632]]}},{"type":"Feature","properties":{"waterway":"canal","name":null},"geometry":{"type":"LineString","coordinates":[[45.1278,40.35],[45.1381,40.3506]]}},{"type":"Feature","properties":{"waterway":"river","name":null},"geometry":{"type":"LineString","coordinates":[[44.4402,40.454],[44.4404,40.4533]]}},{"type":"Feature","properties":{"waterway":"river","name":"Դեղին"},"geometry":{"type":"LineString","coordinates":[[44.1467,40.9704],[44.1631,40.9675],[44.1729,40.9699],[44.1823,40.9666],[44.2132,40.968],[44.2258,40.9648],[44.236,40.9684],[44.2605,40.9692],[44.2655,40.9719]]}},{"type":"Feature","properties":{"waterway":"canal","name":null},"geometry":{"type":"LineString","coordinates":[[44.1019,40.5676],[44.0989,40.5696]]}},{"type":"Feature","properties":{"waterway":"river","name":null},"geometry":{"type":"LineString","coordinates":[[44.8116,40.1628],[44.7949,40.1582],[44.7871,40.1525],[44.766,40.1539],[44.754,40.1489],[44.7504,40.1443],[44.7398,40.1384],[44.7349,40.1274],[44.7288,40.1227]]}},{"type":"Feature","properties":{"waterway":"river","name":"Մասրիկ"},"geometry":{"type":"LineString","coordinates":[[45.805,40.2042],[45.8014,40.2072],[45.7942,40.2047],[45.7884,40.2082],[45.7778,40.2077],[45.7619,40.2167],[45.7444,40.2179],[45.7376,40.2151],[45.7389,40.2142],[45.734,40.2102],[45.7276,40.2088],[45.7022,40.2136],[45.6584,40.2165],[45.6394,40.2234]]}},{"type":"Feature","properties":{"waterway":"river","name":"Սոթք"},"geometry":{"type":"LineString","coordinates":[[45.9464,40.2217],[45.9392,40.2112],[45.9318,40.2121],[45.9225,40.2053],[45.8915,40.1983],[45.8885,40.1955],[45.8741,40.1982]]}},{"type":"Feature","properties":{"waterway":"river","name":"Գետիկ"},"geometry":{"type":"LineString","coordinates":[[45.1993,40.676],[45.1691,40.6784],[45.1632,40.6836],[45.1487,40.6872],[45.13,40.6862],[45.11,40.6962],[45.1025,40.704],[45.1018,40.7101],[45.0903,40.722],[45.0764,40.7253],[45.056,40.7213],[45.034,40.7378],[45.027,40.739],[45.0218,40.7502],[45.0194,40.7662]]}},{"type":"Feature","properties":{"waterway":"river","name":"Սևջուր"},"geometry":{"type":"LineString","coordinates":[[44.2984,41.0164],[44.3058,41.0189],[44.31,41.0163],[44.3295,41.0173],[44.3485,41.0111],[44.3586,41.0108],[44.3648,41.0136],[44.3681,41.0093],[44.3777,41.0126]]}},{"type":"Feature","properties":{"waterway":"river","name":"Չքնաղ"},"geometry":{"type":"LineString","coordinates":[[44.3622,40.9094],[44.3384,40.9157],[44.3255,40.9235],[44.3182,40.9341],[44.2988,40.9409],[44.2886,40.948],[44.2787,40.9514],[44.2749,40.9552],[44.2724,40.9639]]}},{"type":"Feature","properties":{"waterway":"river","name":"Խնձորուտ"},"geometry":{"type":"LineString","coordinates":[[45.3902,40.7718],[45.3902,40.7775],[45.3993,40.7849],[45.408,40.7861],[45.4158,40.7938],[45.4414,40.802],[45.4471,40.807],[45.4647,40.8088],[45.4695,40.8148],[45.4948,40.8217],[45.4983,40.8217],[45.5041,40.817],[45.5095,40.8169]]}},{"type":"Feature","properties":{"waterway":"river","name":"մթնաձոր"},"geometry":{"type":"LineString","coordinates":[[45.0301,40.9339],[45.0396,40.9312],[45.0566,40.9306],[45.0702,40.934],[45.077,40.9405],[45.0827,40.9407],[45.1033,40.9363],[45.1271,40.9267],[45.1324,40.9277],[45.131,40.9302],[45.1434,40.9353],[45.1577,40.9316]]}},{"type":"Feature","properties":{"waterway":"river","name":"Մարմարիկ"},"geometry":{"type":"LineString","coordinates":[[44.4574,40.6737],[44.4754,40.6519],[44.4792,40.6412],[44.4843,40.6354],[44.489,40.6346],[44.5109,40.6394],[44.5357,40.6284],[44.5462,40.6303],[44.5614,40.6229]]}},{"type":"Feature","properties":{"waterway":"river","name":"Ծաղկաձոր"},"geometry":{"type":"LineString","coordinates":[[44.6913,40.5243],[44.7015,40.5265],[44.7067,40.5331]]}},{"type":"Feature","properties":{"waterway":"river","name":null},"geometry":{"type":"LineString","coordinates":[[44.1072,40.9889],[44.1112,40.992],[44.1127,40.9982],[44.124,41.0061],[44.1228,41.0096],[44.1262,41.0164],[44.1272,41.0271]]}},{"type":"Feature","properties":{"waterway":"river","name":"Ծախկամարե"},"geometry":{"type":"LineString","coordinates":[[44.5608,40.6883],[44.5523,40.6818],[44.5443,40.6696],[44.5435,40.6636],[44.5325,40.658],[44.5267,40.65],[44.5287,40.6441],[44.5368,40.639],[44.5441,40.6307]]}},{"type":"Feature","properties":{"waterway":"river","name":"Մեղրաձոր"},"geometry":{"type":"LineString","coordinates":[[44.6122,40.6723],[44.6074,40.6619],[44.614,40.6567],[44.6471,40.6455],[44.6464,40.64],[44.6497,40.6361],[44.6696,40.6336],[44.6727,40.63],[44.6716,40.6229],[44.6631,40.6168],[44.6554,40.6038],[44.6558,40.5944]]}},{"type":"Feature","properties":{"waterway":"river","name":null},"geometry":{"type":"LineString","coordinates":[[44.7763,40.6368],[44.7422,40.6446],[44.7143,40.6344],[44.71,40.6296],[44.6891,40.6264],[44.6713,40.6201]]}},{"type":"Feature","properties":{"waterway":"river","name":"Ծար"},"geometry":{"type":"LineString","coordinates":[[44.5801,40.5494],[44.5712,40.5532],[44.5659,40.5607],[44.5669,40.5665],[44.5745,40.5702],[44.576,40.576],[44.5736,40.5793],[44.6012,40.5955],[44.6103,40.5985],[44.6145,40.6032]]}},{"type":"Feature","properties":{"waterway":"river","name":"Փամբակ"},"geometry":{"type":"LineString","coordinates":[[44.2821,40.8299],[44.319,40.835],[44.322,40.8328],[44.324,40.8349],[44.3343,40.8355],[44.3405,40.8394],[44.3495,40.8398],[44.3749,40.8469],[44.3934,40.8451],[44.3997,40.8481],[44.4212,40.8444],[44.4377,40.8293],[44.4848,40.8202],[44.5048,40.8138],[44.5198,40.8162],[44.5323,40.8124],[44.5384,40.8132],[44.5462,40.8173],[44.5485,40.825],[44.5554,40.8259],[44.5748,40.8443],[44.5766,40.853],[44.5834,40.8596],[44.5867,40.8708],[44.5895,40.8718],[44.5895,40.8786],[44.5865,40.8845],[44.5987,40.8858],[44.6024,40.8896],[44.6134,40.8938],[44.6215,40.9015],[44.6188,40.9045],[44.6209,40.9065],[44.6197,40.9136],[44.6243,40.9255],[44.6277,40.9282],[44.6325,40.9577]]}},{"type":"Feature","properties":{"waterway":"river","name":"Չիչկան"},"geometry":{"type":"LineString","coordinates":[[43.9713,40.9426],[43.9938,40.9292],[43.9996,40.9281]]}},{"type":"Feature","properties":{"waterway":"river","name":"Բազումթառ"},"geometry":{"type":"LineString","coordinates":[[44.3781,40.9158],[44.3964,40.9164],[44.4108,40.9067],[44.4283,40.9014]]}},{"type":"Feature","properties":{"waterway":"river","name":"Օձիձոր"},"geometry":{"type":"LineString","coordinates":[[44.3069,40.9048],[44.3041,40.909],[44.2978,40.9082],[44.2874,40.8942],[44.2793,40.8945],[44.2744,40.8905],[44.2746,40.8814],[44.2719,40.8743],[44.2751,40.8646]]}},{"type":"Feature","properties":{"waterway":"river","name":"Ծաղկառու"},"geometry":{"type":"LineString","coordinates":[[44.0917,40.7545],[44.0973,40.7604],[44.1003,40.7715],[44.1051,40.7753],[44.1023,40.7811],[44.1011,40.7969]]}},{"type":"Feature","properties":{"waterway":"river","name":"Որդնավ"},"geometry":{"type":"LineString","coordinates":[[44.2217,40.8065],[44.2332,40.8139],[44.2446,40.8152],[44.2538,40.8197],[44.2588,40.8244],[44.261,40.823],[44.269,40.828],[44.2821,40.8299]]}},{"type":"Feature","properties":{"waterway":"canal","name":null},"geometry":{"type":"LineString","coordinates":[[43.9246,40.6429],[43.9198,40.6456]]}},{"type":"Feature","properties":{"waterway":"river","name":"Հրազդան"},"geometry":{"type":"LineString","coordinates":[[44.4721,40.1552],[44.4694,40.1496],[44.4657,40.149],[44.4568,40.1524],[44.4544,40.1556],[44.4448,40.155]]}},{"type":"Feature","properties":{"waterway":"canal","name":"Էջմիածնի ջրանցք"},"geometry":{"type":"LineString","coordinates":[[44.4713,40.1555],[44.4688,40.1503],[44.4654,40.1496],[44.4546,40.1559],[44.4422,40.1559]]}},{"type":"Feature","properties":{"waterway":"canal","name":"Որոտան-Արփա Ջրանցք"},"geometry":{"type":"LineString","coordinates":[[45.6583,39.7876],[45.6581,39.7897]]}},{"type":"Feature","properties":{"waterway":"canal","name":"Որոտան-Արփա Թունել"},"geometry":{"type":"LineString","coordinates":[[45.6581,39.7897],[45.658,39.79]]}},{"type":"Feature","properties":{"waterway":"canal","name":"Որոտան-Արփա Թունել"},"geometry":{"type":"LineString","coordinates":[[45.658,39.79],[45.6576,39.7938]]}},{"type":"Feature","properties":{"waterway":"river","name":"Արթիկջուր"},"geometry":{"type":"LineString","coordinates":[[43.967,40.6174],[43.9668,40.6176]]}},{"type":"Feature","properties":{"waterway":"river","name":null},"geometry":{"type":"LineString","coordinates":[[44.2709,40.0767],[44.2581,40.082],[44.2497,40.0791],[44.2501,40.0833],[44.2462,40.0903]]}},{"type":"Feature","properties":{"waterway":"river","name":"Սևջուր"},"geometry":{"type":"LineString","coordinates":[[44.3269,40.0464],[44.3278,40.048]]}},{"type":"Feature","properties":{"waterway":"river","name":"Սևջուր"},"geometry":{"type":"LineString","coordinates":[[44.3088,40.0568],[44.3101,40.056]]}},{"type":"Feature","properties":{"waterway":"river","name":"Արփա"},"geometry":{"type":"LineString","coordinates":[[45.2786,39.7354],[45.2757,39.7341]]}},{"type":"Feature","properties":{"waterway":"canal","name":null},"geometry":{"type":"LineString","coordinates":[[44.7894,40.2683],[44.7874,40.2657]]}},{"type":"Feature","properties":{"waterway":"river","name":"Ազատ"},"geometry":{"type":"LineString","coordinates":[[44.9878,40.1293],[44.9811,40.1225],[44.9651,40.1175],[44.9586,40.1086],[44.9225,40.0878],[44.9148,40.0706],[44.8932,40.0598],[44.8839,40.0575],[44.8742,40.06],[44.8669,40.0678],[44.8507,40.0719],[44.8401,40.072],[44.8331,40.0667],[44.8224,40.0672],[44.7722,40.0943],[44.7639,40.0966],[44.7502,40.1095],[44.7438,40.112],[44.734,40.1114],[44.7318,40.1087],[44.726,40.1111],[44.7222,40.1073],[44.7082,40.1071],[44.7003,40.1096],[44.6921,40.1058],[44.688,40.1062],[44.6726,40.1009],[44.6371,40.0759],[44.5984,40.0642]]}},{"type":"Feature","properties":{"waterway":"river","name":"Արծվանիստ"},"geometry":{"type":"LineString","coordinates":[[45.5226,40.1135],[45.5224,40.1336],[45.5151,40.1465],[45.5097,40.1505]]}},{"type":"Feature","properties":{"waterway":"river","name":"Խաչբուլաղ"},"geometry":{"type":"LineString","coordinates":[[44.8842,40.8752],[44.8884,40.8778],[44.8893,40.8826],[44.8996,40.8866],[44.912,40.8818],[44.9653,40.8772],[44.9703,40.8801],[44.986,40.8815],[44.9921,40.8857],[45.0094,40.8849],[45.0222,40.8869],[45.0337,40.8996]]}},{"type":"Feature","properties":{"waterway":"river","name":"Աղստև"},"geometry":{"type":"LineString","coordinates":[[44.8652,40.7404],[44.8662,40.7403]]}},{"type":"Feature","properties":{"waterway":"river","name":"Աղստև"},"geometry":{"type":"LineString","coordinates":[[45.0194,40.7662],[45.0234,40.768],[45.0264,40.7746],[45.0347,40.7739],[45.0522,40.7812],[45.0571,40.7852],[45.0596,40.7927],[45.0703,40.7974],[45.0702,40.8015],[45.0797,40.8064],[45.0832,40.8113],[45.0935,40.8118],[45.1129,40.8243],[45.1179,40.8461],[45.1222,40.8498],[45.1202,40.8525],[45.1211,40.8586],[45.1321,40.8623],[45.1417,40.87],[45.1428,40.8772],[45.1513,40.8893],[45.1495,40.8936],[45.1562,40.8979],[45.1609,40.9051],[45.1542,40.9291],[45.1617,40.931],[45.1648,40.9374],[45.1629,40.9438],[45.1656,40.951],[45.1786,40.9655],[45.1884,40.9727],[45.1901,40.979],[45.1865,40.9848],[45.219,41.0011],[45.2288,41.0148],[45.244,41.0259],[45.2528,41.0371],[45.2582,41.0397]]}},{"type":"Feature","properties":{"waterway":"river","name":"Արծվանիստ"},"geometry":{"type":"LineString","coordinates":[[45.5414,40.0298],[45.5434,40.0351],[45.5367,40.0529],[45.544,40.067],[45.5355,40.0791],[45.5218,40.0833],[45.5205,40.0914]]}},{"type":"Feature","properties":{"waterway":"canal","name":null},"geometry":{"type":"LineString","coordinates":[[45.2367,39.7989],[45.2381,39.7982]]}},{"type":"Feature","properties":{"waterway":"river","name":"Շիկահող"},"geometry":{"type":"LineString","coordinates":[[46.406,39.0921],[46.4075,39.0896],[46.4197,39.0864],[46.4323,39.0773],[46.4367,39.0794],[46.4482,39.0793],[46.4576,39.0843],[46.4645,39.0925],[46.4734,39.0956],[46.484,39.0934],[46.4923,39.0946],[46.5038,39.0886],[46.5086,39.0892],[46.526,39.0719]]}},{"type":"Feature","properties":{"waterway":"river","name":"Նազարխանա"},"geometry":{"type":"LineString","coordinates":[[45.074,40.0539],[45.0852,40.0533],[45.0945,40.0468],[45.106,40.0453],[45.1141,40.0413],[45.1363,40.0465],[45.1416,40.0505],[45.1475,40.0498],[45.1611,40.0388],[45.1603,40.0348],[45.1672,40.0346],[45.1694,40.0301],[45.1762,40.0281],[45.1811,40.0298],[45.1847,40.0272],[45.1842,40.0288],[45.1874,40.029],[45.1882,40.0254],[45.1928,40.0246],[45.1896,40.0212],[45.1935,40.0212],[45.1962,40.0177]]}},{"type":"Feature","properties":{"waterway":"river","name":"Փշոնք"},"geometry":{"type":"LineString","coordinates":[[45.4812,39.6019],[45.4832,39.6075],[45.4946,39.6126],[45.5076,39.6252],[45.5062,39.6296],[45.5103,39.6354],[45.508,39.6566],[45.5105,39.6624],[45.5067,39.6722],[45.5086,39.678],[45.5038,39.6821]]}},{"type":"Feature","properties":{"waterway":"river","name":null},"geometry":{"type":"LineString","coordinates":[[44.0331,40.655],[44.0297,40.6571]]}},{"type":"Feature","properties":{"waterway":"river","name":"Արթիկջուր"},"geometry":{"type":"LineString","coordinates":[[43.9679,40.6173],[43.9677,40.6173]]}},{"type":"Feature","properties":{"waterway":"river","name":"Արթիկջուր"},"geometry":{"type":"LineString","coordinates":[[43.9675,40.6173],[43.9671,40.6174]]}},{"type":"Feature","properties":{"waterway":"river","name":"Արթիկջուր"},"geometry":{"type":"LineString","coordinates":[[43.9555,40.6211],[43.9434,40.624],[43.9421,40.6326],[43.9292,40.6404]]}},{"type":"Feature","properties":{"waterway":"canal","name":null},"geometry":{"type":"LineString","coordinates":[[43.7498,40.6257],[43.7456,40.6229],[43.7432,40.6166]]}},{"type":"Feature","properties":{"waterway":"river","name":"Ջիլ"},"geometry":{"type":"LineString","coordinates":[[45.4766,40.4737],[45.4676,40.4715],[45.4588,40.457],[45.4525,40.4533],[45.4369,40.4531],[45.4273,40.4555],[45.4199,40.4541]]}},{"type":"Feature","properties":{"waterway":"river","name":"Վարարակ"},"geometry":{"type":"LineString","coordinates":[[46.3334,39.5189],[46.3363,39.5175]]}},{"type":"Feature","properties":{"waterway":"river","name":"Վարարակ"},"geometry":{"type":"LineString","coordinates":[[46.3329,39.5192],[46.3334,39.5189]]}},{"type":"Feature","properties":{"waterway":"river","name":"Վարարակ"},"geometry":{"type":"LineString","coordinates":[[46.3363,39.5175],[46.337,39.5172]]}},{"type":"Feature","properties":{"waterway":"river","name":"Վարարակ"},"geometry":{"type":"LineString","coordinates":[[46.3481,39.5016],[46.3469,39.499],[46.3507,39.4906],[46.3632,39.481],[46.3657,39.4643],[46.3828,39.4464],[46.3912,39.4452]]}},{"type":"Feature","properties":{"waterway":"canal","name":null},"geometry":{"type":"LineString","coordinates":[[46.4025,39.4658],[46.3994,39.4668]]}},{"type":"Feature","properties":{"waterway":"canal","name":null},"geometry":{"type":"LineString","coordinates":[[46.3994,39.4674],[46.3974,39.466]]}},{"type":"Feature","properties":{"waterway":"canal","name":null},"geometry":{"type":"LineString","coordinates":[[46.4106,39.4696],[46.4091,39.4664]]}},{"type":"Feature","properties":{"waterway":"canal","name":null},"geometry":{"type":"LineString","coordinates":[[46.3974,39.466],[46.3888,39.4619]]}},{"type":"Feature","properties":{"waterway":"canal","name":null},"geometry":{"type":"LineString","coordinates":[[46.4037,39.4658],[46.4025,39.4658]]}},{"type":"Feature","properties":{"waterway":"canal","name":null},"geometry":{"type":"LineString","coordinates":[[46.3994,39.4668],[46.3994,39.4674]]}},{"type":"Feature","properties":{"waterway":"canal","name":null},"geometry":{"type":"LineString","coordinates":[[46.4091,39.4664],[46.4037,39.4658]]}},{"type":"Feature","properties":{"waterway":"river","name":"Կարկաչան"},"geometry":{"type":"LineString","coordinates":[[43.8418,40.6967],[43.8414,40.697]]}},{"type":"Feature","properties":{"waterway":"river","name":"Կարկաչան"},"geometry":{"type":"LineString","coordinates":[[43.8577,40.6717],[43.8532,40.6768],[43.8516,40.6861],[43.8418,40.6967]]}},{"type":"Feature","properties":{"waterway":"river","name":"Կարկաչան"},"geometry":{"type":"LineString","coordinates":[[43.8414,40.697],[43.841,40.6972]]}},{"type":"Feature","properties":{"waterway":"canal","name":null},"geometry":{"type":"LineString","coordinates":[[43.838,40.708],[43.8404,40.7103]]}},{"type":"Feature","properties":{"waterway":"canal","name":null},"geometry":{"type":"LineString","coordinates":[[43.8404,40.7103],[43.8408,40.7104]]}},{"type":"Feature","properties":{"waterway":"canal","name":null},"geometry":{"type":"LineString","coordinates":[[43.8408,40.7104],[43.8414,40.7105]]}},{"type":"Feature","properties":{"waterway":"canal","name":null},"geometry":{"type":"LineString","coordinates":[[43.8396,40.7062],[43.838,40.7079]]}},{"type":"Feature","properties":{"waterway":"canal","name":null},"geometry":{"type":"LineString","coordinates":[[43.838,40.7079],[43.838,40.708]]}},{"type":"Feature","properties":{"waterway":"river","name":"Վանաձոր"},"geometry":{"type":"LineString","coordinates":[[44.4924,40.7988],[44.4989,40.8043]]}},{"type":"Feature","properties":{"waterway":"river","name":"Վանաձոր"},"geometry":{"type":"LineString","coordinates":[[44.4922,40.7986],[44.4924,40.7988]]}},{"type":"Feature","properties":{"waterway":"canal","name":null},"geometry":{"type":"LineString","coordinates":[[43.8853,40.8429],[43.8828,40.8426]]}},{"type":"Feature","properties":{"waterway":"canal","name":null},"geometry":{"type":"LineString","coordinates":[[44.814,40.5143],[44.7947,40.5134]]}},{"type":"Feature","properties":{"waterway":"canal","name":null},"geometry":{"type":"LineString","coordinates":[[44.8147,40.5142],[44.814,40.5143]]}},{"type":"Feature","properties":{"waterway":"river","name":"Մեղրի"},"geometry":{"type":"LineString","coordinates":[[46.2118,38.9585],[46.2096,38.9534],[46.2154,38.9414]]}},{"type":"Feature","properties":{"waterway":"river","name":null},"geometry":{"type":"LineString","coordinates":[[46.3729,38.9283],[46.3752,38.9258],[46.3742,38.917],[46.3692,38.9126]]}},{"type":"Feature","properties":{"waterway":"river","name":null},"geometry":{"type":"LineString","coordinates":[[43.8363,40.8049],[43.8365,40.8042]]}},{"type":"Feature","properties":{"waterway":"river","name":null},"geometry":{"type":"LineString","coordinates":[[43.8353,40.807],[43.8354,40.8068]]}},{"type":"Feature","properties":{"waterway":"river","name":"Կումայրի"},"geometry":{"type":"LineString","coordinates":[[43.8356,40.8093],[43.8353,40.807]]}},{"type":"Feature","properties":{"waterway":"river","name":null},"geometry":{"type":"LineString","coordinates":[[43.8354,40.8068],[43.8363,40.8049]]}},{"type":"Feature","properties":{"waterway":"canal","name":null},"geometry":{"type":"LineString","coordinates":[[46.2537,39.2013],[46.251,39.1998]]}},{"type":"Feature","properties":{"waterway":"river","name":null},"geometry":{"type":"LineString","coordinates":[[43.9657,40.626],[43.9655,40.626]]}},{"type":"Feature","properties":{"waterway":"river","name":"Մեղրի"},"geometry":{"type":"LineString","coordinates":[[46.2441,38.9008],[46.2613,38.8885],[46.267,38.8887]]}},{"type":"Feature","properties":{"waterway":"river","name":"Հրազդան"},"geometry":{"type":"LineString","coordinates":[[44.896,40.5682],[44.8887,40.5715],[44.8727,40.5709],[44.8626,40.5738],[44.8507,40.572],[44.8416,40.5779],[44.8295,40.5693],[44.8166,40.566],[44.8077,40.5665],[44.8027,40.5626],[44.7872,40.5658],[44.7774,40.5609],[44.7742,40.5651],[44.7708,40.5652],[44.7656,40.5625],[44.7664,40.5598],[44.7631,40.5607],[44.7601,40.5532],[44.7555,40.5494],[44.7574,40.5436]]}},{"type":"Feature","properties":{"waterway":"river","name":"Ծաղկաձոր"},"geometry":{"type":"LineString","coordinates":[[44.7603,40.5374],[44.7606,40.5374]]}},{"type":"Feature","properties":{"waterway":"canal","name":null},"geometry":{"type":"LineString","coordinates":[[44.743,40.4992],[44.743,40.4991]]}},{"type":"Feature","properties":{"waterway":"canal","name":null},"geometry":{"type":"LineString","coordinates":[[44.74,40.4616],[44.7399,40.4617]]}},{"type":"Feature","properties":{"waterway":"river","name":"Ծաղկաձոր"},"geometry":{"type":"LineString","coordinates":[[44.7169,40.5364],[44.7174,40.5364]]}},{"type":"Feature","properties":{"waterway":"river","name":"Ծաղկաձոր"},"geometry":{"type":"LineString","coordinates":[[44.7576,40.5368],[44.7578,40.5369]]}},{"type":"Feature","properties":{"waterway":"river","name":null},"geometry":{"type":"LineString","coordinates":[[44.9247,40.5523],[44.9245,40.5524]]}},{"type":"Feature","properties":{"waterway":"canal","name":null},"geometry":{"type":"LineString","coordinates":[[44.743,40.4991],[44.7437,40.4983]]}},{"type":"Feature","properties":{"waterway":"river","name":"Ծաղկաձոր"},"geometry":{"type":"LineString","coordinates":[[44.7477,40.5349],[44.7478,40.5349]]}},{"type":"Feature","properties":{"waterway":"river","name":"Ծաղկաձոր"},"geometry":{"type":"LineString","coordinates":[[44.7478,40.5349],[44.7576,40.5368]]}},{"type":"Feature","properties":{"waterway":"river","name":"Ծաղկաձոր"},"geometry":{"type":"LineString","coordinates":[[44.7606,40.5374],[44.7622,40.5377]]}},{"type":"Feature","properties":{"waterway":"river","name":"Ծաղկաձոր"},"geometry":{"type":"LineString","coordinates":[[44.731,40.5359],[44.7477,40.5349]]}},{"type":"Feature","properties":{"waterway":"canal","name":null},"geometry":{"type":"LineString","coordinates":[[44.7399,40.4617],[44.7349,40.4593],[44.735,40.4559],[44.7217,40.4525]]}},{"type":"Feature","properties":{"waterway":"river","name":null},"geometry":{"type":"LineString","coordinates":[[44.9245,40.5524],[44.9223,40.5532]]}},{"type":"Feature","properties":{"waterway":"river","name":"Ծաղկաձոր"},"geometry":{"type":"LineString","coordinates":[[44.7578,40.5369],[44.7603,40.5374]]}},{"type":"Feature","properties":{"waterway":"canal","name":"Ստորին Հրազդանի ջրանցք"},"geometry":{"type":"LineString","coordinates":[[44.4593,40.175],[44.4591,40.175]]}},{"type":"Feature","properties":{"waterway":"canal","name":"Ստորին Հրազդանի ջրանցք"},"geometry":{"type":"LineString","coordinates":[[44.4591,40.175],[44.4584,40.1751]]}},{"type":"Feature","properties":{"waterway":"canal","name":"Ստորին Հրազդանի ջրանցք"},"geometry":{"type":"LineString","coordinates":[[44.4604,40.1747],[44.4602,40.1748]]}},{"type":"Feature","properties":{"waterway":"canal","name":"Ստորին Հրազդանի ջրանցք"},"geometry":{"type":"LineString","coordinates":[[44.4602,40.1748],[44.4593,40.175]]}},{"type":"Feature","properties":{"waterway":"canal","name":"Ստորին Հրազդանի ջրանցք"},"geometry":{"type":"LineString","coordinates":[[44.4572,40.1754],[44.4517,40.1805],[44.4525,40.184]]}},{"type":"Feature","properties":{"waterway":"canal","name":"Ստորին Հրազդանի ջրանցք"},"geometry":{"type":"LineString","coordinates":[[44.449,40.1844],[44.4488,40.1846]]}},{"type":"Feature","properties":{"waterway":"river","name":"Քասաղ"},"geometry":{"type":"LineString","coordinates":[[44.329,40.2637],[44.3302,40.2602],[44.3202,40.2546],[44.3112,40.2581],[44.3055,40.2535],[44.2964,40.2563]]}},{"type":"Feature","properties":{"waterway":"river","name":"Վարագաջուր"},"geometry":{"type":"LineString","coordinates":[[45.2741,40.8454],[45.2776,40.8543],[45.2819,40.8575],[45.2809,40.8604],[45.2867,40.8663],[45.284,40.8781],[45.2872,40.8795],[45.285,40.8818],[45.2856,40.8854],[45.2894,40.8892],[45.2872,40.8982],[45.2935,40.9074],[45.3014,40.9137],[45.3094,40.9133],[45.3171,40.9188],[45.3214,40.9192],[45.324,40.9234],[45.3189,40.928],[45.3202,40.9305],[45.3477,40.9433],[45.3515,40.948],[45.359,40.9506],[45.3741,40.9615]]}},{"type":"Feature","properties":{"waterway":"canal","name":"Արտաշատի ջրանցք"},"geometry":{"type":"LineString","coordinates":[[44.5039,40.1637],[44.5127,40.1623],[44.513,40.1604]]}},{"type":"Feature","properties":{"waterway":"river","name":"Գոգարան"},"geometry":{"type":"LineString","coordinates":[[44.2312,40.9137],[44.2238,40.9075],[44.2208,40.8965],[44.2108,40.8869],[44.2134,40.8789],[44.2188,40.8734]]}},{"type":"Feature","properties":{"waterway":"canal","name":"Շիրակամուտ"},"geometry":{"type":"LineString","coordinates":[[44.1531,40.8696],[44.1542,40.8663],[44.1579,40.8652],[44.1578,40.8624],[44.1516,40.8594],[44.1427,40.8596],[44.1416,40.8567],[44.1368,40.8592],[44.128,40.8566],[44.1232,40.8612],[44.1144,40.8601]]}},{"type":"Feature","properties":{"waterway":"river","name":"Հողմաջուր"},"geometry":{"type":"LineString","coordinates":[[43.9603,40.9527],[43.9427,40.9513],[43.9257,40.9447],[43.9027,40.9426],[43.8962,40.9384],[43.8838,40.939],[43.877,40.9291],[43.87,40.9244],[43.8534,40.9247]]}},{"type":"Feature","properties":{"waterway":"river","name":"Շենավան"},"geometry":{"type":"LineString","coordinates":[[44.2744,40.9088],[44.2739,40.9034],[44.2711,40.9004],[44.2507,40.903],[44.2466,40.8966],[44.2486,40.8832],[44.2458,40.8746]]}},{"type":"Feature","properties":{"waterway":"canal","name":null},"geometry":{"type":"LineString","coordinates":[[44.3522,40.1548],[44.3527,40.1548]]}},{"type":"Feature","properties":{"waterway":"canal","name":null},"geometry":{"type":"LineString","coordinates":[[44.3051,40.1371],[44.3022,40.1373],[44.3033,40.1436],[44.3161,40.1511]]}},{"type":"Feature","properties":{"waterway":"canal","name":null},"geometry":{"type":"LineString","coordinates":[[44.3161,40.1511],[44.3162,40.1512]]}},{"type":"Feature","properties":{"waterway":"river","name":"Արագետ"},"geometry":{"type":"LineString","coordinates":[[44.5675,40.4778],[44.5261,40.4492]]}},{"type":"Feature","properties":{"waterway":"river","name":"Մարտունի"},"geometry":{"type":"LineString","coordinates":[[45.314,40.073],[45.2917,40.0788],[45.2822,40.0985],[45.2831,40.1106],[45.2872,40.1232],[45.296,40.1373],[45.3006,40.155],[45.306,40.162]]}},{"type":"Feature","properties":{"waterway":"river","name":"Ծակքար"},"geometry":{"type":"LineString","coordinates":[[45.0284,40.0776],[45.0516,40.0776],[45.057,40.0702],[45.0605,40.0709],[45.0628,40.0662],[45.0796,40.0655],[45.1069,40.0711],[45.1157,40.0758],[45.1272,40.0733],[45.1393,40.0789],[45.1578,40.0832],[45.1612,40.0869],[45.1657,40.0875],[45.1677,40.0939],[45.1737,40.0974],[45.1761,40.1159],[45.1781,40.1194],[45.1815,40.1198],[45.1808,40.1235],[45.1841,40.1281],[45.1892,40.1299],[45.19,40.1333],[45.1969,40.1375],[45.216,40.164],[45.2214,40.1691],[45.2248,40.1693],[45.228,40.1793],[45.2333,40.1839],[45.2298,40.1861],[45.2407,40.1896]]}},{"type":"Feature","properties":{"waterway":"canal","name":"Գնդեվազյան"},"geometry":{"type":"LineString","coordinates":[[45.6465,39.7651],[45.6439,39.7619]]}},{"type":"Feature","properties":{"waterway":"canal","name":"Գնդեվազյան"},"geometry":{"type":"LineString","coordinates":[[45.7236,39.779],[45.718,39.783],[45.7138,39.7807],[45.7121,39.7845],[45.7106,39.7819],[45.7081,39.7863],[45.7054,39.7863],[45.689,39.7823],[45.6862,39.7788],[45.6805,39.7795],[45.6806,39.7762],[45.675,39.7722],[45.6652,39.7718],[45.6569,39.7638],[45.6443,39.7654]]}},{"type":"Feature","properties":{"waterway":"river","name":"Մարտունի"},"geometry":{"type":"LineString","coordinates":[[45.3922,39.9662],[45.3857,39.9734],[45.3874,39.9823],[45.3579,40.002],[45.3576,40.0147],[45.3499,40.0329],[45.3503,40.0427],[45.3424,40.0586],[45.3375,40.0628],[45.3237,40.0659],[45.314,40.073]]}},{"type":"Feature","properties":{"waterway":"canal","name":"Լոռվա ջրանցք"},"geometry":{"type":"LineString","coordinates":[[44.4537,41.0184],[44.4549,41.0179]]}},{"type":"Feature","properties":{"waterway":"canal","name":"Լոռվա ջրանցք"},"geometry":{"type":"LineString","coordinates":[[44.4549,41.0179],[44.4626,41.0153],[44.4725,41.0185]]}},{"type":"Feature","properties":{"waterway":"canal","name":null},"geometry":{"type":"LineString","coordinates":[[44.5519,40.2659],[44.5359,40.2678],[44.5322,40.2618]]}},{"type":"Feature","properties":{"waterway":"canal","name":"Ստորին Հրազդանի ջրանցք"},"geometry":{"type":"LineString","coordinates":[[44.4634,40.1794],[44.4622,40.1773]]}},{"type":"Feature","properties":{"waterway":"canal","name":"Ստորին Հրազդանի ջրանցք"},"geometry":{"type":"LineString","coordinates":[[44.4614,40.176],[44.4613,40.1756]]}},{"type":"Feature","properties":{"waterway":"canal","name":"Ստորին Հրազդանի ջրանցք"},"geometry":{"type":"LineString","coordinates":[[44.4642,40.1796],[44.4634,40.1794]]}},{"type":"Feature","properties":{"waterway":"canal","name":"Ստորին Հրազդանի ջրանցք"},"geometry":{"type":"LineString","coordinates":[[44.4613,40.1756],[44.4604,40.1747]]}},{"type":"Feature","properties":{"waterway":"canal","name":"Ստորին Հրազդանի ջրանցք"},"geometry":{"type":"LineString","coordinates":[[44.4679,40.1787],[44.4642,40.1796]]}},{"type":"Feature","properties":{"waterway":"canal","name":"Ստորին Հրազդանի ջրանցք"},"geometry":{"type":"LineString","coordinates":[[44.4669,40.177],[44.4679,40.1787]]}},{"type":"Feature","properties":{"waterway":"canal","name":null},"geometry":{"type":"LineString","coordinates":[[44.0424,40.1816],[44.0364,40.1862],[44.0399,40.1904],[44.0386,40.1943],[44.0311,40.1966],[44.0308,40.1991],[44.0263,40.1983]]}},{"type":"Feature","properties":{"waterway":"canal","name":"Ստորին Հրազդանի ջրանցք"},"geometry":{"type":"LineString","coordinates":[[44.4622,40.1773],[44.4621,40.1771]]}},{"type":"Feature","properties":{"waterway":"canal","name":"Ստորին Հրազդանի ջրանցք"},"geometry":{"type":"LineString","coordinates":[[44.4621,40.1771],[44.4614,40.176]]}},{"type":"Feature","properties":{"waterway":"canal","name":"Ստորին Հրազդանի ջրանցք"},"geometry":{"type":"LineString","coordinates":[[44.4521,40.1843],[44.449,40.1844]]}},{"type":"Feature","properties":{"waterway":"canal","name":"Ստորին Հրազդանի ջրանցք"},"geometry":{"type":"LineString","coordinates":[[44.4525,40.184],[44.4521,40.1843]]}},{"type":"Feature","properties":{"waterway":"canal","name":"Սելիվ֊Մաստարա կանալ"},"geometry":{"type":"LineString","coordinates":[[43.9395,40.1846],[43.9567,40.1813],[44.0057,40.1638]]}},{"type":"Feature","properties":{"waterway":"canal","name":null},"geometry":{"type":"LineString","coordinates":[[43.9435,40.1842],[43.9435,40.1839]]}},{"type":"Feature","properties":{"waterway":"canal","name":null},"geometry":{"type":"LineString","coordinates":[[43.9284,40.1585],[43.9317,40.1571],[43.9272,40.1442],[43.9397,40.1368],[43.9399,40.1258]]}},{"type":"Feature","properties":{"waterway":"canal","name":null},"geometry":{"type":"LineString","coordinates":[[43.9395,40.1234],[43.9454,40.1209]]}},{"type":"Feature","properties":{"waterway":"canal","name":null},"geometry":{"type":"LineString","coordinates":[[43.9454,40.1209],[43.946,40.1208]]}},{"type":"Feature","properties":{"waterway":"canal","name":null},"geometry":{"type":"LineString","coordinates":[[43.9399,40.1258],[43.9395,40.1234]]}},{"type":"Feature","properties":{"waterway":"canal","name":null},"geometry":{"type":"LineString","coordinates":[[43.9337,40.083],[43.944,40.0811],[43.9499,40.077],[43.9576,40.0777]]}},{"type":"Feature","properties":{"waterway":"canal","name":null},"geometry":{"type":"LineString","coordinates":[[44.0673,40.144],[44.0672,40.1441]]}},{"type":"Feature","properties":{"waterway":"canal","name":null},"geometry":{"type":"LineString","coordinates":[[44.0517,40.1387],[44.041,40.135]]}},{"type":"Feature","properties":{"waterway":"canal","name":null},"geometry":{"type":"LineString","coordinates":[[44.06,40.1421],[44.0564,40.1391],[44.0519,40.1392]]}},{"type":"Feature","properties":{"waterway":"canal","name":null},"geometry":{"type":"LineString","coordinates":[[44.0519,40.1392],[44.0517,40.1387]]}},{"type":"Feature","properties":{"waterway":"canal","name":null},"geometry":{"type":"LineString","coordinates":[[44.0658,40.1437],[44.0657,40.1435]]}},{"type":"Feature","properties":{"waterway":"canal","name":null},"geometry":{"type":"LineString","coordinates":[[44.0602,40.1423],[44.06,40.1421]]}},{"type":"Feature","properties":{"waterway":"canal","name":null},"geometry":{"type":"LineString","coordinates":[[44.0672,40.1441],[44.0658,40.1437]]}},{"type":"Feature","properties":{"waterway":"canal","name":null},"geometry":{"type":"LineString","coordinates":[[44.0657,40.1435],[44.0602,40.1423]]}},{"type":"Feature","properties":{"waterway":"canal","name":null},"geometry":{"type":"LineString","coordinates":[[44.1058,40.1428],[44.1063,40.1426]]}},{"type":"Feature","properties":{"waterway":"canal","name":null},"geometry":{"type":"LineString","coordinates":[[44.109,40.1484],[44.1048,40.1458],[44.1055,40.1439]]}},{"type":"Feature","properties":{"waterway":"river","name":"Թութկաջուր"},"geometry":{"type":"LineString","coordinates":[[44.5335,40.9885],[44.5308,40.981]]}},{"type":"Feature","properties":{"waterway":"canal","name":"Լոռվա ջրանցք"},"geometry":{"type":"LineString","coordinates":[[44.3886,41.043],[44.3898,41.0435]]}},{"type":"Feature","properties":{"waterway":"canal","name":"Լոռվա ջրանցք"},"geometry":{"type":"LineString","coordinates":[[44.4027,41.0354],[44.4108,41.0275],[44.4258,41.0225]]}},{"type":"Feature","properties":{"waterway":"river","name":"Գնիշիկ"},"geometry":{"type":"LineString","coordinates":[[45.3042,39.6491],[45.2982,39.6534],[45.2929,39.6537],[45.2772,39.6674],[45.2565,39.6734],[45.246,39.6798],[45.2309,39.6829],[45.2123,39.6946],[45.2079,39.704],[45.2042,39.7323]]}},{"type":"Feature","properties":{"waterway":"river","name":null},"geometry":{"type":"LineString","coordinates":[[44.4675,40.9607],[44.4685,40.9608]]}},{"type":"Feature","properties":{"waterway":"canal","name":null},"geometry":{"type":"LineString","coordinates":[[43.9398,40.0934],[43.9392,40.0939]]}},{"type":"Feature","properties":{"waterway":"canal","name":null},"geometry":{"type":"LineString","coordinates":[[43.9392,40.0939],[43.9391,40.094]]}},{"type":"Feature","properties":{"waterway":"canal","name":null},"geometry":{"type":"LineString","coordinates":[[43.9391,40.094],[43.9351,40.0956]]}},{"type":"Feature","properties":{"waterway":"canal","name":null},"geometry":{"type":"LineString","coordinates":[[44.177,40.2974],[44.1739,40.2894],[44.169,40.2851]]}},{"type":"Feature","properties":{"waterway":"canal","name":null},"geometry":{"type":"LineString","coordinates":[[43.8739,40.0992],[43.8694,40.0988],[43.8679,40.0864]]}},{"type":"Feature","properties":{"waterway":"canal","name":null},"geometry":{"type":"LineString","coordinates":[[43.8679,40.0864],[43.8677,40.0858]]}},{"type":"Feature","properties":{"waterway":"canal","name":null},"geometry":{"type":"LineString","coordinates":[[43.8677,40.0858],[43.8656,40.0826],[43.8571,40.0806],[43.8566,40.0691],[43.8538,40.0676],[43.8496,40.0573]]}},{"type":"Feature","properties":{"waterway":"canal","name":null},"geometry":{"type":"LineString","coordinates":[[44.1561,40.1106],[44.1424,40.1021]]}},{"type":"Feature","properties":{"waterway":"canal","name":null},"geometry":{"type":"LineString","coordinates":[[44.1605,40.1147],[44.1603,40.1147]]}},{"type":"Feature","properties":{"waterway":"canal","name":null},"geometry":{"type":"LineString","coordinates":[[43.8803,40.4395],[43.8769,40.436],[43.8773,40.432],[43.8697,40.431],[43.8706,40.4276],[43.873,40.4272],[43.8713,40.4236],[43.8648,40.4234],[43.8637,40.4203],[43.8568,40.4177],[43.859,40.4136]]}},{"type":"Feature","properties":{"waterway":"canal","name":null},"geometry":{"type":"LineString","coordinates":[[43.8606,40.4083],[43.8543,40.4038]]}},{"type":"Feature","properties":{"waterway":"canal","name":"Երասխ"},"geometry":{"type":"LineString","coordinates":[[44.4878,39.9648],[44.4883,39.9643]]}},{"type":"Feature","properties":{"waterway":"canal","name":"Երասխ"},"geometry":{"type":"LineString","coordinates":[[44.4748,39.9756],[44.4816,39.9724],[44.4878,39.9648]]}},{"type":"Feature","properties":{"waterway":"river","name":"Ազատ"},"geometry":{"type":"LineString","coordinates":[[44.5021,39.9871],[44.4879,39.9666],[44.4899,39.9617],[44.4878,39.9604]]}},{"type":"Feature","properties":{"waterway":"canal","name":"Մխչյանի ջրանցք"},"geometry":{"type":"LineString","coordinates":[[44.5206,40.0212],[44.5263,40.0142]]}},{"type":"Feature","properties":{"waterway":"river","name":"Ազատ"},"geometry":{"type":"LineString","coordinates":[[44.543,40.0285],[44.541,40.0272]]}},{"type":"Feature","properties":{"waterway":"river","name":"Ազատ"},"geometry":{"type":"LineString","coordinates":[[44.5569,40.0447],[44.5419,40.027],[44.5332,40.0242],[44.5307,40.0175],[44.5239,40.0117]]}},{"type":"Feature","properties":{"waterway":"river","name":"Ազատ"},"geometry":{"type":"LineString","coordinates":[[44.5489,40.0346],[44.549,40.0343]]}},{"type":"Feature","properties":{"waterway":"river","name":"Ազատ"},"geometry":{"type":"LineString","coordinates":[[44.5507,40.0374],[44.5483,40.0338]]}},{"type":"Feature","properties":{"waterway":"river","name":"Ազատ"},"geometry":{"type":"LineString","coordinates":[[44.5239,40.0117],[44.5196,40.0041],[44.5118,39.9992]]}},{"type":"Feature","properties":{"waterway":"river","name":"Ազատ"},"geometry":{"type":"LineString","coordinates":[[44.5533,40.0397],[44.552,40.0385]]}},{"type":"Feature","properties":{"waterway":"river","name":null},"geometry":{"type":"LineString","coordinates":[[43.841,40.7813],[43.8411,40.7817]]}},{"type":"Feature","properties":{"waterway":"river","name":"Մաստարա"},"geometry":{"type":"LineString","coordinates":[[43.7329,40.3194],[43.7541,40.3149],[43.7708,40.3008],[43.7773,40.2993],[43.7809,40.3008],[43.7828,40.2945],[43.7921,40.2922],[43.8023,40.2818],[43.8219,40.2761],[43.8278,40.2686],[43.8264,40.2599],[43.8289,40.2513],[43.8366,40.2545],[43.8423,40.252]]}},{"type":"Feature","properties":{"waterway":"canal","name":null},"geometry":{"type":"LineString","coordinates":[[43.8069,40.2808],[43.8125,40.2826],[43.8333,40.279]]}},{"type":"Feature","properties":{"waterway":"river","name":"Ծավ"},"geometry":{"type":"LineString","coordinates":[[46.3156,39.1107],[46.3354,39.0952],[46.3381,39.0859],[46.3502,39.0707],[46.3716,39.0689],[46.3754,39.0651],[46.3836,39.0647],[46.3856,39.0623],[46.3882,39.0642],[46.3992,39.0637],[46.418,39.0504],[46.4545,39.05]]}},{"type":"Feature","properties":{"waterway":"river","name":"Հովանաձոր"},"geometry":{"type":"LineString","coordinates":[[44.5209,41.0781],[44.5379,41.0735],[44.5516,41.0512],[44.5457,41.0405],[44.5294,41.0296]]}},{"type":"Feature","properties":{"waterway":"canal","name":null},"geometry":{"type":"LineString","coordinates":[[44.5969,40.9924],[44.6081,40.9999],[44.6085,41.0045]]}},{"type":"Feature","properties":{"waterway":"river","name":"Շաղվարդ"},"geometry":{"type":"LineString","coordinates":[[44.2136,40.4643],[44.229,40.4546],[44.2416,40.4419],[44.26,40.4353],[44.2699,40.4359],[44.2923,40.429],[44.2952,40.4238],[44.2935,40.4159],[44.299,40.4085],[44.3037,40.4075],[44.3035,40.3993],[44.3115,40.3942]]}},{"type":"Feature","properties":{"waterway":"canal","name":"Լոռվա ջրանցք"},"geometry":{"type":"LineString","coordinates":[[44.5363,40.9897],[44.5362,40.9879],[44.5536,40.9871],[44.5577,40.9904]]}},{"type":"Feature","properties":{"waterway":"canal","name":"Լոռվա ջրանցք"},"geometry":{"type":"LineString","coordinates":[[44.4784,41.0111],[44.4783,41.0069],[44.4848,41.0019],[44.5015,41.0009],[44.5061,41.0029]]}},{"type":"Feature","properties":{"waterway":"river","name":"Մենձոր"},"geometry":{"type":"LineString","coordinates":[[44.49,41.0947],[44.4882,41.0871],[44.4912,41.0809],[44.4875,41.0747],[44.4849,41.0593],[44.4775,41.0439],[44.4778,41.0006]]}},{"type":"Feature","properties":{"waterway":"river","name":"Աչեր"},"geometry":{"type":"LineString","coordinates":[[44.7262,41.0324],[44.7085,41.0424],[44.7126,41.0514],[44.7174,41.0553],[44.717,41.0587]]}},{"type":"Feature","properties":{"waterway":"river","name":null},"geometry":{"type":"LineString","coordinates":[[44.859,41.1006],[44.8515,41.1046],[44.842,41.1175],[44.8444,41.1218],[44.8431,41.1248]]}},{"type":"Feature","properties":{"waterway":"canal","name":"Սիսիանի ջրանցք"},"geometry":{"type":"LineString","coordinates":[[45.8771,39.6735],[45.8823,39.6745],[45.8831,39.6731],[45.8777,39.6697],[45.8887,39.6642],[45.888,39.6615],[45.894,39.6638],[45.9054,39.6565],[45.9109,39.6592],[45.9148,39.6566],[45.9143,39.653],[45.921,39.6508],[45.9263,39.6416],[45.9325,39.6388],[45.9352,39.6399],[45.9383,39.6347],[45.9411,39.6354],[45.9405,39.6314],[45.9431,39.6318],[45.9505,39.6257],[45.9479,39.6226],[45.9495,39.6192],[45.9546,39.6186],[45.9616,39.613],[45.9807,39.6121],[45.9862,39.6161],[45.9953,39.6126],[46.0097,39.6123],[46.0201,39.6168],[46.0286,39.6139],[46.0329,39.6164],[46.0383,39.6135],[46.0367,39.6114],[46.0391,39.6085],[46.0527,39.6097],[46.0606,39.6144],[46.0597,39.6128],[46.0633,39.6108],[46.0642,39.6067],[46.0681,39.608],[46.0715,39.6047],[46.0699,39.6039],[46.0712,39.6017],[46.0776,39.5994],[46.0821,39.5937],[46.0841,39.5946],[46.0879,39.5909],[46.0947,39.591],[46.0932,39.5886],[46.0972,39.5881],[46.0958,39.5856],[46.0991,39.579],[46.1061,39.5782]]}},{"type":"Feature","properties":{"waterway":"river","name":"Բարեբեր"},"geometry":{"type":"LineString","coordinates":[[45.1103,40.6458],[45.1124,40.6509],[45.111,40.6542],[45.1171,40.6589],[45.1156,40.6702]]}},{"type":"Feature","properties":{"waterway":"river","name":null},"geometry":{"type":"LineString","coordinates":[[46.3468,39.057],[46.347,39.057]]}},{"type":"Feature","properties":{"waterway":"canal","name":null},"geometry":{"type":"LineString","coordinates":[[44.7506,40.5284],[44.7428,40.5254]]}},{"type":"Feature","properties":{"waterway":"river","name":"Մարտիրոս"},"geometry":{"type":"LineString","coordinates":[[45.569,39.591],[45.5534,39.5922],[45.5341,39.5811],[45.5221,39.5821],[45.5187,39.5852]]}},{"type":"Feature","properties":{"waterway":"river","name":null},"geometry":{"type":"LineString","coordinates":[[45.5393,39.578],[45.5337,39.5813]]}},{"type":"Feature","properties":{"waterway":"river","name":null},"geometry":{"type":"LineString","coordinates":[[45.7902,39.6519],[45.7989,39.6565]]}},{"type":"Feature","properties":{"waterway":"river","name":"Դարբ"},"geometry":{"type":"LineString","coordinates":[[45.6815,39.695],[45.6781,39.6976],[45.6786,39.7006],[45.6758,39.7042],[45.6645,39.7071],[45.6535,39.7175],[45.6389,39.7212],[45.6213,39.7153]]}},{"type":"Feature","properties":{"waterway":"river","name":null},"geometry":{"type":"LineString","coordinates":[[45.7301,39.6387],[45.7384,39.6467],[45.7422,39.6665],[45.7496,39.6691],[45.7578,39.6673],[45.7663,39.6698],[45.7852,39.6664]]}},{"type":"Feature","properties":{"waterway":"river","name":"Արգիչա"},"geometry":{"type":"LineString","coordinates":[[45.1164,39.8905],[45.1255,39.9018],[45.1243,39.9058],[45.129,39.9137],[45.1269,39.9164],[45.1325,39.9207],[45.133,39.9305],[45.1363,39.9341],[45.1405,39.934],[45.1433,39.9378],[45.1511,39.9394],[45.1526,39.9446],[45.1559,39.9453],[45.1548,39.954],[45.152,39.956],[45.1555,39.9602],[45.1523,39.9632],[45.1547,39.9647],[45.1534,39.9746],[45.1692,39.9827],[45.167,39.987],[45.1688,39.9884],[45.1655,39.9894],[45.1678,39.9924],[45.1659,39.9945],[45.1687,39.9946],[45.1666,39.996],[45.1701,40.0006],[45.1664,40.0035],[45.17,40.0036],[45.1697,40.0055],[45.1731,40.0059],[45.1723,40.0077],[45.1746,40.0064],[45.1776,40.0114],[45.1803,40.0107],[45.1798,40.0089],[45.187,40.0139],[45.1951,40.0144],[45.1962,40.0177]]}},{"type":"Feature","properties":{"waterway":"canal","name":"Տկահան ջրանցք"},"geometry":{"type":"LineString","coordinates":[[44.3357,40.2493],[44.3361,40.2444],[44.3437,40.2444],[44.3495,40.2396],[44.3583,40.2407]]}},{"type":"Feature","properties":{"waterway":"canal","name":"Տկահան ջրանցք"},"geometry":{"type":"LineString","coordinates":[[44.3357,40.2496],[44.3357,40.2493]]}},{"type":"Feature","properties":{"waterway":"canal","name":"Տկահան ջրանցք"},"geometry":{"type":"LineString","coordinates":[[44.3366,40.2748],[44.3414,40.2662],[44.3398,40.2599],[44.3415,40.2563],[44.3357,40.2496]]}},{"type":"Feature","properties":{"waterway":"canal","name":"Տկահան ջրանցք"},"geometry":{"type":"LineString","coordinates":[[44.3362,40.2758],[44.3366,40.2748]]}},{"type":"Feature","properties":{"waterway":"canal","name":"Տկահան ջրանցք"},"geometry":{"type":"LineString","coordinates":[[44.3978,40.2245],[44.4008,40.2221]]}},{"type":"Feature","properties":{"waterway":"river","name":null},"geometry":{"type":"LineString","coordinates":[[45.0407,41.0203],[45.0391,41.0209]]}},{"type":"Feature","properties":{"waterway":"river","name":"Բերդաջուր"},"geometry":{"type":"LineString","coordinates":[[44.7704,41.0682],[44.7708,41.0748],[44.7563,41.0785],[44.7525,41.0872],[44.7488,41.0901],[44.7509,41.1006],[44.7446,41.11],[44.7441,41.1164]]}},{"type":"Feature","properties":{"waterway":"canal","name":null},"geometry":{"type":"LineString","coordinates":[[44.5788,40.3248],[44.5756,40.3235]]}},{"type":"Feature","properties":{"waterway":"river","name":null},"geometry":{"type":"LineString","coordinates":[[45.1244,39.9048],[45.1245,39.9052]]}},{"type":"Feature","properties":{"waterway":"river","name":"Վեդի"},"geometry":{"type":"LineString","coordinates":[[45.0799,40.0078],[45.0863,40.0062],[45.0874,40.0007],[45.0961,40.0008],[45.103,39.9957],[45.0983,39.9904],[45.0952,39.9809],[45.0718,39.968],[45.0655,39.97]]}},{"type":"Feature","properties":{"waterway":"river","name":"Դարբ"},"geometry":{"type":"LineString","coordinates":[[45.6202,39.7155],[45.6062,39.7042]]}},{"type":"Feature","properties":{"waterway":"river","name":"Եղեգիս"},"geometry":{"type":"LineString","coordinates":[[45.3102,39.7597],[45.3102,39.7585]]}},{"type":"Feature","properties":{"waterway":"river","name":"Եղեգիս"},"geometry":{"type":"LineString","coordinates":[[45.3105,39.7506],[45.3107,39.75]]}},{"type":"Feature","properties":{"waterway":"river","name":"Եղեգիս"},"geometry":{"type":"LineString","coordinates":[[45.3083,39.7387],[45.3084,39.7374]]}},{"type":"Feature","properties":{"waterway":"river","name":"Արփա"},"geometry":{"type":"LineString","coordinates":[[45.2544,39.7359],[45.2517,39.7357]]}},{"type":"Feature","properties":{"waterway":"river","name":"Ելփին"},"geometry":{"type":"LineString","coordinates":[[45.146,39.7619],[45.146,39.7616]]}},{"type":"Feature","properties":{"waterway":"river","name":null},"geometry":{"type":"LineString","coordinates":[[43.6863,41.1121],[43.6864,41.1083],[43.6775,41.1118],[43.6756,41.1059],[43.6568,41.0917],[43.6506,41.0929],[43.6479,41.0906]]}},{"type":"Feature","properties":{"waterway":"river","name":"ფინეზაური (მოშევანი)"},"geometry":{"type":"LineString","coordinates":[[44.3211,41.2074],[44.3245,41.213],[44.3196,41.2147],[44.3164,41.2197],[44.3103,41.2241],[44.2914,41.2295],[44.2834,41.237],[44.2817,41.2546],[44.2869,41.2602],[44.292,41.2601],[44.2953,41.2648],[44.3058,41.2683],[44.3153,41.2788],[44.3214,41.2817],[44.3185,41.2914],[44.3186,41.3047],[44.3215,41.308],[44.3289,41.3101],[44.3309,41.3156],[44.3349,41.3178],[44.3412,41.3273],[44.3426,41.3328],[44.3513,41.3391],[44.3501,41.3404]]}},{"type":"Feature","properties":{"waterway":"river","name":null},"geometry":{"type":"LineString","coordinates":[[43.5454,41.1032],[43.5434,41.0967],[43.5446,41.0889]]}},{"type":"Feature","properties":{"waterway":"canal","name":null},"geometry":{"type":"LineString","coordinates":[[44.784,40.5028],[44.7803,40.4999]]}},{"type":"Feature","properties":{"waterway":"river","name":"Շառաչող"},"geometry":{"type":"LineString","coordinates":[[45.8692,39.7054],[45.8595,39.6955],[45.8543,39.6935],[45.8484,39.6748],[45.844,39.6682]]}},{"type":"Feature","properties":{"waterway":"canal","name":null},"geometry":{"type":"LineString","coordinates":[[45.862,39.6994],[45.8537,39.6891]]}},{"type":"Feature","properties":{"waterway":"canal","name":null},"geometry":{"type":"LineString","coordinates":[[45.8934,39.6639],[45.8956,39.6676],[45.897,39.6653],[45.9002,39.6673],[45.8961,39.6633]]}},{"type":"Feature","properties":{"waterway":"canal","name":null},"geometry":{"type":"LineString","coordinates":[[46.3612,39.4326],[46.3613,39.4323]]}},{"type":"Feature","properties":{"waterway":"canal","name":null},"geometry":{"type":"LineString","coordinates":[[46.3566,39.4382],[46.3608,39.4355],[46.3612,39.4326]]}},{"type":"Feature","properties":{"waterway":"river","name":"Շենաթաղ"},"geometry":{"type":"LineString","coordinates":[[46.1251,39.3697],[46.1315,39.375],[46.1346,39.3975],[46.1269,39.43],[46.1226,39.4331],[46.1241,39.4383],[46.1393,39.4464],[46.1477,39.4471],[46.1577,39.4531],[46.1668,39.4551]]}},{"type":"Feature","properties":{"waterway":"canal","name":null},"geometry":{"type":"LineString","coordinates":[[46.1338,39.1338],[46.1373,39.1345],[46.1418,39.1306]]}},{"type":"Feature","properties":{"waterway":"river","name":"Քարդ"},"geometry":{"type":"LineString","coordinates":[[46.1065,39.2162],[46.1102,39.2183],[46.1198,39.2172],[46.1285,39.2268]]}},{"type":"Feature","properties":{"waterway":"river","name":null},"geometry":{"type":"LineString","coordinates":[[43.5454,41.1033],[43.5454,41.1032]]}},{"type":"Feature","properties":{"waterway":"river","name":null},"geometry":{"type":"LineString","coordinates":[[43.5114,41.1161],[43.5332,41.1142],[43.546,41.1096],[43.5454,41.1033]]}},{"type":"Feature","properties":{"waterway":"river","name":null},"geometry":{"type":"LineString","coordinates":[[43.4741,41.1113],[43.4893,41.1108],[43.5024,41.1162],[43.5113,41.1161]]}},{"type":"Feature","properties":{"waterway":"river","name":"Ուրթիջուր"},"geometry":{"type":"LineString","coordinates":[[45.161,40.758],[45.1464,40.7621],[45.1426,40.771],[45.1304,40.7752],[45.121,40.7838],[45.1203,40.7869],[45.1243,40.793],[45.1307,40.796],[45.1352,40.8048],[45.1514,40.8186],[45.1509,40.8224],[45.1569,40.8313],[45.1577,40.8371]]}},{"type":"Feature","properties":{"waterway":"river","name":"Վարագաջուր"},"geometry":{"type":"LineString","coordinates":[[45.2358,40.7971],[45.2405,40.8024],[45.2435,40.8251],[45.2497,40.8312],[45.2648,40.8351],[45.2741,40.8454]]}},{"type":"Feature","properties":{"waterway":"river","name":"Տավուշ"},"geometry":{"type":"LineString","coordinates":[[45.2765,40.7964],[45.2971,40.8011],[45.3093,40.8111],[45.3196,40.8131],[45.3203,40.8164],[45.3279,40.8206],[45.3444,40.8218],[45.3611,40.8289],[45.3736,40.8488],[45.3885,40.8559],[45.3914,40.8645],[45.3972,40.8677],[45.3996,40.8741]]}},{"type":"Feature","properties":{"waterway":"canal","name":null},"geometry":{"type":"LineString","coordinates":[[44.8378,41.1077],[44.8385,41.1172]]}},{"type":"Feature","properties":{"waterway":"canal","name":null},"geometry":{"type":"LineString","coordinates":[[44.84,41.1211],[44.8396,41.1211]]}},{"type":"Feature","properties":{"waterway":"canal","name":null},"geometry":{"type":"LineString","coordinates":[[44.84,41.1211],[44.8421,41.1234]]}},{"type":"Feature","properties":{"waterway":"canal","name":null},"geometry":{"type":"LineString","coordinates":[[44.8421,41.1234],[44.8423,41.1236]]}},{"type":"Feature","properties":{"waterway":"canal","name":null},"geometry":{"type":"LineString","coordinates":[[44.8396,41.1211],[44.8373,41.1208]]}},{"type":"Feature","properties":{"waterway":"river","name":"Քարաձոր"},"geometry":{"type":"LineString","coordinates":[[44.3078,40.881],[44.3059,40.8753],[44.3102,40.8605],[44.3259,40.8457],[44.3303,40.8379]]}},{"type":"Feature","properties":{"waterway":"river","name":"Սառնաղբյուր"},"geometry":{"type":"LineString","coordinates":[[44.771,40.8051],[44.7739,40.8077],[44.775,40.8167],[44.766,40.8294],[44.7677,40.8337],[44.7644,40.8442],[44.7535,40.8481],[44.7523,40.8561],[44.7478,40.8574],[44.7455,40.861],[44.7469,40.8649],[44.7425,40.8697],[44.7301,40.8756],[44.7104,40.8973],[44.7116,40.9111],[44.7298,40.9231]]}},{"type":"Feature","properties":{"waterway":"river","name":"Լեջանջուր"},"geometry":{"type":"LineString","coordinates":[[44.4688,41.0883],[44.4467,41.064],[44.4423,41.0417]]}},{"type":"Feature","properties":{"waterway":"canal","name":null},"geometry":{"type":"LineString","coordinates":[[46.0063,39.6128],[46.0073,39.6145],[46.0084,39.6127]]}},{"type":"Feature","properties":{"waterway":"canal","name":"Սիսիանի կանալ"},"geometry":{"type":"LineString","coordinates":[[45.9969,39.6133],[45.9998,39.6128],[46.001,39.6151],[46.0047,39.6127]]}},{"type":"Feature","properties":{"waterway":"canal","name":"Գնդեվազյան"},"geometry":{"type":"LineString","coordinates":[[45.6439,39.7619],[45.6426,39.7605]]}},{"type":"Feature","properties":{"waterway":"canal","name":null},"geometry":{"type":"LineString","coordinates":[[44.7527,40.4757],[44.7538,40.4728]]}},{"type":"Feature","properties":{"waterway":"canal","name":null},"geometry":{"type":"LineString","coordinates":[[44.7535,40.4772],[44.7534,40.4764]]}},{"type":"Feature","properties":{"waterway":"canal","name":null},"geometry":{"type":"LineString","coordinates":[[44.76,40.4811],[44.7535,40.4772]]}},{"type":"Feature","properties":{"waterway":"canal","name":null},"geometry":{"type":"LineString","coordinates":[[44.7678,40.4826],[44.7666,40.4822]]}},{"type":"Feature","properties":{"waterway":"canal","name":null},"geometry":{"type":"LineString","coordinates":[[44.7666,40.4822],[44.7647,40.4808]]}},{"type":"Feature","properties":{"waterway":"canal","name":null},"geometry":{"type":"LineString","coordinates":[[44.7603,40.4808],[44.76,40.4811]]}},{"type":"Feature","properties":{"waterway":"canal","name":null},"geometry":{"type":"LineString","coordinates":[[44.7538,40.4728],[44.7537,40.4706]]}},{"type":"Feature","properties":{"waterway":"canal","name":null},"geometry":{"type":"LineString","coordinates":[[44.7802,40.4943],[44.7808,40.4943]]}},{"type":"Feature","properties":{"waterway":"canal","name":null},"geometry":{"type":"LineString","coordinates":[[44.7813,40.4942],[44.7832,40.4902]]}},{"type":"Feature","properties":{"waterway":"canal","name":null},"geometry":{"type":"LineString","coordinates":[[44.7827,40.4893],[44.781,40.4855]]}},{"type":"Feature","properties":{"waterway":"canal","name":null},"geometry":{"type":"LineString","coordinates":[[44.781,40.4855],[44.7728,40.487]]}},{"type":"Feature","properties":{"waterway":"canal","name":null},"geometry":{"type":"LineString","coordinates":[[44.5896,40.2956],[44.5898,40.2955]]}},{"type":"Feature","properties":{"waterway":"canal","name":"Դվին ջրանցք"},"geometry":{"type":"LineString","coordinates":[[44.5943,40.0428],[44.5981,40.0372],[44.5938,40.0351],[44.5958,40.0351],[44.5976,40.0299],[44.6011,40.0294]]}},{"type":"Feature","properties":{"waterway":"canal","name":"Դվին ջրանցք"},"geometry":{"type":"LineString","coordinates":[[44.5829,40.0456],[44.584,40.0459]]}},{"type":"Feature","properties":{"waterway":"canal","name":"Դվին ջրանցք"},"geometry":{"type":"LineString","coordinates":[[44.5861,40.0443],[44.589,40.0447]]}},{"type":"Feature","properties":{"waterway":"canal","name":"Դվին ջրանցք"},"geometry":{"type":"LineString","coordinates":[[44.5806,40.0495],[44.5813,40.0491]]}},{"type":"Feature","properties":{"waterway":"canal","name":"Դվին ջրանցք"},"geometry":{"type":"LineString","coordinates":[[44.5786,40.0529],[44.5778,40.049],[44.5806,40.0495]]}},{"type":"Feature","properties":{"waterway":"canal","name":"Դվին ջրանցք"},"geometry":{"type":"LineString","coordinates":[[44.6108,40.0221],[44.6113,40.0216]]}},{"type":"Feature","properties":{"waterway":"canal","name":"Դվին ջրանցք"},"geometry":{"type":"LineString","coordinates":[[44.6151,40.0202],[44.6161,40.017],[44.6198,40.016]]}},{"type":"Feature","properties":{"waterway":"canal","name":"Դվին ջրանցք"},"geometry":{"type":"LineString","coordinates":[[44.589,40.0447],[44.5898,40.0446]]}},{"type":"Feature","properties":{"waterway":"river","name":null},"geometry":{"type":"LineString","coordinates":[[44.7302,40.1092],[44.7294,40.1099]]}},{"type":"Feature","properties":{"waterway":"canal","name":"Դվին ջրանցք"},"geometry":{"type":"LineString","coordinates":[[44.6127,40.0198],[44.6132,40.02]]}},{"type":"Feature","properties":{"waterway":"canal","name":"Դվին ջրանցք"},"geometry":{"type":"LineString","coordinates":[[44.6113,40.0216],[44.6127,40.0198]]}},{"type":"Feature","properties":{"waterway":"canal","name":"Դվին ջրանցք"},"geometry":{"type":"LineString","coordinates":[[44.6198,40.016],[44.6207,40.0157]]}},{"type":"Feature","properties":{"waterway":"canal","name":"Դվին ջրանցք"},"geometry":{"type":"LineString","coordinates":[[44.6207,40.0157],[44.6237,40.0132]]}},{"type":"Feature","properties":{"waterway":"canal","name":null},"geometry":{"type":"LineString","coordinates":[[45.7196,40.1595],[45.7213,40.1632]]}},{"type":"Feature","properties":{"waterway":"canal","name":null},"geometry":{"type":"LineString","coordinates":[[45.7195,40.1594],[45.7196,40.1595]]}},{"type":"Feature","properties":{"waterway":"canal","name":null},"geometry":{"type":"LineString","coordinates":[[45.7272,40.1693],[45.7272,40.1694]]}},{"type":"Feature","properties":{"waterway":"canal","name":null},"geometry":{"type":"LineString","coordinates":[[45.7214,40.1634],[45.7272,40.1693]]}},{"type":"Feature","properties":{"waterway":"canal","name":null},"geometry":{"type":"LineString","coordinates":[[45.7213,40.1632],[45.7214,40.1634]]}},{"type":"Feature","properties":{"waterway":"canal","name":null},"geometry":{"type":"LineString","coordinates":[[45.7197,40.1571],[45.7195,40.1594]]}},{"type":"Feature","properties":{"waterway":"canal","name":null},"geometry":{"type":"LineString","coordinates":[[45.7167,40.1566],[45.7166,40.1566]]}},{"type":"Feature","properties":{"waterway":"canal","name":null},"geometry":{"type":"LineString","coordinates":[[45.718,40.1563],[45.7167,40.1566]]}},{"type":"Feature","properties":{"waterway":"canal","name":null},"geometry":{"type":"LineString","coordinates":[[45.7182,40.1564],[45.718,40.1563]]}},{"type":"Feature","properties":{"waterway":"canal","name":null},"geometry":{"type":"LineString","coordinates":[[45.7195,40.1566],[45.7182,40.1564]]}},{"type":"Feature","properties":{"waterway":"canal","name":null},"geometry":{"type":"LineString","coordinates":[[45.7153,40.1572],[45.7152,40.1573]]}},{"type":"Feature","properties":{"waterway":"canal","name":null},"geometry":{"type":"LineString","coordinates":[[45.7166,40.1566],[45.7153,40.1572]]}},{"type":"Feature","properties":{"waterway":"canal","name":"Փարաքար ջրանցք"},"geometry":{"type":"LineString","coordinates":[[44.4351,40.1592],[44.4331,40.1591]]}},{"type":"Feature","properties":{"waterway":"canal","name":null},"geometry":{"type":"LineString","coordinates":[[44.4913,40.0084],[44.4912,40.0085]]}},{"type":"Feature","properties":{"waterway":"canal","name":null},"geometry":{"type":"LineString","coordinates":[[44.4914,40.0084],[44.4913,40.0084]]}},{"type":"Feature","properties":{"waterway":"river","name":"Արթիկջուր"},"geometry":{"type":"LineString","coordinates":[[43.9735,40.6127],[43.9733,40.6128]]}},{"type":"Feature","properties":{"waterway":"river","name":"Արթիկջուր"},"geometry":{"type":"LineString","coordinates":[[43.972,40.6135],[43.9717,40.6137]]}},{"type":"Feature","properties":{"waterway":"river","name":null},"geometry":{"type":"LineString","coordinates":[[44.9796,40.7746],[44.981,40.7743]]}},{"type":"Feature","properties":{"waterway":"river","name":null},"geometry":{"type":"LineString","coordinates":[[45.0269,40.7747],[45.0283,40.7748]]}},{"type":"Feature","properties":{"waterway":"river","name":null},"geometry":{"type":"LineString","coordinates":[[45.0241,40.7711],[45.024,40.7716]]}},{"type":"Feature","properties":{"waterway":"river","name":null},"geometry":{"type":"LineString","coordinates":[[45.0238,40.7706],[45.024,40.7715]]}},{"type":"Feature","properties":{"waterway":"river","name":null},"geometry":{"type":"LineString","coordinates":[[45.0021,40.7691],[45.0029,40.769]]}},{"type":"Feature","properties":{"waterway":"river","name":null},"geometry":{"type":"LineString","coordinates":[[44.9926,40.7691],[44.9938,40.7689]]}},{"type":"Feature","properties":{"waterway":"river","name":null},"geometry":{"type":"LineString","coordinates":[[44.9945,40.7686],[44.9955,40.7684]]}},{"type":"Feature","properties":{"waterway":"canal","name":null},"geometry":{"type":"LineString","coordinates":[[43.7787,40.9925],[43.7786,40.9918]]}},{"type":"Feature","properties":{"waterway":"canal","name":"Ախուրյանի աջափնյա ջրանցք"},"geometry":{"type":"LineString","coordinates":[[43.774,40.9555],[43.777,40.946],[43.7706,40.9439]]}},{"type":"Feature","properties":{"waterway":"canal","name":null},"geometry":{"type":"LineString","coordinates":[[43.7786,40.9918],[43.7756,40.966]]}},{"type":"Feature","properties":{"waterway":"river","name":"Հաղարծին"},"geometry":{"type":"LineString","coordinates":[[44.881,40.8371],[44.8783,40.8228],[44.8744,40.8179],[44.8897,40.8111],[44.891,40.8085]]}},{"type":"Feature","properties":{"waterway":"river","name":"Խաչարձան"},"geometry":{"type":"LineString","coordinates":[[44.9639,40.6762],[44.9738,40.6753],[44.9795,40.6722],[44.991,40.6722],[45.0073,40.6823],[45.0239,40.6854],[45.0336,40.6917],[45.0417,40.6936],[45.0549,40.7026],[45.0533,40.7109],[45.0555,40.7126],[45.056,40.7213]]}},{"type":"Feature","properties":{"waterway":"river","name":"Գոշ"},"geometry":{"type":"LineString","coordinates":[[44.9599,40.7071],[44.9655,40.7113],[44.9745,40.7128],[44.9831,40.7222],[44.9952,40.7228],[45.0007,40.7297]]}},{"type":"Feature","properties":{"waterway":"river","name":"Գոշ"},"geometry":{"type":"LineString","coordinates":[[45.0007,40.7297],[45.0117,40.7306],[45.0177,40.7375],[45.0252,40.7413]]}},{"type":"Feature","properties":{"waterway":"river","name":"Գեղարոտ"},"geometry":{"type":"LineString","coordinates":[[44.3305,40.4877],[44.3356,40.4892],[44.3384,40.4958],[44.3451,40.4986],[44.3576,40.5018],[44.3817,40.5013],[44.3877,40.5141],[44.3984,40.5152],[44.4283,40.5049],[44.4303,40.4918],[44.4342,40.4858],[44.438,40.4852]]}},{"type":"Feature","properties":{"waterway":"river","name":"Մարց"},"geometry":{"type":"LineString","coordinates":[[44.8435,40.8508],[44.8383,40.8732],[44.8283,40.888],[44.8273,40.8983],[44.822,40.9051],[44.8019,40.9103],[44.8009,40.9129],[44.7844,40.9198],[44.7738,40.9151],[44.7735,40.9128],[44.7652,40.9106],[44.7611,40.9063],[44.7536,40.9052],[44.7363,40.9158],[44.7264,40.9272],[44.7228,40.928],[44.7209,40.9359],[44.7117,40.9468],[44.6846,40.9603],[44.6757,40.9714],[44.6651,40.9762],[44.6579,40.9848],[44.6522,40.9868]]}},{"type":"Feature","properties":{"waterway":"canal","name":null},"geometry":{"type":"LineString","coordinates":[[45.2594,40.6601],[45.2603,40.6609]]}},{"type":"Feature","properties":{"waterway":"river","name":"Ձկնագետ"},"geometry":{"type":"LineString","coordinates":[[44.866,40.6527],[44.8747,40.6494],[44.891,40.6531],[44.9105,40.648],[44.9149,40.6433],[44.9339,40.6329],[44.9445,40.6233],[44.9439,40.6215],[44.9711,40.614]]}},{"type":"Feature","properties":{"waterway":"canal","name":null},"geometry":{"type":"LineString","coordinates":[[44.9083,40.1568],[44.9081,40.1516]]}},{"type":"Feature","properties":{"waterway":"canal","name":null},"geometry":{"type":"LineString","coordinates":[[44.9242,40.1717],[44.9237,40.1714]]}},{"type":"Feature","properties":{"waterway":"canal","name":null},"geometry":{"type":"LineString","coordinates":[[44.9237,40.1714],[44.9222,40.1711]]}},{"type":"Feature","properties":{"waterway":"canal","name":null},"geometry":{"type":"LineString","coordinates":[[44.9201,40.1707],[44.9196,40.1703]]}},{"type":"Feature","properties":{"waterway":"canal","name":null},"geometry":{"type":"LineString","coordinates":[[44.9222,40.1711],[44.9201,40.1707]]}},{"type":"Feature","properties":{"waterway":"canal","name":null},"geometry":{"type":"LineString","coordinates":[[44.9196,40.1703],[44.9195,40.1702]]}},{"type":"Feature","properties":{"waterway":"canal","name":null},"geometry":{"type":"LineString","coordinates":[[44.9254,40.1723],[44.9242,40.1717]]}},{"type":"Feature","properties":{"waterway":"canal","name":null},"geometry":{"type":"LineString","coordinates":[[44.9046,40.1636],[44.9037,40.1628]]}},{"type":"Feature","properties":{"waterway":"canal","name":null},"geometry":{"type":"LineString","coordinates":[[44.9067,40.165],[44.9046,40.1636]]}},{"type":"Feature","properties":{"waterway":"canal","name":null},"geometry":{"type":"LineString","coordinates":[[44.9137,40.169],[44.9103,40.167]]}},{"type":"Feature","properties":{"waterway":"canal","name":null},"geometry":{"type":"LineString","coordinates":[[44.9099,40.1665],[44.9083,40.1658]]}},{"type":"Feature","properties":{"waterway":"canal","name":null},"geometry":{"type":"LineString","coordinates":[[44.9103,40.167],[44.9099,40.1665]]}},{"type":"Feature","properties":{"waterway":"canal","name":null},"geometry":{"type":"LineString","coordinates":[[44.9083,40.1658],[44.9073,40.1653]]}},{"type":"Feature","properties":{"waterway":"canal","name":null},"geometry":{"type":"LineString","coordinates":[[44.9067,40.165],[44.9067,40.165]]}},{"type":"Feature","properties":{"waterway":"canal","name":null},"geometry":{"type":"LineString","coordinates":[[44.9072,40.1653],[44.9067,40.165]]}},{"type":"Feature","properties":{"waterway":"canal","name":null},"geometry":{"type":"LineString","coordinates":[[44.9073,40.1653],[44.9072,40.1653]]}},{"type":"Feature","properties":{"waterway":"canal","name":null},"geometry":{"type":"LineString","coordinates":[[44.9037,40.1628],[44.9067,40.1597]]}},{"type":"Feature","properties":{"waterway":"river","name":"Ողջաբերդ"},"geometry":{"type":"LineString","coordinates":[[44.5429,40.1434],[44.5419,40.1437]]}},{"type":"Feature","properties":{"waterway":"river","name":"Ողջաբերդ"},"geometry":{"type":"LineString","coordinates":[[44.5419,40.1437],[44.5395,40.1442]]}},{"type":"Feature","properties":{"waterway":"canal","name":null},"geometry":{"type":"LineString","coordinates":[[44.8039,40.256],[44.7949,40.2648]]}},{"type":"Feature","properties":{"waterway":"river","name":"Ուռուտ"},"geometry":{"type":"LineString","coordinates":[[44.4342,41.1423],[44.432,41.1317],[44.424,41.1254],[44.4223,41.1183]]}},{"type":"Feature","properties":{"waterway":"river","name":"Ձորագյուղ"},"geometry":{"type":"LineString","coordinates":[[45.2044,40.1778],[45.2155,40.1842],[45.2232,40.1837],[45.2293,40.188],[45.2346,40.188]]}},{"type":"Feature","properties":{"waterway":"river","name":"Շողվակ"},"geometry":{"type":"LineString","coordinates":[[45.2184,40.198],[45.237,40.2056]]}},{"type":"Feature","properties":{"waterway":"river","name":"Աղբերք"},"geometry":{"type":"LineString","coordinates":[[45.2685,40.541],[45.2497,40.5364],[45.2211,40.5345]]}},{"type":"Feature","properties":{"waterway":"river","name":null},"geometry":{"type":"LineString","coordinates":[[44.8119,41.146],[44.8162,41.1476]]}},{"type":"Feature","properties":{"waterway":"canal","name":"Ստորին Հրազդանի ջրանցք"},"geometry":{"type":"LineString","coordinates":[[44.2745,40.2379],[44.2482,40.2406],[44.2372,40.2353],[44.2307,40.235]]}},{"type":"Feature","properties":{"waterway":"canal","name":"Ստորին Հրազդանի ջրանցք"},"geometry":{"type":"LineString","coordinates":[[44.2307,40.235],[44.2296,40.2348]]}},{"type":"Feature","properties":{"waterway":"canal","name":"Ստորին Հրազդանի ջրանցք"},"geometry":{"type":"LineString","coordinates":[[44.1576,40.1781],[44.1575,40.178]]}},{"type":"Feature","properties":{"waterway":"canal","name":"Ստորին Հրազդանի ջրանցք"},"geometry":{"type":"LineString","coordinates":[[44.1575,40.178],[44.145,40.1742],[44.1468,40.1611],[44.1447,40.1585]]}},{"type":"Feature","properties":{"waterway":"river","name":"Չիչկան"},"geometry":{"type":"LineString","coordinates":[[44.0762,40.9167],[44.0825,40.9144],[44.1045,40.9208],[44.1284,40.912],[44.1395,40.8977],[44.1381,40.8962],[44.1431,40.8915],[44.1423,40.8882],[44.1496,40.8815],[44.1553,40.8704],[44.1835,40.8553]]}},{"type":"Feature","properties":{"waterway":"river","name":"Մեղրի"},"geometry":{"type":"LineString","coordinates":[[46.2234,38.9194],[46.2314,38.9175],[46.2347,38.9075],[46.2441,38.9008]]}},{"type":"Feature","properties":{"waterway":"river","name":"Մեղրի"},"geometry":{"type":"LineString","coordinates":[[46.208,39.0067],[46.2051,38.9955],[46.2066,38.9891],[46.2044,38.9872],[46.2075,38.9804],[46.2147,38.9754],[46.2112,38.9694],[46.2132,38.9627],[46.2118,38.9585]]}},{"type":"Feature","properties":{"waterway":"river","name":"Մեղրի"},"geometry":{"type":"LineString","coordinates":[[46.2154,38.9414],[46.2194,38.9393],[46.2182,38.9263],[46.2234,38.9194]]}},{"type":"Feature","properties":{"waterway":"river","name":"Շիկահող"},"geometry":{"type":"LineString","coordinates":[[46.3868,39.1042],[46.406,39.0921]]}},{"type":"Feature","properties":{"waterway":"canal","name":null},"geometry":{"type":"LineString","coordinates":[[43.7496,40.2356],[43.7458,40.2289],[43.7469,40.225],[43.7371,40.2221],[43.7354,40.2179],[43.7382,40.2162],[43.736,40.2144],[43.7363,40.2072],[43.7412,40.2007],[43.7394,40.195],[43.7503,40.1852],[43.7476,40.1826],[43.7572,40.1738],[43.7595,40.1671],[43.7688,40.1659]]}},{"type":"Feature","properties":{"waterway":"river","name":"Որոտան"},"geometry":{"type":"LineString","coordinates":[[45.8483,39.6498],[45.8508,39.6497]]}},{"type":"Feature","properties":{"waterway":"river","name":"Որոտան"},"geometry":{"type":"LineString","coordinates":[[45.8508,39.6497],[45.8551,39.6472],[45.8582,39.6531],[45.866,39.6381],[45.8751,39.639],[45.8706,39.6322],[45.8764,39.6266]]}},{"type":"Feature","properties":{"waterway":"river","name":"Ֆրոլովա Բալկա"},"geometry":{"type":"LineString","coordinates":[[44.7946,40.7102],[44.7991,40.7132],[44.7987,40.7192]]}},{"type":"Feature","properties":{"waterway":"river","name":"Ծաղկաձոր"},"geometry":{"type":"LineString","coordinates":[[44.707,40.5335],[44.7169,40.5364]]}},{"type":"Feature","properties":{"waterway":"river","name":"Ծաղկաձոր"},"geometry":{"type":"LineString","coordinates":[[44.7067,40.5331],[44.707,40.5335]]}},{"type":"Feature","properties":{"waterway":"river","name":null},"geometry":{"type":"LineString","coordinates":[[44.1122,41.1268],[44.1202,41.1244],[44.1313,41.1119],[44.1397,41.1073],[44.1463,41.1],[44.1512,41.0993],[44.1593,41.0929],[44.1701,41.0906],[44.1729,41.0873],[44.1916,41.0808],[44.2043,41.0632],[44.2097,41.0607],[44.2121,41.0552]]}},{"type":"Feature","properties":{"waterway":"river","name":null},"geometry":{"type":"LineString","coordinates":[[46.1857,39.0488],[46.1921,39.0487],[46.1941,39.0449],[46.201,39.0416],[46.208,39.0275]]}},{"type":"Feature","properties":{"waterway":"river","name":"Մեղրի"},"geometry":{"type":"LineString","coordinates":[[46.2099,39.0295],[46.208,39.0275]]}},{"type":"Feature","properties":{"waterway":"river","name":"Մեղրի"},"geometry":{"type":"LineString","coordinates":[[46.208,39.0275],[46.208,39.0198],[46.2101,39.0168],[46.208,39.0067]]}},{"type":"Feature","properties":{"waterway":"river","name":null},"geometry":{"type":"LineString","coordinates":[[44.6173,41.092],[44.622,41.0918],[44.63,41.0864]]}},{"type":"Feature","properties":{"waterway":"river","name":"Սեդվի"},"geometry":{"type":"LineString","coordinates":[[44.5852,41.0908],[44.5948,41.0888],[44.6021,41.0834],[44.6168,41.0817]]}},{"type":"Feature","properties":{"waterway":"canal","name":null},"geometry":{"type":"LineString","coordinates":[[44.6482,41.0968],[44.6559,41.0992]]}},{"type":"Feature","properties":{"waterway":"river","name":null},"geometry":{"type":"LineString","coordinates":[[44.6505,41.097],[44.6508,41.0974]]}},{"type":"Feature","properties":{"waterway":"river","name":null},"geometry":{"type":"LineString","coordinates":[[44.8431,41.1248],[44.8391,41.1277],[44.837,41.1395],[44.8303,41.1487],[44.8319,41.1525]]}},{"type":"Feature","properties":{"waterway":"canal","name":null},"geometry":{"type":"LineString","coordinates":[[44.8141,41.1474],[44.8179,41.1486]]}},{"type":"Feature","properties":{"waterway":"river","name":"Գետիկ"},"geometry":{"type":"LineString","coordinates":[[45.2387,40.6715],[45.2295,40.6696],[45.1993,40.676]]}},{"type":"Feature","properties":{"waterway":"river","name":"Գետիկ"},"geometry":{"type":"LineString","coordinates":[[45.3081,40.647],[45.2954,40.6491],[45.2874,40.6545],[45.2794,40.654],[45.27,40.6588],[45.2628,40.6589],[45.2502,40.6729],[45.2387,40.6715]]}},{"type":"Feature","properties":{"waterway":"river","name":"Գետիկ"},"geometry":{"type":"LineString","coordinates":[[45.3869,40.574],[45.3809,40.5763],[45.3729,40.5876],[45.365,40.5912],[45.3575,40.5984],[45.3505,40.6106],[45.3421,40.6164],[45.3389,40.6222]]}},{"type":"Feature","properties":{"waterway":"river","name":"Գետիկ"},"geometry":{"type":"LineString","coordinates":[[45.32,40.6421],[45.3081,40.647]]}},{"type":"Feature","properties":{"waterway":"river","name":"Գետիկ"},"geometry":{"type":"LineString","coordinates":[[45.3389,40.6222],[45.3347,40.6226],[45.3338,40.6296],[45.32,40.6421]]}},{"type":"Feature","properties":{"waterway":"river","name":"Վանաձոր"},"geometry":{"type":"LineString","coordinates":[[44.4852,40.7864],[44.4854,40.7866]]}},{"type":"Feature","properties":{"waterway":"river","name":"Վանաձոր"},"geometry":{"type":"LineString","coordinates":[[44.4854,40.7866],[44.4922,40.7986]]}},{"type":"Feature","properties":{"waterway":"river","name":"Արփա"},"geometry":{"type":"LineString","coordinates":[[45.5641,39.7021],[45.5602,39.7006],[45.5605,39.6967],[45.5546,39.6908],[45.5387,39.6926],[45.5209,39.6879],[45.5153,39.69],[45.5042,39.6821],[45.4957,39.6858],[45.4872,39.6817],[45.4758,39.687],[45.4662,39.6875],[45.4487,39.6934],[45.4358,39.7011],[45.4349,39.7044],[45.4229,39.7087],[45.4223,39.7137],[45.412,39.7155]]}},{"type":"Feature","properties":{"waterway":"river","name":"Ելփին"},"geometry":{"type":"LineString","coordinates":[[45.188,39.7258],[45.1887,39.7248]]}},{"type":"Feature","properties":{"waterway":"river","name":null},"geometry":{"type":"LineString","coordinates":[[45.7278,39.6016],[45.7424,39.5996],[45.7541,39.6012],[45.7579,39.6049],[45.7577,39.6087],[45.7639,39.6174],[45.7659,39.6276],[45.7704,39.635],[45.7756,39.6379],[45.7781,39.6443],[45.7852,39.6514],[45.7902,39.6519]]}},{"type":"Feature","properties":{"waterway":"river","name":null},"geometry":{"type":"LineString","coordinates":[[45.7785,39.5946],[45.7761,39.5995],[45.7776,39.6067],[45.7864,39.6155],[45.7984,39.6208],[45.8086,39.6314],[45.817,39.6359]]}},{"type":"Feature","properties":{"waterway":"river","name":null},"geometry":{"type":"LineString","coordinates":[[45.7896,39.7607],[45.7808,39.7543],[45.7833,39.7508],[45.7839,39.7408],[45.7867,39.74],[45.7893,39.734],[45.7848,39.7254],[45.7885,39.7155],[45.7851,39.7119],[45.7847,39.7064],[45.7744,39.6985],[45.7734,39.6919]]}},{"type":"Feature","properties":{"waterway":"river","name":"Քաշունի"},"geometry":{"type":"LineString","coordinates":[[46.411,39.3372],[46.4123,39.3375]]}},{"type":"Feature","properties":{"waterway":"river","name":"Քաշունի"},"geometry":{"type":"LineString","coordinates":[[46.3059,39.355],[46.324,39.348],[46.33,39.3472],[46.3323,39.3501],[46.3455,39.3493],[46.3647,39.3421],[46.3758,39.3425],[46.3795,39.3378],[46.3854,39.3364],[46.3905,39.3392],[46.3994,39.3379],[46.4042,39.34],[46.411,39.3372]]}},{"type":"Feature","properties":{"waterway":"river","name":"Çayzəmi"},"geometry":{"type":"LineString","coordinates":[[46.4678,39.3373],[46.4787,39.3373],[46.4839,39.3328],[46.4839,39.3271],[46.497,39.3241],[46.5016,39.3269],[46.5079,39.3262],[46.5078,39.3243],[46.5159,39.3235],[46.5153,39.3217],[46.5286,39.3156],[46.5358,39.3088],[46.5507,39.3027],[46.5536,39.304],[46.5531,39.3116],[46.5569,39.3161],[46.5786,39.3171],[46.5853,39.3129],[46.5869,39.3161],[46.5902,39.3162],[46.5955,39.3129],[46.6031,39.3137],[46.6093,39.3201],[46.6135,39.3212]]}},{"type":"Feature","properties":{"waterway":"river","name":"Հավսաթաղք"},"geometry":{"type":"LineString","coordinates":[[45.5876,40.3815],[45.5798,40.3745],[45.5745,40.3729],[45.5711,40.3676]]}},{"type":"Feature","properties":{"waterway":"river","name":null},"geometry":{"type":"LineString","coordinates":[[46.0265,39.4218],[46.0271,39.4368],[46.0244,39.4431],[46.0267,39.4501],[46.0236,39.4634]]}},{"type":"Feature","properties":{"waterway":"river","name":"Աղանձուգետ"},"geometry":{"type":"LineString","coordinates":[[46.2318,39.3201],[46.2249,39.3431],[46.2299,39.353],[46.2352,39.3565]]}},{"type":"Feature","properties":{"waterway":"river","name":null},"geometry":{"type":"LineString","coordinates":[[44.5132,40.2229],[44.5123,40.2223]]}},{"type":"Feature","properties":{"waterway":"river","name":null},"geometry":{"type":"LineString","coordinates":[[44.5203,40.2195],[44.52,40.2197]]}},{"type":"Feature","properties":{"waterway":"river","name":"Լիճք"},"geometry":{"type":"LineString","coordinates":[[45.2427,40.1662],[45.2498,40.169],[45.2538,40.1775],[45.2479,40.182],[45.2495,40.1859]]}},{"type":"Feature","properties":{"waterway":"canal","name":"Արզնի Շամիրամ ջրանցք"},"geometry":{"type":"LineString","coordinates":[[44.2175,40.3012],[44.2166,40.3013]]}},{"type":"Feature","properties":{"waterway":"canal","name":"Արզնի Շամիրամ ջրանցք"},"geometry":{"type":"LineString","coordinates":[[44.2166,40.3013],[44.2136,40.3046],[44.2093,40.3052]]}},{"type":"Feature","properties":{"waterway":"river","name":"Լիճք"},"geometry":{"type":"LineString","coordinates":[[45.2423,40.1658],[45.2427,40.1662]]}},{"type":"Feature","properties":{"waterway":"river","name":"Լիճք"},"geometry":{"type":"LineString","coordinates":[[45.2365,40.1599],[45.2423,40.1658]]}},{"type":"Feature","properties":{"waterway":"river","name":"Լեռնաջուր"},"geometry":{"type":"LineString","coordinates":[[44.4364,40.7286],[44.4267,40.7321],[44.418,40.7321],[44.4142,40.7356],[44.4075,40.752],[44.3845,40.7623],[44.3855,40.766],[44.3747,40.7753],[44.3751,40.7805],[44.3726,40.783],[44.3776,40.8012]]}},{"type":"Feature","properties":{"waterway":"river","name":"Վանաձոր"},"geometry":{"type":"LineString","coordinates":[[44.4785,40.735],[44.4723,40.7433],[44.4689,40.764],[44.4852,40.7864]]}},{"type":"Feature","properties":{"waterway":"river","name":"Մարմարիկ"},"geometry":{"type":"LineString","coordinates":[[44.403,40.6773],[44.4198,40.6731],[44.4395,40.6768],[44.4574,40.6737]]}},{"type":"Feature","properties":{"waterway":"canal","name":null},"geometry":{"type":"LineString","coordinates":[[45.4471,40.8048],[45.4482,40.8068]]}},{"type":"Feature","properties":{"waterway":"canal","name":null},"geometry":{"type":"LineString","coordinates":[[44.7229,39.812],[44.734,39.8162],[44.7563,39.8078],[44.7763,39.7823],[44.7811,39.7713],[44.7932,39.7628],[44.8104,39.7592],[44.8149,39.7562]]}},{"type":"Feature","properties":{"waterway":"canal","name":null},"geometry":{"type":"LineString","coordinates":[[44.7227,39.8119],[44.7229,39.812]]}},{"type":"Feature","properties":{"waterway":"river","name":"Դալար"},"geometry":{"type":"LineString","coordinates":[[44.5635,40.5173],[44.5715,40.5072],[44.5914,40.4988],[44.5941,40.4949],[44.594,40.4874],[44.603,40.4667],[44.6033,40.4563],[44.6091,40.4486],[44.6083,40.4403]]}},{"type":"Feature","properties":{"waterway":"canal","name":null},"geometry":{"type":"LineString","coordinates":[[43.8923,40.6626],[43.8918,40.6627]]}},{"type":"Feature","properties":{"waterway":"canal","name":null},"geometry":{"type":"LineString","coordinates":[[43.9021,40.6617],[43.8923,40.6626]]}},{"type":"Feature","properties":{"waterway":"canal","name":null},"geometry":{"type":"LineString","coordinates":[[45.7608,39.8713],[45.7464,39.8663],[45.7433,39.8606],[45.7366,39.8567],[45.7338,39.8526],[45.737,39.8509],[45.7334,39.847],[45.7336,39.8435],[45.7305,39.8431],[45.7269,39.8473],[45.7222,39.8469],[45.7184,39.843],[45.7147,39.8447],[45.7008,39.841]]}},{"type":"Feature","properties":{"waterway":"canal","name":null},"geometry":{"type":"LineString","coordinates":[[44.2282,40.4147],[44.2305,40.4007]]}},{"type":"Feature","properties":{"waterway":"canal","name":null},"geometry":{"type":"LineString","coordinates":[[44.2346,40.3859],[44.2351,40.3857]]}},{"type":"Feature","properties":{"waterway":"canal","name":null},"geometry":{"type":"LineString","coordinates":[[43.9183,40.7358],[43.9163,40.7309],[43.915,40.7329],[43.9079,40.7332]]}},{"type":"Feature","properties":{"waterway":"canal","name":"Այգաբացի ջրանցք"},"geometry":{"type":"LineString","coordinates":[[43.9894,40.7248],[43.9915,40.7238],[43.9886,40.7193],[43.9912,40.7179],[43.984,40.7121],[43.983,40.7041],[43.9772,40.7021],[43.9735,40.6968],[43.9584,40.6995],[43.9534,40.7029],[43.9504,40.7],[43.9506,40.6975],[43.9562,40.6939],[43.9534,40.6896],[43.9406,40.6871],[43.935,40.6907],[43.93,40.687]]}},{"type":"Feature","properties":{"waterway":"canal","name":"Այգաբացի ջրանցք"},"geometry":{"type":"LineString","coordinates":[[43.9379,40.7481],[43.9349,40.7437],[43.9496,40.7436],[43.9538,40.7402],[43.9532,40.7351],[43.9613,40.7278]]}},{"type":"Feature","properties":{"waterway":"canal","name":null},"geometry":{"type":"LineString","coordinates":[[43.96,40.7781],[43.959,40.7808]]}},{"type":"Feature","properties":{"waterway":"canal","name":null},"geometry":{"type":"LineString","coordinates":[[43.9602,40.7736],[43.9604,40.7768]]}},{"type":"Feature","properties":{"waterway":"river","name":null},"geometry":{"type":"LineString","coordinates":[[44.1958,40.8869],[44.1982,40.8763],[44.1962,40.8681],[44.1934,40.8657],[44.198,40.8569]]}},{"type":"Feature","properties":{"waterway":"canal","name":"Արբաթ ջրանցք"},"geometry":{"type":"LineString","coordinates":[[44.4191,40.1337],[44.4173,40.1312],[44.4129,40.1324]]}},{"type":"Feature","properties":{"waterway":"canal","name":"Արբաթ ջրանցք"},"geometry":{"type":"LineString","coordinates":[[44.421,40.136],[44.4191,40.1337]]}},{"type":"Feature","properties":{"waterway":"canal","name":"Էջմիածնի ջրանցք"},"geometry":{"type":"LineString","coordinates":[[44.4404,40.1566],[44.4364,40.1579]]}},{"type":"Feature","properties":{"waterway":"canal","name":"Էջմիածնի ջրանցք"},"geometry":{"type":"LineString","coordinates":[[44.4408,40.1564],[44.4404,40.1566]]}},{"type":"Feature","properties":{"waterway":"canal","name":null},"geometry":{"type":"LineString","coordinates":[[44.156,40.1426],[44.1558,40.1426]]}},{"type":"Feature","properties":{"waterway":"canal","name":null},"geometry":{"type":"LineString","coordinates":[[44.1558,40.1428],[44.1558,40.1434]]}},{"type":"Feature","properties":{"waterway":"canal","name":null},"geometry":{"type":"LineString","coordinates":[[44.1558,40.1436],[44.1545,40.1458]]}},{"type":"Feature","properties":{"waterway":"canal","name":null},"geometry":{"type":"LineString","coordinates":[[44.1558,40.1434],[44.1558,40.1436]]}},{"type":"Feature","properties":{"waterway":"canal","name":null},"geometry":{"type":"LineString","coordinates":[[44.1545,40.1458],[44.1544,40.1459]]}},{"type":"Feature","properties":{"waterway":"canal","name":null},"geometry":{"type":"LineString","coordinates":[[44.1544,40.1459],[44.1531,40.1477]]}},{"type":"Feature","properties":{"waterway":"canal","name":null},"geometry":{"type":"LineString","coordinates":[[44.1531,40.1477],[44.1528,40.148]]}},{"type":"Feature","properties":{"waterway":"canal","name":null},"geometry":{"type":"LineString","coordinates":[[44.1519,40.1491],[44.15,40.15],[44.1516,40.1556],[44.1445,40.1584],[44.1165,40.1502],[44.1097,40.1526]]}},{"type":"Feature","properties":{"waterway":"canal","name":null},"geometry":{"type":"LineString","coordinates":[[44.1515,40.1342],[44.1569,40.1399]]}},{"type":"Feature","properties":{"waterway":"canal","name":"Սելիվ֊Մաստարա կանալ"},"geometry":{"type":"LineString","coordinates":[[44.1509,40.1341],[44.1515,40.1342]]}},{"type":"Feature","properties":{"waterway":"canal","name":"Սելիվ֊Մաստարա կանալ"},"geometry":{"type":"LineString","coordinates":[[44.1515,40.1342],[44.1568,40.1165]]}},{"type":"Feature","properties":{"waterway":"river","name":"Քասաղ"},"geometry":{"type":"LineString","coordinates":[[44.3254,40.6056],[44.3292,40.6019],[44.337,40.6016],[44.3459,40.594],[44.3567,40.59],[44.3619,40.5905],[44.3841,40.5815]]}},{"type":"Feature","properties":{"waterway":"river","name":"Քասախ"},"geometry":{"type":"LineString","coordinates":[[44.3267,40.6338],[44.3357,40.6274],[44.3323,40.6251],[44.3333,40.6195],[44.3309,40.6182]]}},{"type":"Feature","properties":{"waterway":"river","name":"Քասաղ"},"geometry":{"type":"LineString","coordinates":[[44.3841,40.5815],[44.3989,40.5805],[44.4109,40.5695],[44.412,40.5605],[44.4243,40.5398],[44.4228,40.5351],[44.4247,40.5285],[44.4219,40.5255],[44.4248,40.5233],[44.4285,40.51],[44.4339,40.5037],[44.4382,40.4849]]}},{"type":"Feature","properties":{"waterway":"river","name":null},"geometry":{"type":"LineString","coordinates":[[45.9606,39.4635],[45.9857,39.4742],[45.9936,39.4707],[46.0146,39.4808],[46.0423,39.488],[46.046,39.4871],[46.051,39.4931]]}},{"type":"Feature","properties":{"waterway":"canal","name":"Արփա֊Սևան"},"geometry":{"type":"LineString","coordinates":[[45.4896,39.8999],[45.468,39.9317],[45.4543,40.0067],[45.4518,40.0834],[45.4942,40.1466],[45.4947,40.1544]]}},{"type":"Feature","properties":{"waterway":"canal","name":null},"geometry":{"type":"LineString","coordinates":[[45.5371,39.7001],[45.5354,39.6991]]}},{"type":"Feature","properties":{"waterway":"river","name":"Արգիճի"},"geometry":{"type":"LineString","coordinates":[[45.1962,40.0177],[45.2004,40.0166],[45.1984,40.0143],[45.202,40.0149]]}},{"type":"Feature","properties":{"waterway":"canal","name":"Մխչյանի ջրանցք"},"geometry":{"type":"LineString","coordinates":[[44.5137,40.0329],[44.5138,40.0326]]}},{"type":"Feature","properties":{"waterway":"canal","name":"Ախուրյանի աջափնյա ջրանցք"},"geometry":{"type":"LineString","coordinates":[[43.7273,40.9272],[43.7241,40.9244]]}},{"type":"Feature","properties":{"waterway":"river","name":"Ամասիա"},"geometry":{"type":"LineString","coordinates":[[43.7592,40.9658],[43.7692,40.9627],[43.7848,40.9529]]}},{"type":"Feature","properties":{"waterway":"river","name":null},"geometry":{"type":"LineString","coordinates":[[46.5066,39.1798],[46.5075,39.1793]]}},{"type":"Feature","properties":{"waterway":"river","name":null},"geometry":{"type":"LineString","coordinates":[[46.5033,39.182],[46.5096,39.1776]]}},{"type":"Feature","properties":{"waterway":"canal","name":null},"geometry":{"type":"LineString","coordinates":[[46.3715,39.4272],[46.3715,39.4269]]}},{"type":"Feature","properties":{"waterway":"canal","name":null},"geometry":{"type":"LineString","coordinates":[[46.3713,39.4271],[46.3714,39.4269]]}},{"type":"Feature","properties":{"waterway":"canal","name":null},"geometry":{"type":"LineString","coordinates":[[46.3716,39.4272],[46.3717,39.427]]}},{"type":"Feature","properties":{"waterway":"canal","name":null},"geometry":{"type":"LineString","coordinates":[[46.1309,39.4733],[46.1313,39.4731]]}},{"type":"Feature","properties":{"waterway":"canal","name":null},"geometry":{"type":"LineString","coordinates":[[45.9137,39.573],[45.9139,39.5728]]}},{"type":"Feature","properties":{"waterway":"river","name":"Կողբ"},"geometry":{"type":"LineString","coordinates":[[44.9315,41.1451],[44.9543,41.165],[44.9549,41.1705],[44.9704,41.1759],[44.9763,41.1836],[44.9878,41.1912]]}},{"type":"Feature","properties":{"waterway":"canal","name":null},"geometry":{"type":"LineString","coordinates":[[44.9075,40.1573],[44.9083,40.1568]]}},{"type":"Feature","properties":{"waterway":"canal","name":null},"geometry":{"type":"LineString","coordinates":[[44.9071,40.1592],[44.9071,40.1577]]}},{"type":"Feature","properties":{"waterway":"river","name":"Արփա"},"geometry":{"type":"LineString","coordinates":[[45.2909,39.734],[45.2888,39.7349]]}},{"type":"Feature","properties":{"waterway":"river","name":"Վանաձոր"},"geometry":{"type":"LineString","coordinates":[[44.4801,40.7223],[44.4785,40.735]]}},{"type":"Feature","properties":{"waterway":"river","name":"Լեռնաջուր"},"geometry":{"type":"LineString","coordinates":[[44.474,40.7157],[44.4707,40.7226],[44.4587,40.7231]]}},{"type":"Feature","properties":{"waterway":"river","name":"Հաղարծին"},"geometry":{"type":"LineString","coordinates":[[44.8923,40.806],[44.8976,40.801],[44.9091,40.7982],[44.9149,40.793],[44.9183,40.7847],[44.9281,40.7763]]}},{"type":"Feature","properties":{"waterway":"canal","name":null},"geometry":{"type":"LineString","coordinates":[[44.8376,41.119],[44.8382,41.1198]]}},{"type":"Feature","properties":{"waterway":"river","name":"Փշոնք"},"geometry":{"type":"LineString","coordinates":[[45.5187,39.5852],[45.5186,39.5852]]}},{"type":"Feature","properties":{"waterway":"canal","name":null},"geometry":{"type":"LineString","coordinates":[[44.169,40.2851],[44.1688,40.2849]]}},{"type":"Feature","properties":{"waterway":"canal","name":null},"geometry":{"type":"LineString","coordinates":[[44.1688,40.2849],[44.1593,40.2832],[44.1639,40.2777],[44.1604,40.279],[44.1585,40.2753]]}},{"type":"Feature","properties":{"waterway":"river","name":null},"geometry":{"type":"LineString","coordinates":[[43.841,40.7808],[43.841,40.7813]]}},{"type":"Feature","properties":{"waterway":"canal","name":null},"geometry":{"type":"LineString","coordinates":[[43.6804,40.3215],[43.6774,40.3191]]}},{"type":"Feature","properties":{"waterway":"canal","name":null},"geometry":{"type":"LineString","coordinates":[[43.7216,40.3391],[43.7211,40.3392]]}},{"type":"Feature","properties":{"waterway":"canal","name":null},"geometry":{"type":"LineString","coordinates":[[43.7216,40.3391],[43.7287,40.3399],[43.7338,40.3452],[43.7516,40.3402],[43.754,40.3311],[43.7595,40.3278],[43.7598,40.3245],[43.7786,40.318]]}},{"type":"Feature","properties":{"waterway":"canal","name":null},"geometry":{"type":"LineString","coordinates":[[43.7094,40.3329],[43.7076,40.3316]]}},{"type":"Feature","properties":{"waterway":"canal","name":null},"geometry":{"type":"LineString","coordinates":[[43.7116,40.3345],[43.7094,40.3329]]}},{"type":"Feature","properties":{"waterway":"canal","name":null},"geometry":{"type":"LineString","coordinates":[[43.7211,40.3392],[43.7163,40.3386],[43.7164,40.336],[43.7116,40.3345]]}},{"type":"Feature","properties":{"waterway":"canal","name":null},"geometry":{"type":"LineString","coordinates":[[43.7076,40.3316],[43.7007,40.3301],[43.6903,40.3345],[43.6831,40.3317]]}},{"type":"Feature","properties":{"waterway":"canal","name":"Արագածավան-Արտենի ջրանցք"},"geometry":{"type":"LineString","coordinates":[[43.654,40.325],[43.6567,40.3177],[43.6633,40.3129],[43.6692,40.3119],[43.6694,40.3054],[43.6742,40.3034],[43.6748,40.2967],[43.6852,40.282],[43.7134,40.269],[43.7157,40.2812],[43.72,40.2916],[43.7224,40.2926],[43.7442,40.2748],[43.7536,40.2641],[43.7536,40.2583],[43.7495,40.2555],[43.7526,40.251]]}},{"type":"Feature","properties":{"waterway":"canal","name":"Արագածավան-Արտենի ջրանցք"},"geometry":{"type":"LineString","coordinates":[[43.7526,40.251],[43.7645,40.2485],[43.7699,40.244],[43.7689,40.2398],[43.7775,40.2292]]}},{"type":"Feature","properties":{"waterway":"canal","name":null},"geometry":{"type":"LineString","coordinates":[[43.7526,40.251],[43.7555,40.2489]]}},{"type":"Feature","properties":{"waterway":"canal","name":null},"geometry":{"type":"LineString","coordinates":[[43.7555,40.2489],[43.7561,40.2484]]}},{"type":"Feature","properties":{"waterway":"canal","name":null},"geometry":{"type":"LineString","coordinates":[[43.7561,40.2484],[43.7563,40.2464]]}},{"type":"Feature","properties":{"waterway":"canal","name":null},"geometry":{"type":"LineString","coordinates":[[43.7563,40.2464],[43.7567,40.246]]}},{"type":"Feature","properties":{"waterway":"canal","name":null},"geometry":{"type":"LineString","coordinates":[[43.7567,40.246],[43.758,40.2443],[43.7557,40.2439]]}},{"type":"Feature","properties":{"waterway":"canal","name":null},"geometry":{"type":"LineString","coordinates":[[43.7557,40.2439],[43.7551,40.2432]]}},{"type":"Feature","properties":{"waterway":"canal","name":null},"geometry":{"type":"LineString","coordinates":[[43.7551,40.2432],[43.7563,40.2371],[43.7525,40.2386],[43.7495,40.2361]]}},{"type":"Feature","properties":{"waterway":"canal","name":null},"geometry":{"type":"LineString","coordinates":[[43.7495,40.2361],[43.7496,40.2356]]}},{"type":"Feature","properties":{"waterway":"canal","name":null},"geometry":{"type":"LineString","coordinates":[[44.5014,40.1643],[44.5007,40.1639]]}},{"type":"Feature","properties":{"waterway":"canal","name":null},"geometry":{"type":"LineString","coordinates":[[46.274,39.217],[46.2736,39.2165]]}},{"type":"Feature","properties":{"waterway":"canal","name":null},"geometry":{"type":"LineString","coordinates":[[46.2736,39.2165],[46.2723,39.2149]]}},{"type":"Feature","properties":{"waterway":"river","name":"Հովաջուր"},"geometry":{"type":"LineString","coordinates":[[44.8659,40.7395],[44.8671,40.7403]]}},{"type":"Feature","properties":{"waterway":"river","name":"Հովաջուր"},"geometry":{"type":"LineString","coordinates":[[44.8655,40.7392],[44.8659,40.7395]]}},{"type":"Feature","properties":{"waterway":"river","name":null},"geometry":{"type":"LineString","coordinates":[[43.8965,40.8236],[43.8878,40.8113]]}},{"type":"Feature","properties":{"waterway":"canal","name":null},"geometry":{"type":"LineString","coordinates":[[44.7639,40.5081],[44.7636,40.5082]]}},{"type":"Feature","properties":{"waterway":"canal","name":null},"geometry":{"type":"LineString","coordinates":[[44.3674,40.0768],[44.3375,40.0778]]}},{"type":"Feature","properties":{"waterway":"river","name":null},"geometry":{"type":"LineString","coordinates":[[44.66,40.1031],[44.6491,40.0959],[44.6477,40.0919],[44.6386,40.0891],[44.637,40.0854],[44.6199,40.0751],[44.6174,40.0694]]}},{"type":"Feature","properties":{"waterway":"river","name":null},"geometry":{"type":"LineString","coordinates":[[44.6603,40.1032],[44.66,40.1031]]}},{"type":"Feature","properties":{"waterway":"river","name":null},"geometry":{"type":"LineString","coordinates":[[44.7204,40.1177],[44.7146,40.1151],[44.6957,40.1171],[44.6819,40.112],[44.6722,40.1118],[44.6603,40.1032]]}},{"type":"Feature","properties":{"waterway":"river","name":null},"geometry":{"type":"LineString","coordinates":[[44.7288,40.1227],[44.7285,40.1225]]}},{"type":"Feature","properties":{"waterway":"river","name":"Մարտիրոս"},"geometry":{"type":"LineString","coordinates":[[45.5186,39.5852],[45.5155,39.59],[45.5166,39.5986],[45.5135,39.6017],[45.5152,39.606],[45.5097,39.6071],[45.5042,39.6118],[45.5074,39.6163],[45.5047,39.6223]]}},{"type":"Feature","properties":{"waterway":"river","name":"Ծար"},"geometry":{"type":"LineString","coordinates":[[44.6145,40.6032],[44.6147,40.6034]]}},{"type":"Feature","properties":{"waterway":"river","name":"Ծար"},"geometry":{"type":"LineString","coordinates":[[44.6147,40.6034],[44.6153,40.6044]]}},{"type":"Feature","properties":{"waterway":"canal","name":"Արտաշատի ջրանցք"},"geometry":{"type":"LineString","coordinates":[[44.5003,40.1865],[44.4961,40.1827],[44.5014,40.1754]]}},{"type":"Feature","properties":{"waterway":"canal","name":null},"geometry":{"type":"LineString","coordinates":[[44.817,41.1765],[44.8196,41.1763]]}},{"type":"Feature","properties":{"waterway":"canal","name":null},"geometry":{"type":"LineString","coordinates":[[44.8196,41.1762],[44.8259,41.1702]]}},{"type":"Feature","properties":{"waterway":"canal","name":null},"geometry":{"type":"LineString","coordinates":[[44.8196,41.1763],[44.8196,41.1762]]}},{"type":"Feature","properties":{"waterway":"canal","name":"Փարաքար ջրանցք"},"geometry":{"type":"LineString","coordinates":[[44.4329,40.1591],[44.4318,40.1591]]}},{"type":"Feature","properties":{"waterway":"canal","name":"Փարաքար ջրանցք"},"geometry":{"type":"LineString","coordinates":[[44.4331,40.1591],[44.4329,40.1591]]}},{"type":"Feature","properties":{"waterway":"river","name":"Եղեգիս"},"geometry":{"type":"LineString","coordinates":[[45.3097,39.7557],[45.3099,39.7551]]}},{"type":"Feature","properties":{"waterway":"river","name":"Որոտան"},"geometry":{"type":"LineString","coordinates":[[45.9188,39.567],[45.9249,39.5637]]}},{"type":"Feature","properties":{"waterway":"canal","name":"Փարաքար ջրանցք"},"geometry":{"type":"LineString","coordinates":[[44.4303,40.1619],[44.4303,40.1674],[44.4274,40.1692],[44.4184,40.1676]]}},{"type":"Feature","properties":{"waterway":"canal","name":"Փարաքար ջրանցք"},"geometry":{"type":"LineString","coordinates":[[44.4182,40.1678],[44.4111,40.17]]}},{"type":"Feature","properties":{"waterway":"canal","name":"Փարաքար ջրանցք"},"geometry":{"type":"LineString","coordinates":[[44.4184,40.1676],[44.4182,40.1678]]}},{"type":"Feature","properties":{"waterway":"canal","name":"Փարաքար ջրանցք"},"geometry":{"type":"LineString","coordinates":[[44.4057,40.1675],[44.3978,40.1684]]}},{"type":"Feature","properties":{"waterway":"canal","name":"Փարաքար ջրանցք"},"geometry":{"type":"LineString","coordinates":[[44.4111,40.17],[44.4108,40.17]]}},{"type":"Feature","properties":{"waterway":"river","name":null},"geometry":{"type":"LineString","coordinates":[[43.6085,41.0808],[43.6094,41.0805]]}},{"type":"Feature","properties":{"waterway":"river","name":null},"geometry":{"type":"LineString","coordinates":[[44.3867,40.9635],[44.4075,40.9709]]}},{"type":"Feature","properties":{"waterway":"river","name":"Արփա"},"geometry":{"type":"LineString","coordinates":[[45.2103,39.731],[45.209,39.7322]]}},{"type":"Feature","properties":{"waterway":"river","name":"Արփա"},"geometry":{"type":"LineString","coordinates":[[45.209,39.7322],[45.1978,39.7328],[45.197,39.73],[45.1876,39.7233],[45.1802,39.7214],[45.1699,39.72],[45.1575,39.7224]]}},{"type":"Feature","properties":{"waterway":"river","name":"Արփա"},"geometry":{"type":"LineString","coordinates":[[45.2103,39.731],[45.209,39.7322]]}},{"type":"Feature","properties":{"waterway":"canal","name":null},"geometry":{"type":"LineString","coordinates":[[45.5173,39.5859],[45.5186,39.5852]]}},{"type":"Feature","properties":{"waterway":"canal","name":null},"geometry":{"type":"LineString","coordinates":[[45.5154,39.587],[45.517,39.5864]]}},{"type":"Feature","properties":{"waterway":"canal","name":null},"geometry":{"type":"LineString","coordinates":[[44.1861,40.1117],[44.1846,40.112]]}},{"type":"Feature","properties":{"waterway":"canal","name":null},"geometry":{"type":"LineString","coordinates":[[44.1968,40.1153],[44.1861,40.1117]]}},{"type":"Feature","properties":{"waterway":"canal","name":null},"geometry":{"type":"LineString","coordinates":[[44.1565,40.1112],[44.1561,40.1106]]}},{"type":"Feature","properties":{"waterway":"canal","name":null},"geometry":{"type":"LineString","coordinates":[[44.1603,40.1147],[44.1565,40.1112]]}},{"type":"Feature","properties":{"waterway":"canal","name":null},"geometry":{"type":"LineString","coordinates":[[45.7099,40.1861],[45.7099,40.1863]]}},{"type":"Feature","properties":{"waterway":"canal","name":"Լուսակունք"},"geometry":{"type":"LineString","coordinates":[[45.7065,40.1953],[45.697,40.2004],[45.6965,40.214]]}},{"type":"Feature","properties":{"waterway":"canal","name":"Լոռվա ջրանցք"},"geometry":{"type":"LineString","coordinates":[[44.3579,41.0392],[44.3581,41.0393]]}},{"type":"Feature","properties":{"waterway":"canal","name":"Լոռվա ջրանցք"},"geometry":{"type":"LineString","coordinates":[[44.3581,41.0393],[44.3656,41.0368],[44.3804,41.0425]]}},{"type":"Feature","properties":{"waterway":"river","name":"Որոտան"},"geometry":{"type":"LineString","coordinates":[[45.7763,39.6853],[45.7767,39.6847]]}},{"type":"Feature","properties":{"waterway":"river","name":"Որոտան"},"geometry":{"type":"LineString","coordinates":[[45.7767,39.6847],[45.8089,39.6662],[45.8286,39.6511],[45.8354,39.6483],[45.8483,39.6498]]}},{"type":"Feature","properties":{"waterway":"river","name":null},"geometry":{"type":"LineString","coordinates":[[45.7776,39.6837],[45.788,39.6801]]}},{"type":"Feature","properties":{"waterway":"river","name":null},"geometry":{"type":"LineString","coordinates":[[45.7843,39.6822],[45.7871,39.6795]]}},{"type":"Feature","properties":{"waterway":"river","name":"Շառաչող"},"geometry":{"type":"LineString","coordinates":[[45.844,39.6682],[45.8436,39.6678]]}},{"type":"Feature","properties":{"waterway":"river","name":"Շառաչող"},"geometry":{"type":"LineString","coordinates":[[45.8436,39.6678],[45.8384,39.6648]]}},{"type":"Feature","properties":{"waterway":"river","name":"Աղանձուգետ"},"geometry":{"type":"LineString","coordinates":[[46.2454,39.3668],[46.2455,39.3669]]}},{"type":"Feature","properties":{"waterway":"river","name":"Քարահանուց"},"geometry":{"type":"LineString","coordinates":[[46.2407,39.372],[46.2412,39.372]]}},{"type":"Feature","properties":{"waterway":"river","name":"Աղանձուգետ"},"geometry":{"type":"LineString","coordinates":[[46.2455,39.3669],[46.2534,39.3726],[46.257,39.3808],[46.2646,39.3885]]}},{"type":"Feature","properties":{"waterway":"canal","name":null},"geometry":{"type":"LineString","coordinates":[[44.761,40.4808],[44.7608,40.4808]]}},{"type":"Feature","properties":{"waterway":"canal","name":null},"geometry":{"type":"LineString","coordinates":[[44.7608,40.4808],[44.7603,40.4808]]}},{"type":"Feature","properties":{"waterway":"canal","name":null},"geometry":{"type":"LineString","coordinates":[[44.7647,40.4808],[44.7644,40.4809]]}},{"type":"Feature","properties":{"waterway":"canal","name":null},"geometry":{"type":"LineString","coordinates":[[44.7644,40.4809],[44.761,40.4808]]}},{"type":"Feature","properties":{"waterway":"canal","name":"Էջմիածնի ջրանցք"},"geometry":{"type":"LineString","coordinates":[[44.4422,40.1559],[44.4421,40.156]]}},{"type":"Feature","properties":{"waterway":"canal","name":"Էջմիածնի ջրանցք"},"geometry":{"type":"LineString","coordinates":[[44.4421,40.156],[44.4408,40.1564]]}},{"type":"Feature","properties":{"waterway":"canal","name":"Էջմիածնի ջրանցք"},"geometry":{"type":"LineString","coordinates":[[44.4288,40.158],[44.4286,40.158]]}},{"type":"Feature","properties":{"waterway":"canal","name":"Էջմիածնի ջրանցք"},"geometry":{"type":"LineString","coordinates":[[44.4323,40.1574],[44.4319,40.1574]]}},{"type":"Feature","properties":{"waterway":"canal","name":"Էջմիածնի ջրանցք"},"geometry":{"type":"LineString","coordinates":[[44.4324,40.1575],[44.4323,40.1574]]}},{"type":"Feature","properties":{"waterway":"canal","name":null},"geometry":{"type":"LineString","coordinates":[[44.4364,40.1579],[44.4324,40.1575]]}},{"type":"Feature","properties":{"waterway":"canal","name":"Էջմիածնի ջրանցք"},"geometry":{"type":"LineString","coordinates":[[44.4319,40.1574],[44.4288,40.158]]}},{"type":"Feature","properties":{"waterway":"canal","name":"Արզնի Շամիրամ ջրանցք"},"geometry":{"type":"LineString","coordinates":[[44.2663,40.3192],[44.2661,40.3192]]}},{"type":"Feature","properties":{"waterway":"canal","name":"Արզնի Շամիրամ ջրանցք"},"geometry":{"type":"LineString","coordinates":[[44.2661,40.3192],[44.2595,40.3187]]}},{"type":"Feature","properties":{"waterway":"river","name":"Akhurian"},"geometry":{"type":"LineString","coordinates":[[43.8067,40.7974],[43.809,40.7918]]}},{"type":"Feature","properties":{"waterway":"canal","name":null},"geometry":{"type":"LineString","coordinates":[[46.4273,39.4797],[46.4244,39.4707],[46.42,39.4718],[46.4205,39.475]]}},{"type":"Feature","properties":{"waterway":"canal","name":null},"geometry":{"type":"LineString","coordinates":[[44.6326,40.9597],[44.6337,40.9598]]}},{"type":"Feature","properties":{"waterway":"canal","name":null},"geometry":{"type":"LineString","coordinates":[[44.7058,40.4577],[44.7,40.4554]]}},{"type":"Feature","properties":{"waterway":"canal","name":null},"geometry":{"type":"LineString","coordinates":[[44.706,40.4578],[44.7058,40.4577]]}},{"type":"Feature","properties":{"waterway":"canal","name":null},"geometry":{"type":"LineString","coordinates":[[44.7197,40.4631],[44.706,40.4578]]}},{"type":"Feature","properties":{"waterway":"canal","name":null},"geometry":{"type":"LineString","coordinates":[[44.7199,40.4632],[44.7197,40.4631]]}},{"type":"Feature","properties":{"waterway":"canal","name":null},"geometry":{"type":"LineString","coordinates":[[45.6679,40.2096],[45.6968,40.2079]]}},{"type":"Feature","properties":{"waterway":"canal","name":null},"geometry":{"type":"LineString","coordinates":[[46.3291,39.348],[46.3295,39.3483]]}},{"type":"Feature","properties":{"waterway":"river","name":null},"geometry":{"type":"LineString","coordinates":[[44.2189,40.0661],[44.2127,40.0672],[44.2093,40.0761],[44.2033,40.0761]]}},{"type":"Feature","properties":{"waterway":"river","name":null},"geometry":{"type":"LineString","coordinates":[[44.2033,40.0761],[44.1976,40.0754],[44.1922,40.083],[44.1765,40.0822],[44.169,40.0858]]}},{"type":"Feature","properties":{"waterway":"river","name":"Որոտան"},"geometry":{"type":"LineString","coordinates":[[46.1642,39.457],[46.173,39.4498],[46.1748,39.4396],[46.1825,39.4287],[46.2039,39.4236],[46.2119,39.4195],[46.219,39.4194]]}},{"type":"Feature","properties":{"waterway":"canal","name":null},"geometry":{"type":"LineString","coordinates":[[46.2128,39.3852],[46.2211,39.3872]]}},{"type":"Feature","properties":{"waterway":"river","name":"Օձիձոր"},"geometry":{"type":"LineString","coordinates":[[44.2769,40.8349],[44.2772,40.8336]]}},{"type":"Feature","properties":{"waterway":"river","name":"Օձիձոր"},"geometry":{"type":"LineString","coordinates":[[44.2772,40.8334],[44.2775,40.8319]]}},{"type":"Feature","properties":{"waterway":"canal","name":"Սելիվ֊Մաստարա կանալ"},"geometry":{"type":"LineString","coordinates":[[44.1568,40.1164],[44.1594,40.1146]]}},{"type":"Feature","properties":{"waterway":"canal","name":"Սելիվ֊Մաստարա կանալ"},"geometry":{"type":"LineString","coordinates":[[44.1568,40.1165],[44.1568,40.1164]]}},{"type":"Feature","properties":{"waterway":"canal","name":null},"geometry":{"type":"LineString","coordinates":[[43.6773,40.3189],[43.6713,40.3173],[43.6677,40.3127]]}},{"type":"Feature","properties":{"waterway":"canal","name":null},"geometry":{"type":"LineString","coordinates":[[43.6774,40.3191],[43.6773,40.3189]]}},{"type":"Feature","properties":{"waterway":"canal","name":null},"geometry":{"type":"LineString","coordinates":[[46.2065,39.361],[46.2096,39.3648],[46.2086,39.3666]]}},{"type":"Feature","properties":{"waterway":"canal","name":null},"geometry":{"type":"LineString","coordinates":[[46.2295,39.3923],[46.2327,39.3944]]}},{"type":"Feature","properties":{"waterway":"canal","name":null},"geometry":{"type":"LineString","coordinates":[[46.2204,39.3882],[46.226,39.3879],[46.2285,39.3933]]}},{"type":"Feature","properties":{"waterway":"canal","name":null},"geometry":{"type":"LineString","coordinates":[[46.3556,39.4388],[46.3567,39.4381]]}},{"type":"Feature","properties":{"waterway":"canal","name":null},"geometry":{"type":"LineString","coordinates":[[46.3613,39.4323],[46.3617,39.4298]]}},{"type":"Feature","properties":{"waterway":"river","name":"Որոտան"},"geometry":{"type":"LineString","coordinates":[[45.8765,39.6266],[45.8979,39.6181],[45.9034,39.607],[45.9091,39.6057],[45.9147,39.5856],[45.9123,39.58],[45.9146,39.5756],[45.914,39.5703],[45.9238,39.5632],[45.9382,39.5604],[45.9496,39.5647],[45.9589,39.5647],[45.9696,39.5588],[45.9771,39.559],[45.9845,39.5496],[45.9896,39.5506],[45.9969,39.5474],[45.9966,39.5451],[46.0054,39.5461],[46.0068,39.5401],[46.0122,39.5403],[46.0108,39.5354],[46.0143,39.5278],[46.0305,39.5161],[46.0456,39.5125],[46.055,39.5159],[46.0607,39.5138],[46.0641,39.5178],[46.0675,39.5177],[46.0892,39.5052],[46.0948,39.4972],[46.1179,39.4978],[46.1274,39.489],[46.1377,39.488],[46.1398,39.4844]]}},{"type":"Feature","properties":{"waterway":"river","name":"Որոտան"},"geometry":{"type":"LineString","coordinates":[[45.8764,39.6266],[45.8765,39.6266]]}},{"type":"Feature","properties":{"waterway":"canal","name":"Գետառ"},"geometry":{"type":"LineString","coordinates":[[44.4963,40.1537],[44.495,40.1566]]}},{"type":"Feature","properties":{"waterway":"canal","name":"Գետառ"},"geometry":{"type":"LineString","coordinates":[[44.4964,40.1536],[44.4963,40.1537]]}},{"type":"Feature","properties":{"waterway":"canal","name":null},"geometry":{"type":"LineString","coordinates":[[46.413,39.3382],[46.4135,39.338]]}},{"type":"Feature","properties":{"waterway":"canal","name":null},"geometry":{"type":"LineString","coordinates":[[46.4129,39.3382],[46.413,39.3382]]}},{"type":"Feature","properties":{"waterway":"canal","name":null},"geometry":{"type":"LineString","coordinates":[[46.4115,39.3384],[46.4116,39.3384]]}},{"type":"Feature","properties":{"waterway":"canal","name":null},"geometry":{"type":"LineString","coordinates":[[46.4108,39.3382],[46.4115,39.3384]]}},{"type":"Feature","properties":{"waterway":"canal","name":null},"geometry":{"type":"LineString","coordinates":[[46.4106,39.3382],[46.4108,39.3382]]}},{"type":"Feature","properties":{"waterway":"canal","name":null},"geometry":{"type":"LineString","coordinates":[[46.4116,39.3384],[46.4129,39.3382]]}},{"type":"Feature","properties":{"waterway":"canal","name":null},"geometry":{"type":"LineString","coordinates":[[46.41,39.3381],[46.4106,39.3382]]}},{"type":"Feature","properties":{"waterway":"river","name":"Ախուրյան"},"geometry":{"type":"LineString","coordinates":[[43.7636,40.9158],[43.7625,40.9084],[43.7548,40.9052],[43.7531,40.8972],[43.7498,40.8959]]}},{"type":"Feature","properties":{"waterway":"canal","name":"Շիրակի ջրանցք"},"geometry":{"type":"LineString","coordinates":[[43.9098,40.8435],[43.9101,40.8436]]}},{"type":"Feature","properties":{"waterway":"canal","name":"Շիրակի ջրանցք"},"geometry":{"type":"LineString","coordinates":[[43.9097,40.8435],[43.9098,40.8435]]}},{"type":"Feature","properties":{"waterway":"canal","name":"Շիրակի ջրանցք"},"geometry":{"type":"LineString","coordinates":[[43.9102,40.8436],[43.9136,40.8436]]}},{"type":"Feature","properties":{"waterway":"canal","name":"Շիրակի ջրանցք"},"geometry":{"type":"LineString","coordinates":[[43.9101,40.8436],[43.9102,40.8436]]}},{"type":"Feature","properties":{"waterway":"canal","name":"Շիրակի ջրանցք"},"geometry":{"type":"LineString","coordinates":[[43.9137,40.8435],[43.9162,40.8423]]}},{"type":"Feature","properties":{"waterway":"canal","name":"Շիրակի ջրանցք"},"geometry":{"type":"LineString","coordinates":[[43.9136,40.8436],[43.9137,40.8435]]}},{"type":"Feature","properties":{"waterway":"canal","name":"Շիրակի ջրանցք"},"geometry":{"type":"LineString","coordinates":[[43.9162,40.8423],[43.921,40.8403]]}},{"type":"Feature","properties":{"waterway":"canal","name":"Շիրակի ջրանցք"},"geometry":{"type":"LineString","coordinates":[[43.9162,40.8423],[43.9162,40.8423]]}},{"type":"Feature","properties":{"waterway":"canal","name":"Շիրակի ջրանցք"},"geometry":{"type":"LineString","coordinates":[[43.9211,40.8403],[43.9249,40.841]]}},{"type":"Feature","properties":{"waterway":"canal","name":"Շիրակի ջրանցք"},"geometry":{"type":"LineString","coordinates":[[43.921,40.8403],[43.9211,40.8403]]}},{"type":"Feature","properties":{"waterway":"canal","name":"Շիրակի ջրանցք"},"geometry":{"type":"LineString","coordinates":[[43.9251,40.8408],[43.9292,40.8411],[43.9321,40.8316]]}},{"type":"Feature","properties":{"waterway":"canal","name":"Շիրակի ջրանցք"},"geometry":{"type":"LineString","coordinates":[[43.9249,40.841],[43.9251,40.8408]]}},{"type":"Feature","properties":{"waterway":"canal","name":"Շիրակի ջրանցք"},"geometry":{"type":"LineString","coordinates":[[43.9326,40.8291],[43.9339,40.8248],[43.9371,40.8243]]}},{"type":"Feature","properties":{"waterway":"canal","name":"Շիրակի ջրանցք"},"geometry":{"type":"LineString","coordinates":[[43.9326,40.8292],[43.9326,40.8291]]}},{"type":"Feature","properties":{"waterway":"canal","name":null},"geometry":{"type":"LineString","coordinates":[[43.9371,40.8244],[43.9426,40.8268],[43.944,40.8247]]}},{"type":"Feature","properties":{"waterway":"canal","name":null},"geometry":{"type":"LineString","coordinates":[[43.9371,40.8243],[43.9371,40.8244]]}},{"type":"Feature","properties":{"waterway":"canal","name":null},"geometry":{"type":"LineString","coordinates":[[43.9371,40.8243],[43.9371,40.8243]]}},{"type":"Feature","properties":{"waterway":"canal","name":null},"geometry":{"type":"LineString","coordinates":[[43.8905,40.8443],[43.8905,40.8444]]}},{"type":"Feature","properties":{"waterway":"canal","name":"Շիրակի ջրանցք"},"geometry":{"type":"LineString","coordinates":[[43.8808,40.8432],[43.8905,40.8443]]}},{"type":"Feature","properties":{"waterway":"canal","name":"Շիրակի ջրանցք"},"geometry":{"type":"LineString","coordinates":[[43.8807,40.8432],[43.8808,40.8432]]}},{"type":"Feature","properties":{"waterway":"canal","name":"Շիրակի ջրանցք"},"geometry":{"type":"LineString","coordinates":[[43.8758,40.8454],[43.8807,40.8432]]}},{"type":"Feature","properties":{"waterway":"canal","name":"Շիրակի ջրանցք"},"geometry":{"type":"LineString","coordinates":[[43.8757,40.8455],[43.8758,40.8454]]}},{"type":"Feature","properties":{"waterway":"canal","name":"Շիրակի ջրանցք"},"geometry":{"type":"LineString","coordinates":[[43.867,40.8487],[43.8757,40.8455]]}},{"type":"Feature","properties":{"waterway":"canal","name":"Շիրակի ջրանցք"},"geometry":{"type":"LineString","coordinates":[[43.8669,40.8488],[43.867,40.8487]]}},{"type":"Feature","properties":{"waterway":"canal","name":"Շիրակի ջրանցք"},"geometry":{"type":"LineString","coordinates":[[43.844,40.8516],[43.8548,40.8497],[43.8583,40.8523],[43.8669,40.8488]]}},{"type":"Feature","properties":{"waterway":"canal","name":"Շիրակի ջրանցք"},"geometry":{"type":"LineString","coordinates":[[43.8416,40.8513],[43.8425,40.8514]]}},{"type":"Feature","properties":{"waterway":"canal","name":"Շիրակի ջրանցք"},"geometry":{"type":"LineString","coordinates":[[43.8389,40.8512],[43.8416,40.8513]]}},{"type":"Feature","properties":{"waterway":"canal","name":"Շիրակի ջրանցք"},"geometry":{"type":"LineString","coordinates":[[43.8388,40.8512],[43.8389,40.8512]]}},{"type":"Feature","properties":{"waterway":"canal","name":"Շիրակի ջրանցք"},"geometry":{"type":"LineString","coordinates":[[43.8425,40.8514],[43.8439,40.8516]]}},{"type":"Feature","properties":{"waterway":"canal","name":"Շիրակի ջրանցք"},"geometry":{"type":"LineString","coordinates":[[43.8439,40.8516],[43.844,40.8516]]}},{"type":"Feature","properties":{"waterway":"canal","name":"Շիրակի ջրանցք"},"geometry":{"type":"LineString","coordinates":[[43.8122,40.8529],[43.8286,40.8545],[43.8388,40.8512]]}},{"type":"Feature","properties":{"waterway":"canal","name":"Շիրակի ջրանցք"},"geometry":{"type":"LineString","coordinates":[[43.8121,40.8529],[43.8122,40.8529]]}},{"type":"Feature","properties":{"waterway":"canal","name":"Շիրակի ջրանցք"},"geometry":{"type":"LineString","coordinates":[[43.796,40.8527],[43.8121,40.8529]]}},{"type":"Feature","properties":{"waterway":"canal","name":"Շիրակի ջրանցք"},"geometry":{"type":"LineString","coordinates":[[43.7958,40.8528],[43.796,40.8527]]}},{"type":"Feature","properties":{"waterway":"canal","name":"Շիրակի ջրանցք"},"geometry":{"type":"LineString","coordinates":[[43.7794,40.8534],[43.7958,40.8528]]}},{"type":"Feature","properties":{"waterway":"canal","name":"Շիրակի ջրանցք"},"geometry":{"type":"LineString","coordinates":[[43.7793,40.8534],[43.7794,40.8534]]}},{"type":"Feature","properties":{"waterway":"canal","name":"Շիրակի ջրանցք"},"geometry":{"type":"LineString","coordinates":[[43.761,40.859],[43.7793,40.8534]]}},{"type":"Feature","properties":{"waterway":"canal","name":null},"geometry":{"type":"LineString","coordinates":[[43.7755,40.9657],[43.7756,40.966]]}},{"type":"Feature","properties":{"waterway":"river","name":"Ամասիա"},"geometry":{"type":"LineString","coordinates":[[43.7848,40.9528],[43.7846,40.9492],[43.7884,40.946]]}},{"type":"Feature","properties":{"waterway":"river","name":"Ամասիա"},"geometry":{"type":"LineString","coordinates":[[43.7848,40.9529],[43.7848,40.9528]]}},{"type":"Feature","properties":{"waterway":"canal","name":"Շիրակի ջրանցք"},"geometry":{"type":"LineString","coordinates":[[43.7609,40.859],[43.761,40.859]]}},{"type":"Feature","properties":{"waterway":"canal","name":"Շիրակի ջրանցք"},"geometry":{"type":"LineString","coordinates":[[43.7582,40.86],[43.7609,40.859]]}},{"type":"Feature","properties":{"waterway":"canal","name":"Շիրակի ջրանցք"},"geometry":{"type":"LineString","coordinates":[[43.7581,40.86],[43.7582,40.86]]}},{"type":"Feature","properties":{"waterway":"canal","name":"Շիրակի ջրանցք"},"geometry":{"type":"LineString","coordinates":[[43.7523,40.8611],[43.7581,40.86]]}},{"type":"Feature","properties":{"waterway":"river","name":"Հողմաջուր"},"geometry":{"type":"LineString","coordinates":[[43.7666,40.9099],[43.7627,40.909]]}},{"type":"Feature","properties":{"waterway":"river","name":"Հողմաջուր"},"geometry":{"type":"LineString","coordinates":[[43.7668,40.9099],[43.7666,40.9099]]}},{"type":"Feature","properties":{"waterway":"river","name":"Չիչկան"},"geometry":{"type":"LineString","coordinates":[[43.9997,40.9281],[44.0078,40.9256],[44.0335,40.9255],[44.0484,40.919]]}},{"type":"Feature","properties":{"waterway":"river","name":"Չիչկան"},"geometry":{"type":"LineString","coordinates":[[43.9996,40.9281],[43.9997,40.9281]]}},{"type":"Feature","properties":{"waterway":"canal","name":null},"geometry":{"type":"LineString","coordinates":[[44.3976,40.0887],[44.3954,40.0803],[44.3913,40.0767]]}},{"type":"Feature","properties":{"waterway":"canal","name":"Քասաղ"},"geometry":{"type":"LineString","coordinates":[[44.4039,40.403],[44.4031,40.403]]}},{"type":"Feature","properties":{"waterway":"canal","name":null},"geometry":{"type":"LineString","coordinates":[[44.438,40.4841],[44.4396,40.4824]]}},{"type":"Feature","properties":{"waterway":"canal","name":null},"geometry":{"type":"LineString","coordinates":[[44.4383,40.4842],[44.44,40.4824]]}},{"type":"Feature","properties":{"waterway":"canal","name":"Էջմիածնի ջրանցք"},"geometry":{"type":"LineString","coordinates":[[44.367,40.168],[44.3645,40.1686]]}},{"type":"Feature","properties":{"waterway":"canal","name":"Էջմիածնի ջրանցք"},"geometry":{"type":"LineString","coordinates":[[44.3723,40.1679],[44.3672,40.168]]}},{"type":"Feature","properties":{"waterway":"canal","name":"Էջմիածնի ջրանցք"},"geometry":{"type":"LineString","coordinates":[[44.3672,40.168],[44.367,40.168]]}},{"type":"Feature","properties":{"waterway":"canal","name":"Էջմիածնի ջրանցք"},"geometry":{"type":"LineString","coordinates":[[44.3618,40.1687],[44.3549,40.17]]}},{"type":"Feature","properties":{"waterway":"canal","name":"Էջմիածնի ջրանցք"},"geometry":{"type":"LineString","coordinates":[[44.3621,40.1687],[44.3618,40.1687]]}},{"type":"Feature","properties":{"waterway":"canal","name":"Փարաքար ջրանցք"},"geometry":{"type":"LineString","coordinates":[[44.3902,40.1663],[44.3812,40.1722],[44.3749,40.1702]]}},{"type":"Feature","properties":{"waterway":"canal","name":"Փարաքար ջրանցք"},"geometry":{"type":"LineString","coordinates":[[44.3969,40.1678],[44.3968,40.1678]]}},{"type":"Feature","properties":{"waterway":"canal","name":"Փարաքար ջրանցք"},"geometry":{"type":"LineString","coordinates":[[44.3978,40.1684],[44.3976,40.1682]]}},{"type":"Feature","properties":{"waterway":"canal","name":"Փարաքար ջրանցք"},"geometry":{"type":"LineString","coordinates":[[44.3976,40.1682],[44.3969,40.1678]]}},{"type":"Feature","properties":{"waterway":"canal","name":"Էջմիածնի ջրանցք"},"geometry":{"type":"LineString","coordinates":[[44.3986,40.1669],[44.3965,40.1662]]}},{"type":"Feature","properties":{"waterway":"canal","name":"Էջմիածնի ջրանցք"},"geometry":{"type":"LineString","coordinates":[[44.3987,40.1669],[44.3986,40.1669]]}},{"type":"Feature","properties":{"waterway":"canal","name":"Էջմիածնի ջրանցք"},"geometry":{"type":"LineString","coordinates":[[44.3996,40.1672],[44.3987,40.1669]]}},{"type":"Feature","properties":{"waterway":"canal","name":"Էջմիածնի ջրանցք"},"geometry":{"type":"LineString","coordinates":[[44.3998,40.1673],[44.3996,40.1672]]}},{"type":"Feature","properties":{"waterway":"canal","name":"Էջմիածնի ջրանցք"},"geometry":{"type":"LineString","coordinates":[[44.3735,40.1686],[44.3732,40.1684]]}},{"type":"Feature","properties":{"waterway":"canal","name":"Էջմիածնի ջրանցք"},"geometry":{"type":"LineString","coordinates":[[44.3732,40.1684],[44.3725,40.168]]}},{"type":"Feature","properties":{"waterway":"canal","name":"Էջմիածնի ջրանցք"},"geometry":{"type":"LineString","coordinates":[[44.3725,40.168],[44.3723,40.1679]]}},{"type":"Feature","properties":{"waterway":"canal","name":"Փարաքար ջրանցք"},"geometry":{"type":"LineString","coordinates":[[44.3731,40.1694],[44.3643,40.1709]]}},{"type":"Feature","properties":{"waterway":"canal","name":"Փարաքար ջրանցք"},"geometry":{"type":"LineString","coordinates":[[44.3732,40.1695],[44.3731,40.1694]]}},{"type":"Feature","properties":{"waterway":"canal","name":"Էջմիածնի ջրանցք"},"geometry":{"type":"LineString","coordinates":[[44.3641,40.1687],[44.3621,40.1687]]}},{"type":"Feature","properties":{"waterway":"canal","name":"Էջմիածնի ջրանցք"},"geometry":{"type":"LineString","coordinates":[[44.3645,40.1686],[44.3641,40.1687]]}},{"type":"Feature","properties":{"waterway":"canal","name":"Փարաքար ջրանցք"},"geometry":{"type":"LineString","coordinates":[[44.3643,40.1709],[44.3563,40.1758],[44.3551,40.1708],[44.3506,40.1711]]}},{"type":"Feature","properties":{"waterway":"canal","name":"Փարաքար ջրանցք"},"geometry":{"type":"LineString","coordinates":[[44.3643,40.1709],[44.3643,40.1709]]}},{"type":"Feature","properties":{"waterway":"canal","name":"Արզնի Շամիրամ ջրանցք"},"geometry":{"type":"LineString","coordinates":[[44.0838,40.3031],[44.0834,40.3029]]}},{"type":"Feature","properties":{"waterway":"canal","name":"Արզնի Շամիրամ ջրանցք"},"geometry":{"type":"LineString","coordinates":[[44.0834,40.3029],[44.0793,40.2974]]}},{"type":"Feature","properties":{"waterway":"river","name":null},"geometry":{"type":"LineString","coordinates":[[43.9469,40.3559],[43.9463,40.355]]}},{"type":"Feature","properties":{"waterway":"river","name":null},"geometry":{"type":"LineString","coordinates":[[43.9463,40.355],[43.9425,40.348],[43.9269,40.3402]]}},{"type":"Feature","properties":{"waterway":"canal","name":"Արզնի Շամիրամ ջրանցք"},"geometry":{"type":"LineString","coordinates":[[44.0793,40.2974],[44.0791,40.2973]]}},{"type":"Feature","properties":{"waterway":"canal","name":"Արզնի Շամիրամ ջրանցք"},"geometry":{"type":"LineString","coordinates":[[44.0791,40.2973],[44.064,40.2875],[44.0374,40.2882]]}},{"type":"Feature","properties":{"waterway":"canal","name":"Արզնի Շամիրամ ջրանցք"},"geometry":{"type":"LineString","coordinates":[[44.0372,40.2883],[44.0366,40.2899],[44.031,40.2868],[44.0266,40.2903],[44.023,40.2883],[44.0113,40.2909],[44.0102,40.2879],[44.0032,40.2856],[44.0018,40.28]]}},{"type":"Feature","properties":{"waterway":"canal","name":"Արզնի Շամիրամ ջրանցք"},"geometry":{"type":"LineString","coordinates":[[44.0374,40.2882],[44.0372,40.2883]]}},{"type":"Feature","properties":{"waterway":"canal","name":"Զեյթուն-Հաղթանակ 2-րդ աստիճանի ջրանցք"},"geometry":{"type":"LineString","coordinates":[[44.8724,41.2496],[44.8716,41.2516]]}},{"type":"Feature","properties":{"waterway":"canal","name":"Զեյթուն-Հաղթանակ 2-րդ աստիճանի ջրանցք"},"geometry":{"type":"LineString","coordinates":[[44.8885,41.2364],[44.8867,41.2393],[44.8809,41.2406],[44.8804,41.2432]]}},{"type":"Feature","properties":{"waterway":"canal","name":"Զեյթուն-Հաղթանակ 2-րդ աստիճանի ջրանցք"},"geometry":{"type":"LineString","coordinates":[[44.8783,41.2415],[44.8753,41.2432],[44.8766,41.2459],[44.874,41.2491]]}},{"type":"Feature","properties":{"waterway":"canal","name":"Զեյթուն-Հաղթանակ 2-րդ աստիճանի ջրանցք"},"geometry":{"type":"LineString","coordinates":[[44.8716,41.2516],[44.8699,41.2511],[44.8696,41.2537],[44.8681,41.252]]}},{"type":"Feature","properties":{"waterway":"river","name":"Դեբեդ"},"geometry":{"type":"LineString","coordinates":[[44.9049,41.204],[44.905,41.2055]]}},{"type":"Feature","properties":{"waterway":"river","name":"Դեբեդ"},"geometry":{"type":"LineString","coordinates":[[44.905,41.2055],[44.9012,41.2116]]}},{"type":"Feature","properties":{"waterway":"river","name":"Դեբեդ"},"geometry":{"type":"LineString","coordinates":[[44.9023,41.1926],[44.9016,41.1976],[44.9049,41.204]]}},{"type":"Feature","properties":{"waterway":"river","name":"Դեբեդ"},"geometry":{"type":"LineString","coordinates":[[44.883,41.1853],[44.9023,41.1926]]}},{"type":"Feature","properties":{"waterway":"river","name":"Դեբեդ"},"geometry":{"type":"LineString","coordinates":[[44.8563,41.1776],[44.8676,41.1834]]}},{"type":"Feature","properties":{"waterway":"river","name":"Դեբեդ"},"geometry":{"type":"LineString","coordinates":[[44.8676,41.1834],[44.8794,41.1806],[44.883,41.1853]]}},{"type":"Feature","properties":{"waterway":"river","name":"Քասաղ"},"geometry":{"type":"LineString","coordinates":[[44.2964,40.2563],[44.2891,40.2571],[44.2862,40.2522],[44.2785,40.2488]]}},{"type":"Feature","properties":{"waterway":"canal","name":null},"geometry":{"type":"LineString","coordinates":[[44.634,40.9597],[44.6341,40.9597]]}},{"type":"Feature","properties":{"waterway":"canal","name":null},"geometry":{"type":"LineString","coordinates":[[44.6341,40.9597],[44.6347,40.9595]]}},{"type":"Feature","properties":{"waterway":"river","name":"Քարահանուց"},"geometry":{"type":"LineString","coordinates":[[46.2412,39.372],[46.2535,39.3741]]}},{"type":"Feature","properties":{"waterway":"river","name":"Քարահանուց"},"geometry":{"type":"LineString","coordinates":[[46.2146,39.3604],[46.2284,39.3699],[46.2407,39.372]]}},{"type":"Feature","properties":{"waterway":"river","name":"Աճանան"},"geometry":{"type":"LineString","coordinates":[[46.3495,39.285],[46.3658,39.2737],[46.3796,39.2713],[46.3867,39.2568],[46.4046,39.2537],[46.4186,39.2439],[46.4221,39.2362],[46.427,39.2332]]}},{"type":"Feature","properties":{"waterway":"river","name":"Անտառամուտ"},"geometry":{"type":"LineString","coordinates":[[44.567,40.9304],[44.5981,40.9242]]}},{"type":"Feature","properties":{"waterway":"river","name":"Գավառագետ"},"geometry":{"type":"LineString","coordinates":[[45.1374,40.2799],[45.1469,40.2957]]}},{"type":"Feature","properties":{"waterway":"river","name":"Գավառագետ"},"geometry":{"type":"LineString","coordinates":[[45.1372,40.2799],[45.1374,40.2799]]}},{"type":"Feature","properties":{"waterway":"river","name":"Ամբերդ"},"geometry":{"type":"LineString","coordinates":[[44.2552,40.3281],[44.2579,40.3225],[44.2571,40.3154],[44.2592,40.3091],[44.2756,40.303],[44.2791,40.296]]}},{"type":"Feature","properties":{"waterway":"river","name":"Ամբերդ"},"geometry":{"type":"LineString","coordinates":[[44.2791,40.296],[44.2792,40.2958]]}},{"type":"Feature","properties":{"waterway":"river","name":"Şıxovuz"},"geometry":{"type":"LineString","coordinates":[[46.526,39.0719],[46.5353,39.0636]]}},{"type":"Feature","properties":{"waterway":"river","name":"Որոտան"},"geometry":{"type":"LineString","coordinates":[[46.2576,39.3954],[46.2618,39.3887],[46.2737,39.3836],[46.2798,39.3839],[46.287,39.389],[46.289,39.3963],[46.3115,39.4052],[46.312,39.4084],[46.3206,39.4148],[46.3393,39.4164],[46.3485,39.4225],[46.3587,39.4226],[46.3628,39.4248],[46.367,39.4228],[46.3792,39.4301],[46.3861,39.4284]]}},{"type":"Feature","properties":{"waterway":"river","name":"Ազատ"},"geometry":{"type":"LineString","coordinates":[[44.5117,39.9991],[44.5026,39.9933],[44.5021,39.9871]]}},{"type":"Feature","properties":{"waterway":"river","name":"Ազատ"},"geometry":{"type":"LineString","coordinates":[[44.5118,39.9992],[44.5117,39.9991]]}},{"type":"Feature","properties":{"waterway":"river","name":"Սրկղոնք"},"geometry":{"type":"LineString","coordinates":[[45.3834,39.8486],[45.3791,39.847],[45.3777,39.8425],[45.3791,39.8297],[45.3744,39.8228],[45.3665,39.8175],[45.3718,39.8067],[45.3666,39.803],[45.356,39.7824],[45.3367,39.7721],[45.3333,39.7547]]}},{"type":"Feature","properties":{"waterway":"canal","name":"Կոտայքի ջրանցք"},"geometry":{"type":"LineString","coordinates":[[44.6315,40.3406],[44.6334,40.3378]]}},{"type":"Feature","properties":{"waterway":"canal","name":"Կոտայքի ջրանցք"},"geometry":{"type":"LineString","coordinates":[[44.6334,40.3378],[44.6338,40.3374]]}},{"type":"Feature","properties":{"waterway":"canal","name":null},"geometry":{"type":"LineString","coordinates":[[45.29,39.8488],[45.2918,39.8473]]}},{"type":"Feature","properties":{"waterway":"river","name":"Արփա"},"geometry":{"type":"LineString","coordinates":[[45.2942,39.7335],[45.2865,39.7358],[45.2707,39.7328],[45.2648,39.7362],[45.2579,39.7344],[45.2534,39.7368],[45.2487,39.7346],[45.245,39.7367],[45.2417,39.7344],[45.2263,39.7347],[45.2198,39.7281],[45.2103,39.731]]}},{"type":"Feature","properties":{"waterway":"river","name":"Արփա"},"geometry":{"type":"LineString","coordinates":[[45.3772,39.7337],[45.3758,39.7362],[45.3649,39.7397]]}},{"type":"Feature","properties":{"waterway":"river","name":"Արփա"},"geometry":{"type":"LineString","coordinates":[[45.3205,39.7447],[45.3126,39.7371],[45.3084,39.7374],[45.3033,39.7338]]}},{"type":"Feature","properties":{"waterway":"river","name":"Արփա"},"geometry":{"type":"LineString","coordinates":[[45.335,39.7376],[45.3273,39.7397],[45.3205,39.7447]]}},{"type":"Feature","properties":{"waterway":"river","name":"Արփա"},"geometry":{"type":"LineString","coordinates":[[45.3544,39.7436],[45.335,39.7376]]}},{"type":"Feature","properties":{"waterway":"river","name":"Արփա"},"geometry":{"type":"LineString","coordinates":[[45.412,39.7155],[45.401,39.7248],[45.3772,39.7337]]}},{"type":"Feature","properties":{"waterway":"river","name":"Ողջի"},"geometry":{"type":"LineString","coordinates":[[46.2369,39.1785],[46.2503,39.1903],[46.2532,39.1968],[46.2658,39.2008],[46.2727,39.2101],[46.2796,39.2112],[46.2846,39.2163],[46.2936,39.2184],[46.2963,39.2227],[46.3029,39.2247],[46.3468,39.2232],[46.359,39.2202],[46.3872,39.2077],[46.4077,39.2085],[46.4198,39.1999],[46.4486,39.2009]]}},{"type":"Feature","properties":{"waterway":"river","name":"Կումայրի"},"geometry":{"type":"LineString","coordinates":[[43.8413,40.847],[43.8418,40.84],[43.8359,40.8195]]}},{"type":"Feature","properties":{"waterway":"river","name":"Կումայրի"},"geometry":{"type":"LineString","coordinates":[[43.8357,40.8193],[43.8355,40.8122]]}},{"type":"Feature","properties":{"waterway":"river","name":"Կումայրի"},"geometry":{"type":"LineString","coordinates":[[43.8355,40.8122],[43.8357,40.812]]}},{"type":"Feature","properties":{"waterway":"river","name":null},"geometry":{"type":"LineString","coordinates":[[44.2843,40.073],[44.2768,40.0723],[44.2711,40.0767]]}},{"type":"Feature","properties":{"waterway":"river","name":null},"geometry":{"type":"LineString","coordinates":[[44.2711,40.0767],[44.2709,40.0767]]}},{"type":"Feature","properties":{"waterway":"river","name":"Լուսակունք"},"geometry":{"type":"LineString","coordinates":[[45.7231,40.1882],[45.7153,40.194]]}},{"type":"Feature","properties":{"waterway":"canal","name":null},"geometry":{"type":"LineString","coordinates":[[45.7099,40.1863],[45.7065,40.1953]]}},{"type":"Feature","properties":{"waterway":"river","name":"Դարբ"},"geometry":{"type":"LineString","coordinates":[[45.5794,39.6976],[45.5605,39.6916],[45.5575,39.6931]]}},{"type":"Feature","properties":{"waterway":"river","name":"Դարբ"},"geometry":{"type":"LineString","coordinates":[[45.5794,39.6975],[45.5794,39.6976]]}},{"type":"Feature","properties":{"waterway":"river","name":"Դարբ"},"geometry":{"type":"LineString","coordinates":[[45.5943,39.6999],[45.5866,39.7004],[45.5794,39.6975]]}},{"type":"Feature","properties":{"waterway":"river","name":"Դարբ"},"geometry":{"type":"LineString","coordinates":[[45.5943,39.7001],[45.5943,39.6999]]}},{"type":"Feature","properties":{"waterway":"river","name":"Դարբ"},"geometry":{"type":"LineString","coordinates":[[45.6046,39.703],[45.5993,39.7009]]}},{"type":"Feature","properties":{"waterway":"river","name":"Դարբ"},"geometry":{"type":"LineString","coordinates":[[45.6043,39.7032],[45.6046,39.703]]}},{"type":"Feature","properties":{"waterway":"river","name":"Դարբ"},"geometry":{"type":"LineString","coordinates":[[45.6061,39.7043],[45.6043,39.7032]]}},{"type":"Feature","properties":{"waterway":"river","name":"Դարբ"},"geometry":{"type":"LineString","coordinates":[[45.6062,39.7042],[45.6061,39.7043]]}},{"type":"Feature","properties":{"waterway":"river","name":"Դարբ"},"geometry":{"type":"LineString","coordinates":[[45.6204,39.7156],[45.6202,39.7155]]}},{"type":"Feature","properties":{"waterway":"river","name":"Դարբ"},"geometry":{"type":"LineString","coordinates":[[45.6213,39.7155],[45.6204,39.7156]]}},{"type":"Feature","properties":{"waterway":"river","name":"Դարբ"},"geometry":{"type":"LineString","coordinates":[[45.6213,39.7153],[45.6213,39.7155]]}},{"type":"Feature","properties":{"waterway":"river","name":"Դարբ"},"geometry":{"type":"LineString","coordinates":[[45.5991,39.701],[45.5943,39.7001]]}},{"type":"Feature","properties":{"waterway":"river","name":"Դարբ"},"geometry":{"type":"LineString","coordinates":[[45.5993,39.7009],[45.5991,39.701]]}},{"type":"Feature","properties":{"waterway":"river","name":null},"geometry":{"type":"LineString","coordinates":[[43.9242,40.4169],[43.9241,40.4165]]}},{"type":"Feature","properties":{"waterway":"canal","name":null},"geometry":{"type":"LineString","coordinates":[[46.4273,39.4797],[46.4273,39.4797]]}},{"type":"Feature","properties":{"waterway":"canal","name":null},"geometry":{"type":"LineString","coordinates":[[46.4278,39.4801],[46.4273,39.4797]]}},{"type":"Feature","properties":{"waterway":"canal","name":null},"geometry":{"type":"LineString","coordinates":[[46.4338,39.4902],[46.4315,39.4841]]}},{"type":"Feature","properties":{"waterway":"canal","name":null},"geometry":{"type":"LineString","coordinates":[[46.4338,39.4903],[46.4338,39.4902]]}},{"type":"Feature","properties":{"waterway":"canal","name":null},"geometry":{"type":"LineString","coordinates":[[46.4205,39.475],[46.4203,39.4751]]}},{"type":"Feature","properties":{"waterway":"canal","name":null},"geometry":{"type":"LineString","coordinates":[[46.4205,39.475],[46.4205,39.475]]}},{"type":"Feature","properties":{"waterway":"canal","name":null},"geometry":{"type":"LineString","coordinates":[[46.4202,39.4751],[46.4194,39.4748]]}},{"type":"Feature","properties":{"waterway":"canal","name":null},"geometry":{"type":"LineString","coordinates":[[46.4203,39.4751],[46.4202,39.4751]]}},{"type":"Feature","properties":{"waterway":"canal","name":null},"geometry":{"type":"LineString","coordinates":[[46.4188,39.4743],[46.4106,39.4696]]}},{"type":"Feature","properties":{"waterway":"canal","name":null},"geometry":{"type":"LineString","coordinates":[[46.4194,39.4748],[46.4188,39.4743]]}},{"type":"Feature","properties":{"waterway":"canal","name":null},"geometry":{"type":"LineString","coordinates":[[45.6995,40.1884],[45.697,40.2004]]}},{"type":"Feature","properties":{"waterway":"canal","name":"Գետառ"},"geometry":{"type":"LineString","coordinates":[[44.5031,40.1554],[44.5017,40.1546]]}},{"type":"Feature","properties":{"waterway":"canal","name":null},"geometry":{"type":"LineString","coordinates":[[46.3446,39.3492],[46.3459,39.3495]]}},{"type":"Feature","properties":{"waterway":"canal","name":null},"geometry":{"type":"LineString","coordinates":[[46.3648,39.3437],[46.3631,39.3444]]}},{"type":"Feature","properties":{"waterway":"canal","name":"Քասաղ"},"geometry":{"type":"LineString","coordinates":[[44.395,40.403],[44.3838,40.4037]]}},{"type":"Feature","properties":{"waterway":"canal","name":"Քասաղ"},"geometry":{"type":"LineString","coordinates":[[44.379,40.4026],[44.3787,40.4026]]}},{"type":"Feature","properties":{"waterway":"canal","name":null},"geometry":{"type":"LineString","coordinates":[[43.8587,40.4134],[43.854,40.4139],[43.8544,40.4094],[43.8522,40.4076]]}},{"type":"Feature","properties":{"waterway":"canal","name":null},"geometry":{"type":"LineString","coordinates":[[43.859,40.4136],[43.8587,40.4134]]}},{"type":"Feature","properties":{"waterway":"river","name":null},"geometry":{"type":"LineString","coordinates":[[44.3351,40.67],[44.3369,40.6671],[44.3341,40.6617]]}},{"type":"Feature","properties":{"waterway":"river","name":null},"geometry":{"type":"LineString","coordinates":[[44.3351,40.6701],[44.3351,40.67]]}},{"type":"Feature","properties":{"waterway":"river","name":null},"geometry":{"type":"LineString","coordinates":[[44.3584,40.6938],[44.3382,40.6824],[44.3355,40.6781],[44.3351,40.6701]]}},{"type":"Feature","properties":{"waterway":"river","name":null},"geometry":{"type":"LineString","coordinates":[[44.3585,40.6939],[44.3584,40.6938]]}},{"type":"Feature","properties":{"waterway":"river","name":null},"geometry":{"type":"LineString","coordinates":[[44.3784,40.7002],[44.3748,40.6964],[44.3585,40.6939]]}},{"type":"Feature","properties":{"waterway":"river","name":null},"geometry":{"type":"LineString","coordinates":[[44.3784,40.7003],[44.3784,40.7002]]}},{"type":"Feature","properties":{"waterway":"river","name":null},"geometry":{"type":"LineString","coordinates":[[44.3919,40.6578],[44.3918,40.6579]]}},{"type":"Feature","properties":{"waterway":"river","name":null},"geometry":{"type":"LineString","coordinates":[[44.3925,40.6574],[44.3925,40.6575]]}},{"type":"Feature","properties":{"waterway":"river","name":null},"geometry":{"type":"LineString","coordinates":[[44.3454,40.6624],[44.3341,40.6617]]}},{"type":"Feature","properties":{"waterway":"river","name":null},"geometry":{"type":"LineString","coordinates":[[44.3455,40.6625],[44.3454,40.6624]]}},{"type":"Feature","properties":{"waterway":"river","name":null},"geometry":{"type":"LineString","coordinates":[[44.3549,40.6633],[44.3455,40.6625]]}},{"type":"Feature","properties":{"waterway":"river","name":null},"geometry":{"type":"LineString","coordinates":[[44.3551,40.6633],[44.3549,40.6633]]}},{"type":"Feature","properties":{"waterway":"river","name":null},"geometry":{"type":"LineString","coordinates":[[44.3624,40.6639],[44.3551,40.6633]]}},{"type":"Feature","properties":{"waterway":"river","name":null},"geometry":{"type":"LineString","coordinates":[[44.3624,40.664],[44.3624,40.6639]]}},{"type":"Feature","properties":{"waterway":"river","name":"Լեռնաջուր"},"geometry":{"type":"LineString","coordinates":[[44.4587,40.7231],[44.4502,40.7233],[44.4365,40.7287]]}},{"type":"Feature","properties":{"waterway":"river","name":"Լեռնաջուր"},"geometry":{"type":"LineString","coordinates":[[44.4365,40.7287],[44.4364,40.7286]]}},{"type":"Feature","properties":{"waterway":"canal","name":null},"geometry":{"type":"LineString","coordinates":[[46.3674,39.3084],[46.3695,39.3079]]}},{"type":"Feature","properties":{"waterway":"river","name":"Աճանան"},"geometry":{"type":"LineString","coordinates":[[46.3494,39.2851],[46.3495,39.285]]}},{"type":"Feature","properties":{"waterway":"river","name":"Աճանան"},"geometry":{"type":"LineString","coordinates":[[46.3411,39.2875],[46.3494,39.2851]]}},{"type":"Feature","properties":{"waterway":"river","name":"Աճանան"},"geometry":{"type":"LineString","coordinates":[[46.341,39.2876],[46.3411,39.2875]]}},{"type":"Feature","properties":{"waterway":"river","name":"Աճանան"},"geometry":{"type":"LineString","coordinates":[[46.3413,39.2954],[46.341,39.2876]]}},{"type":"Feature","properties":{"waterway":"canal","name":null},"geometry":{"type":"LineString","coordinates":[[46.3477,39.4878],[46.348,39.4857]]}},{"type":"Feature","properties":{"waterway":"canal","name":null},"geometry":{"type":"LineString","coordinates":[[46.3604,39.4626],[46.3658,39.4555],[46.3664,39.451]]}},{"type":"Feature","properties":{"waterway":"canal","name":null},"geometry":{"type":"LineString","coordinates":[[46.3603,39.4626],[46.3604,39.4626]]}},{"type":"Feature","properties":{"waterway":"canal","name":null},"geometry":{"type":"LineString","coordinates":[[46.3578,39.467],[46.3603,39.4626]]}},{"type":"Feature","properties":{"waterway":"canal","name":null},"geometry":{"type":"LineString","coordinates":[[46.3673,39.4504],[46.3672,39.4503]]}},{"type":"Feature","properties":{"waterway":"canal","name":null},"geometry":{"type":"LineString","coordinates":[[46.3664,39.4515],[46.3675,39.4515]]}},{"type":"Feature","properties":{"waterway":"canal","name":null},"geometry":{"type":"LineString","coordinates":[[46.3664,39.4516],[46.3664,39.4515]]}},{"type":"Feature","properties":{"waterway":"canal","name":null},"geometry":{"type":"LineString","coordinates":[[46.367,39.4505],[46.3673,39.4504]]}},{"type":"Feature","properties":{"waterway":"canal","name":null},"geometry":{"type":"LineString","coordinates":[[46.294,39.3998],[46.2938,39.3996]]}},{"type":"Feature","properties":{"waterway":"canal","name":null},"geometry":{"type":"LineString","coordinates":[[46.2937,39.3995],[46.2932,39.399]]}},{"type":"Feature","properties":{"waterway":"canal","name":null},"geometry":{"type":"LineString","coordinates":[[46.2893,39.3941],[46.2893,39.3941]]}},{"type":"Feature","properties":{"waterway":"canal","name":null},"geometry":{"type":"LineString","coordinates":[[46.2894,39.3941],[46.2893,39.3941]]}},{"type":"Feature","properties":{"waterway":"canal","name":null},"geometry":{"type":"LineString","coordinates":[[46.2893,39.3941],[46.289,39.3941]]}},{"type":"Feature","properties":{"waterway":"canal","name":null},"geometry":{"type":"LineString","coordinates":[[44.6313,40.3601],[44.6313,40.3599]]}},{"type":"Feature","properties":{"waterway":"river","name":"Խաչաղբյուր"},"geometry":{"type":"LineString","coordinates":[[45.1544,40.9036],[45.1551,40.9038]]}},{"type":"Feature","properties":{"waterway":"river","name":"Կումայրի"},"geometry":{"type":"LineString","coordinates":[[43.8357,40.812],[43.8356,40.8093]]}},{"type":"Feature","properties":{"waterway":"river","name":"Կումայրի"},"geometry":{"type":"LineString","coordinates":[[43.8359,40.8195],[43.8357,40.8193]]}},{"type":"Feature","properties":{"waterway":"river","name":null},"geometry":{"type":"LineString","coordinates":[[44.2305,40.7344],[44.2131,40.7376],[44.2035,40.7419],[44.2047,40.7501],[44.2116,40.7593],[44.206,40.7765]]}},{"type":"Feature","properties":{"waterway":"river","name":"Ախուրյան"},"geometry":{"type":"LineString","coordinates":[[43.6534,41.0678],[43.6536,41.0677]]}},{"type":"Feature","properties":{"waterway":"river","name":null},"geometry":{"type":"LineString","coordinates":[[46.3728,38.9286],[46.3729,38.9283]]}},{"type":"Feature","properties":{"waterway":"river","name":null},"geometry":{"type":"LineString","coordinates":[[46.3714,38.9331],[46.3728,38.9286]]}},{"type":"Feature","properties":{"waterway":"river","name":null},"geometry":{"type":"LineString","coordinates":[[46.3688,38.9124],[46.3682,38.912]]}},{"type":"Feature","properties":{"waterway":"river","name":null},"geometry":{"type":"LineString","coordinates":[[46.3692,38.9126],[46.3688,38.9124]]}},{"type":"Feature","properties":{"waterway":"canal","name":null},"geometry":{"type":"LineString","coordinates":[[43.8395,40.0456],[43.841,40.0456]]}},{"type":"Feature","properties":{"waterway":"canal","name":null},"geometry":{"type":"LineString","coordinates":[[43.841,40.0456],[43.8412,40.0456]]}},{"type":"Feature","properties":{"waterway":"canal","name":"Զեյթուն-Հաղթանակ 2-րդ աստիճանի ջրանցք"},"geometry":{"type":"LineString","coordinates":[[44.8615,41.2516],[44.8592,41.2533],[44.8567,41.2515],[44.8558,41.2543],[44.8547,41.252]]}},{"type":"Feature","properties":{"waterway":"canal","name":null},"geometry":{"type":"LineString","coordinates":[[46.4066,39.2087],[46.4066,39.2089]]}},{"type":"Feature","properties":{"waterway":"river","name":"Ելփին"},"geometry":{"type":"LineString","coordinates":[[45.146,39.7616],[45.1533,39.7588],[45.164,39.7498],[45.1771,39.7342],[45.1878,39.726]]}},{"type":"Feature","properties":{"waterway":"river","name":"Ելփին"},"geometry":{"type":"LineString","coordinates":[[45.1878,39.726],[45.188,39.7258]]}},{"type":"Feature","properties":{"waterway":"river","name":"Աչեր"},"geometry":{"type":"LineString","coordinates":[[44.6963,41.1],[44.6961,41.1]]}},{"type":"Feature","properties":{"waterway":"river","name":"Աչեր"},"geometry":{"type":"LineString","coordinates":[[44.6966,41.0999],[44.6963,41.1]]}},{"type":"Feature","properties":{"waterway":"river","name":"Արփա"},"geometry":{"type":"LineString","coordinates":[[45.6506,39.7904],[45.6441,39.7886],[45.6436,39.7844],[45.6399,39.782],[45.6358,39.7838],[45.6324,39.7811],[45.6267,39.7826],[45.6232,39.7755],[45.6157,39.7758],[45.6097,39.7708],[45.6082,39.7581],[45.6116,39.7539],[45.6083,39.7479],[45.5995,39.7454],[45.5981,39.7352],[45.5933,39.727],[45.5871,39.725],[45.5795,39.7143],[45.5723,39.7114],[45.5641,39.7021]]}},{"type":"Feature","properties":{"waterway":"river","name":"Արփա"},"geometry":{"type":"LineString","coordinates":[[45.6506,39.7907],[45.6506,39.7904]]}},{"type":"Feature","properties":{"waterway":"canal","name":null},"geometry":{"type":"LineString","coordinates":[[44.1054,40.1432],[44.1058,40.1428]]}},{"type":"Feature","properties":{"waterway":"canal","name":null},"geometry":{"type":"LineString","coordinates":[[44.1055,40.1439],[44.1054,40.1432]]}},{"type":"Feature","properties":{"waterway":"canal","name":null},"geometry":{"type":"LineString","coordinates":[[44.5454,40.0765],[44.5411,40.0743]]}},{"type":"Feature","properties":{"waterway":"canal","name":null},"geometry":{"type":"LineString","coordinates":[[44.5454,40.0767],[44.5454,40.0765]]}},{"type":"Feature","properties":{"waterway":"river","name":null},"geometry":{"type":"LineString","coordinates":[[44.3683,40.4878],[44.3684,40.4879]]}},{"type":"Feature","properties":{"waterway":"canal","name":"Գառնի ջրանցք"},"geometry":{"type":"LineString","coordinates":[[44.6945,40.1303],[44.6936,40.1284]]}},{"type":"Feature","properties":{"waterway":"canal","name":"Գառնի ջրանցք"},"geometry":{"type":"LineString","coordinates":[[44.6946,40.1304],[44.6945,40.1303]]}},{"type":"Feature","properties":{"waterway":"canal","name":"Փարաքար ջրանցք"},"geometry":{"type":"LineString","coordinates":[[44.4318,40.1591],[44.4294,40.1615]]}},{"type":"Feature","properties":{"waterway":"canal","name":"Փարաքար ջրանցք"},"geometry":{"type":"LineString","coordinates":[[44.4303,40.1618],[44.4303,40.1619]]}},{"type":"Feature","properties":{"waterway":"river","name":"Անտառամուտ"},"geometry":{"type":"LineString","coordinates":[[44.5984,40.9242],[44.612,40.9243],[44.6273,40.929]]}},{"type":"Feature","properties":{"waterway":"river","name":"Անտառամուտ"},"geometry":{"type":"LineString","coordinates":[[44.5981,40.9242],[44.5984,40.9242]]}},{"type":"Feature","properties":{"waterway":"canal","name":null},"geometry":{"type":"LineString","coordinates":[[44.7529,40.4758],[44.7527,40.4757]]}},{"type":"Feature","properties":{"waterway":"canal","name":null},"geometry":{"type":"LineString","coordinates":[[44.7534,40.4764],[44.7529,40.4758]]}},{"type":"Feature","properties":{"waterway":"canal","name":null},"geometry":{"type":"LineString","coordinates":[[44.7536,40.4706],[44.7515,40.4696]]}},{"type":"Feature","properties":{"waterway":"canal","name":null},"geometry":{"type":"LineString","coordinates":[[44.7537,40.4706],[44.7536,40.4706]]}},{"type":"Feature","properties":{"waterway":"canal","name":null},"geometry":{"type":"LineString","coordinates":[[44.7727,40.487],[44.7681,40.4856],[44.7678,40.4826]]}},{"type":"Feature","properties":{"waterway":"canal","name":null},"geometry":{"type":"LineString","coordinates":[[44.7728,40.487],[44.7727,40.487]]}},{"type":"Feature","properties":{"waterway":"canal","name":"Արզնի Շամիրամ ջրանցք"},"geometry":{"type":"LineString","coordinates":[[44.2587,40.3188],[44.2557,40.3194]]}},{"type":"Feature","properties":{"waterway":"canal","name":"Արզնի Շամիրամ ջրանցք"},"geometry":{"type":"LineString","coordinates":[[44.2595,40.3187],[44.2594,40.3187]]}},{"type":"Feature","properties":{"waterway":"canal","name":"Արզնի Շամիրամ ջրանցք"},"geometry":{"type":"LineString","coordinates":[[44.2971,40.3324],[44.2955,40.3269],[44.2928,40.3263],[44.2885,40.3186],[44.2782,40.319]]}},{"type":"Feature","properties":{"waterway":"canal","name":"Արզնի Շամիրամ ջրանցք"},"geometry":{"type":"LineString","coordinates":[[44.2972,40.3325],[44.2971,40.3324]]}},{"type":"Feature","properties":{"waterway":"canal","name":"Արզնի Շամիրամ ջրանցք"},"geometry":{"type":"LineString","coordinates":[[44.2728,40.3204],[44.2696,40.318],[44.2663,40.3192]]}},{"type":"Feature","properties":{"waterway":"canal","name":"Արզնի Շամիրամ ջրանցք"},"geometry":{"type":"LineString","coordinates":[[44.2782,40.319],[44.2781,40.3191]]}},{"type":"Feature","properties":{"waterway":"canal","name":null},"geometry":{"type":"LineString","coordinates":[[43.8542,40.4037],[43.85,40.4018],[43.8504,40.4054]]}},{"type":"Feature","properties":{"waterway":"canal","name":null},"geometry":{"type":"LineString","coordinates":[[43.8543,40.4038],[43.8542,40.4037]]}},{"type":"Feature","properties":{"waterway":"canal","name":null},"geometry":{"type":"LineString","coordinates":[[43.8607,40.4083],[43.8606,40.4083]]}},{"type":"Feature","properties":{"waterway":"canal","name":null},"geometry":{"type":"LineString","coordinates":[[43.8617,40.4083],[43.8607,40.4083]]}},{"type":"Feature","properties":{"waterway":"canal","name":"Փարաքար ջրանցք"},"geometry":{"type":"LineString","coordinates":[[44.3505,40.1712],[44.3429,40.1725],[44.3357,40.1811],[44.3312,40.1749]]}},{"type":"Feature","properties":{"waterway":"canal","name":"Փարաքար ջրանցք"},"geometry":{"type":"LineString","coordinates":[[44.3506,40.1711],[44.3505,40.1712]]}},{"type":"Feature","properties":{"waterway":"river","name":"Օձիձոր"},"geometry":{"type":"LineString","coordinates":[[44.2794,40.8422],[44.2767,40.8357]]}},{"type":"Feature","properties":{"waterway":"river","name":"Օձիձոր"},"geometry":{"type":"LineString","coordinates":[[44.2796,40.8428],[44.2794,40.8422]]}},{"type":"Feature","properties":{"waterway":"river","name":"Սոթք"},"geometry":{"type":"LineString","coordinates":[[45.9153,40.2373],[45.919,40.239],[45.933,40.2371],[45.9412,40.2301],[45.9463,40.2219]]}},{"type":"Feature","properties":{"waterway":"river","name":"Սոթք"},"geometry":{"type":"LineString","coordinates":[[45.9463,40.2219],[45.9464,40.2217]]}},{"type":"Feature","properties":{"waterway":"canal","name":"Մխչյանի ջրանցք"},"geometry":{"type":"LineString","coordinates":[[44.5149,40.0276],[44.5206,40.0213]]}},{"type":"Feature","properties":{"waterway":"canal","name":null},"geometry":{"type":"LineString","coordinates":[[45.7166,40.1814],[45.7099,40.1808]]}},{"type":"Feature","properties":{"waterway":"canal","name":null},"geometry":{"type":"LineString","coordinates":[[45.7168,40.1814],[45.7166,40.1814]]}},{"type":"Feature","properties":{"waterway":"river","name":"Արծվանիստ"},"geometry":{"type":"LineString","coordinates":[[45.5097,40.1505],[45.51,40.1558]]}},{"type":"Feature","properties":{"waterway":"river","name":"Արծվանիստ"},"geometry":{"type":"LineString","coordinates":[[45.5097,40.1505],[45.5097,40.1505]]}},{"type":"Feature","properties":{"waterway":"river","name":"Արծվանիստ"},"geometry":{"type":"LineString","coordinates":[[45.5095,40.1587],[45.5053,40.1637]]}},{"type":"Feature","properties":{"waterway":"river","name":"Արծվանիստ"},"geometry":{"type":"LineString","coordinates":[[45.51,40.1558],[45.5101,40.1559]]}},{"type":"Feature","properties":{"waterway":"river","name":"Արծվանիստ"},"geometry":{"type":"LineString","coordinates":[[45.5225,40.1135],[45.5226,40.1135]]}},{"type":"Feature","properties":{"waterway":"river","name":"Արծվանիստ"},"geometry":{"type":"LineString","coordinates":[[45.5205,40.0914],[45.5192,40.1066],[45.5225,40.1135]]}},{"type":"Feature","properties":{"waterway":"canal","name":null},"geometry":{"type":"LineString","coordinates":[[44.4949,40.0259],[44.4958,40.0252]]}},{"type":"Feature","properties":{"waterway":"canal","name":null},"geometry":{"type":"LineString","coordinates":[[44.4948,40.026],[44.4949,40.0259]]}},{"type":"Feature","properties":{"waterway":"canal","name":null},"geometry":{"type":"LineString","coordinates":[[44.4943,40.0265],[44.4948,40.026]]}},{"type":"Feature","properties":{"waterway":"canal","name":null},"geometry":{"type":"LineString","coordinates":[[44.4942,40.0266],[44.4943,40.0265]]}},{"type":"Feature","properties":{"waterway":"canal","name":null},"geometry":{"type":"LineString","coordinates":[[44.4842,40.0315],[44.4843,40.0314]]}},{"type":"Feature","properties":{"waterway":"canal","name":null},"geometry":{"type":"LineString","coordinates":[[44.4725,40.0402],[44.478,40.0361]]}},{"type":"Feature","properties":{"waterway":"canal","name":"Մխչյանի ջրանցք"},"geometry":{"type":"LineString","coordinates":[[44.5151,40.0277],[44.5149,40.0276]]}},{"type":"Feature","properties":{"waterway":"canal","name":"Մխչյանի ջրանցք"},"geometry":{"type":"LineString","coordinates":[[44.509,40.0394],[44.5136,40.033]]}},{"type":"Feature","properties":{"waterway":"canal","name":"Այգաբացի ջրանցք"},"geometry":{"type":"LineString","coordinates":[[43.9337,40.7619],[43.9335,40.7618]]}},{"type":"Feature","properties":{"waterway":"canal","name":"Այգաբացի ջրանցք"},"geometry":{"type":"LineString","coordinates":[[43.952,40.7665],[43.9403,40.7712],[43.9357,40.7705],[43.9311,40.7677],[43.9359,40.7656],[43.9332,40.7643],[43.9337,40.7619]]}},{"type":"Feature","properties":{"waterway":"canal","name":"Այգաբացի ջրանցք"},"geometry":{"type":"LineString","coordinates":[[43.9892,40.7249],[43.9894,40.7248]]}},{"type":"Feature","properties":{"waterway":"canal","name":"Այգաբացի ջրանցք"},"geometry":{"type":"LineString","coordinates":[[43.9741,40.7257],[43.9892,40.7249]]}},{"type":"Feature","properties":{"waterway":"canal","name":"Ստորին Հրազդանի ջրանցք"},"geometry":{"type":"LineString","coordinates":[[44.4441,40.1859],[44.4393,40.1831],[44.4323,40.1873]]}},{"type":"Feature","properties":{"waterway":"canal","name":"Ստորին Հրազդանի ջրանցք"},"geometry":{"type":"LineString","coordinates":[[44.4265,40.1895],[44.4263,40.1896]]}},{"type":"Feature","properties":{"waterway":"canal","name":"Արտաշատ ջրանցք"},"geometry":{"type":"LineString","coordinates":[[44.6194,39.9625],[44.6189,39.9621]]}},{"type":"Feature","properties":{"waterway":"canal","name":"Արտաշատ ջրանցք"},"geometry":{"type":"LineString","coordinates":[[44.6195,39.9626],[44.6194,39.9625]]}},{"type":"Feature","properties":{"waterway":"canal","name":null},"geometry":{"type":"LineString","coordinates":[[44.7784,40.4957],[44.7802,40.4943]]}},{"type":"Feature","properties":{"waterway":"canal","name":null},"geometry":{"type":"LineString","coordinates":[[44.7783,40.4957],[44.7784,40.4957]]}},{"type":"Feature","properties":{"waterway":"canal","name":null},"geometry":{"type":"LineString","coordinates":[[44.7832,40.4901],[44.7827,40.4893]]}},{"type":"Feature","properties":{"waterway":"canal","name":null},"geometry":{"type":"LineString","coordinates":[[44.7832,40.4902],[44.7832,40.4901]]}},{"type":"Feature","properties":{"waterway":"canal","name":null},"geometry":{"type":"LineString","coordinates":[[44.7812,40.4942],[44.7813,40.4942]]}},{"type":"Feature","properties":{"waterway":"canal","name":null},"geometry":{"type":"LineString","coordinates":[[44.7808,40.4943],[44.7812,40.4942]]}},{"type":"Feature","properties":{"waterway":"canal","name":null},"geometry":{"type":"LineString","coordinates":[[44.7804,40.4998],[44.7783,40.4957]]}},{"type":"Feature","properties":{"waterway":"canal","name":null},"geometry":{"type":"LineString","coordinates":[[44.7803,40.4999],[44.7804,40.4998]]}},{"type":"Feature","properties":{"waterway":"canal","name":"Մխչյանի ջրանցք"},"geometry":{"type":"LineString","coordinates":[[44.5206,40.0213],[44.5206,40.0212]]}},{"type":"Feature","properties":{"waterway":"canal","name":"Արտաշատ ջրանցք"},"geometry":{"type":"LineString","coordinates":[[44.5617,40.0527],[44.5705,40.0553],[44.571,40.0538]]}},{"type":"Feature","properties":{"waterway":"river","name":"Սոթք"},"geometry":{"type":"LineString","coordinates":[[45.8708,40.1981],[45.8555,40.1988],[45.8335,40.2059],[45.8169,40.2034],[45.8087,40.2057],[45.805,40.2042]]}},{"type":"Feature","properties":{"waterway":"river","name":"Սոթք"},"geometry":{"type":"LineString","coordinates":[[45.8709,40.1981],[45.8708,40.1981]]}},{"type":"Feature","properties":{"waterway":"canal","name":null},"geometry":{"type":"LineString","coordinates":[[43.9232,40.7673],[43.9217,40.7665]]}},{"type":"Feature","properties":{"waterway":"canal","name":null},"geometry":{"type":"LineString","coordinates":[[44.4792,40.0352],[44.4804,40.0341]]}},{"type":"Feature","properties":{"waterway":"canal","name":null},"geometry":{"type":"LineString","coordinates":[[44.478,40.0361],[44.4781,40.036]]}},{"type":"Feature","properties":{"waterway":"canal","name":null},"geometry":{"type":"LineString","coordinates":[[44.4814,40.0333],[44.4842,40.0315]]}},{"type":"Feature","properties":{"waterway":"canal","name":null},"geometry":{"type":"LineString","coordinates":[[44.481,40.0336],[44.4814,40.0333]]}},{"type":"Feature","properties":{"waterway":"canal","name":null},"geometry":{"type":"LineString","coordinates":[[44.4781,40.036],[44.4791,40.0352]]}},{"type":"Feature","properties":{"waterway":"canal","name":null},"geometry":{"type":"LineString","coordinates":[[44.4791,40.0352],[44.4792,40.0352]]}},{"type":"Feature","properties":{"waterway":"canal","name":null},"geometry":{"type":"LineString","coordinates":[[44.4805,40.034],[44.481,40.0336]]}},{"type":"Feature","properties":{"waterway":"canal","name":null},"geometry":{"type":"LineString","coordinates":[[44.4804,40.0341],[44.4805,40.034]]}},{"type":"Feature","properties":{"waterway":"canal","name":"Մխչյանի ջրանցք"},"geometry":{"type":"LineString","coordinates":[[44.5002,40.0451],[44.5002,40.045]]}},{"type":"Feature","properties":{"waterway":"canal","name":"Մխչյանի ջրանցք"},"geometry":{"type":"LineString","coordinates":[[44.5002,40.045],[44.5003,40.0449]]}},{"type":"Feature","properties":{"waterway":"canal","name":null},"geometry":{"type":"LineString","coordinates":[[44.5777,40.2737],[44.5776,40.2734]]}},{"type":"Feature","properties":{"waterway":"canal","name":null},"geometry":{"type":"LineString","coordinates":[[44.4921,40.0012],[44.4929,40.0035]]}},{"type":"Feature","properties":{"waterway":"canal","name":null},"geometry":{"type":"LineString","coordinates":[[44.4929,40.0035],[44.4932,40.0037]]}},{"type":"Feature","properties":{"waterway":"canal","name":"Արտաշատ ջրանցք"},"geometry":{"type":"LineString","coordinates":[[44.5608,40.0524],[44.5617,40.0527]]}},{"type":"Feature","properties":{"waterway":"river","name":"Ազատ"},"geometry":{"type":"LineString","coordinates":[[44.5632,40.0504],[44.5569,40.0447]]}},{"type":"Feature","properties":{"waterway":"river","name":"Աշոցք"},"geometry":{"type":"LineString","coordinates":[[43.9777,40.9705],[43.9693,40.9767],[43.9654,40.9759],[43.9505,40.9816],[43.9354,40.9917]]}},{"type":"Feature","properties":{"waterway":"canal","name":null},"geometry":{"type":"LineString","coordinates":[[44.9525,40.555],[44.9526,40.5545]]}},{"type":"Feature","properties":{"waterway":"canal","name":null},"geometry":{"type":"LineString","coordinates":[[44.9517,40.558],[44.9523,40.556]]}},{"type":"Feature","properties":{"waterway":"river","name":null},"geometry":{"type":"LineString","coordinates":[[44.3085,40.2705],[44.3084,40.2703]]}},{"type":"Feature","properties":{"waterway":"river","name":null},"geometry":{"type":"LineString","coordinates":[[44.3042,40.2882],[44.3093,40.2798],[44.3085,40.2705]]}},{"type":"Feature","properties":{"waterway":"river","name":"Արքաշեն"},"geometry":{"type":"LineString","coordinates":[[44.2276,40.4057],[44.228,40.3899],[44.2338,40.3859]]}},{"type":"Feature","properties":{"waterway":"river","name":"Արքաշեն"},"geometry":{"type":"LineString","coordinates":[[44.2276,40.4058],[44.2276,40.4057]]}},{"type":"Feature","properties":{"waterway":"canal","name":null},"geometry":{"type":"LineString","coordinates":[[44.5237,40.0417],[44.5236,40.0415]]}},{"type":"Feature","properties":{"waterway":"canal","name":null},"geometry":{"type":"LineString","coordinates":[[44.5236,40.0415],[44.5201,40.0371]]}},{"type":"Feature","properties":{"waterway":"river","name":"Արտաբուն"},"geometry":{"type":"LineString","coordinates":[[45.2512,39.8952],[45.2641,39.8885],[45.2649,39.8797],[45.2696,39.8709],[45.277,39.8685],[45.2804,39.8647],[45.2817,39.8575],[45.2935,39.8499],[45.2926,39.8384],[45.2951,39.8348]]}},{"type":"Feature","properties":{"waterway":"river","name":"Ջաջուռ"},"geometry":{"type":"LineString","coordinates":[[43.8346,40.7245],[43.8271,40.7208],[43.8206,40.7213],[43.8148,40.7287],[43.7977,40.7321]]}},{"type":"Feature","properties":{"waterway":"river","name":"Ջաջուռ"},"geometry":{"type":"LineString","coordinates":[[43.8349,40.7247],[43.8346,40.7245]]}},{"type":"Feature","properties":{"waterway":"river","name":"Խաչաղբյուր"},"geometry":{"type":"LineString","coordinates":[[45.1513,40.9029],[45.1544,40.9036]]}},{"type":"Feature","properties":{"waterway":"river","name":"Խաչաղբյուր"},"geometry":{"type":"LineString","coordinates":[[45.151,40.9029],[45.1513,40.9029]]}},{"type":"Feature","properties":{"waterway":"river","name":"Ամասիա"},"geometry":{"type":"LineString","coordinates":[[43.7884,40.946],[43.7884,40.946]]}},{"type":"Feature","properties":{"waterway":"river","name":"Ամասիա"},"geometry":{"type":"LineString","coordinates":[[43.7884,40.946],[43.7891,40.9456]]}},{"type":"Feature","properties":{"waterway":"river","name":"Ծաղկաձոր"},"geometry":{"type":"LineString","coordinates":[[44.7174,40.5364],[44.7309,40.5359]]}},{"type":"Feature","properties":{"waterway":"river","name":"Ծաղկաձոր"},"geometry":{"type":"LineString","coordinates":[[44.7309,40.5359],[44.731,40.5359]]}},{"type":"Feature","properties":{"waterway":"river","name":null},"geometry":{"type":"LineString","coordinates":[[45.7385,39.7669],[45.7379,39.7625]]}},{"type":"Feature","properties":{"waterway":"river","name":null},"geometry":{"type":"LineString","coordinates":[[46.4845,39.1912],[46.4871,39.1905]]}},{"type":"Feature","properties":{"waterway":"river","name":"Ողջի"},"geometry":{"type":"LineString","coordinates":[[46.4486,39.2009],[46.4642,39.2004],[46.4879,39.1904],[46.5091,39.178]]}},{"type":"Feature","properties":{"waterway":"river","name":null},"geometry":{"type":"LineString","coordinates":[[43.8184,41.0343],[43.8189,41.0301]]}},{"type":"Feature","properties":{"waterway":"canal","name":null},"geometry":{"type":"LineString","coordinates":[[44.2749,41.0694],[44.2861,41.0731],[44.2866,41.0784],[44.2957,41.0806]]}},{"type":"Feature","properties":{"waterway":"canal","name":null},"geometry":{"type":"LineString","coordinates":[[44.1733,41.0463],[44.1784,41.0502],[44.2072,41.0554]]}},{"type":"Feature","properties":{"waterway":"river","name":null},"geometry":{"type":"LineString","coordinates":[[44.1981,41.0429],[44.2007,41.05],[44.2124,41.0549]]}},{"type":"Feature","properties":{"waterway":"river","name":"Անտառամուտ"},"geometry":{"type":"LineString","coordinates":[[44.502,40.9209],[44.5066,40.9291],[44.5163,40.9309],[44.5372,40.929],[44.5488,40.9327],[44.5644,40.9302]]}},{"type":"Feature","properties":{"waterway":"canal","name":null},"geometry":{"type":"LineString","coordinates":[[44.7897,40.2683],[44.7894,40.2683]]}},{"type":"Feature","properties":{"waterway":"canal","name":null},"geometry":{"type":"LineString","coordinates":[[44.7903,40.2684],[44.7897,40.2683]]}},{"type":"Feature","properties":{"waterway":"canal","name":null},"geometry":{"type":"LineString","coordinates":[[45.7572,39.7825],[45.7426,39.7766]]}},{"type":"Feature","properties":{"waterway":"canal","name":null},"geometry":{"type":"LineString","coordinates":[[45.7686,39.698],[45.769,39.6961]]}},{"type":"Feature","properties":{"waterway":"canal","name":null},"geometry":{"type":"LineString","coordinates":[[45.769,39.7045],[45.7686,39.698]]}},{"type":"Feature","properties":{"waterway":"canal","name":null},"geometry":{"type":"LineString","coordinates":[[45.7728,39.6971],[45.771,39.6953]]}},{"type":"Feature","properties":{"waterway":"canal","name":null},"geometry":{"type":"LineString","coordinates":[[45.7732,39.6976],[45.7728,39.6971]]}},{"type":"Feature","properties":{"waterway":"canal","name":null},"geometry":{"type":"LineString","coordinates":[[45.7776,39.7028],[45.7776,39.7027]]}},{"type":"Feature","properties":{"waterway":"canal","name":null},"geometry":{"type":"LineString","coordinates":[[45.7802,39.7073],[45.7776,39.7028]]}},{"type":"Feature","properties":{"waterway":"canal","name":null},"geometry":{"type":"LineString","coordinates":[[45.7776,39.7027],[45.7732,39.6976]]}},{"type":"Feature","properties":{"waterway":"canal","name":null},"geometry":{"type":"LineString","coordinates":[[46.325,39.0964],[46.3296,39.0949]]}},{"type":"Feature","properties":{"waterway":"river","name":null},"geometry":{"type":"LineString","coordinates":[[46.051,39.4931],[46.051,39.5007],[46.0469,39.5125]]}},{"type":"Feature","properties":{"waterway":"canal","name":"Արտաշատի ջրանցք"},"geometry":{"type":"LineString","coordinates":[[44.5087,40.1132],[44.5076,40.1122]]}},{"type":"Feature","properties":{"waterway":"canal","name":"Արտաշատի ջրանցք"},"geometry":{"type":"LineString","coordinates":[[44.5088,40.1134],[44.5087,40.1132]]}},{"type":"Feature","properties":{"waterway":"canal","name":"Արտաշատի ջրանցք"},"geometry":{"type":"LineString","coordinates":[[44.506,40.1107],[44.506,40.1106]]}},{"type":"Feature","properties":{"waterway":"canal","name":"Արտաշատի ջրանցք"},"geometry":{"type":"LineString","coordinates":[[44.5074,40.1121],[44.506,40.1107]]}},{"type":"Feature","properties":{"waterway":"canal","name":null},"geometry":{"type":"LineString","coordinates":[[45.9631,39.5641],[45.9688,39.5654],[45.9662,39.5697],[45.9664,39.5776]]}},{"type":"Feature","properties":{"waterway":"canal","name":null},"geometry":{"type":"LineString","coordinates":[[45.9098,39.5535],[45.9372,39.5501],[45.9624,39.5638]]}},{"type":"Feature","properties":{"waterway":"canal","name":"Արբաթ ջրանցք"},"geometry":{"type":"LineString","coordinates":[[44.4128,40.1324],[44.4102,40.1337]]}},{"type":"Feature","properties":{"waterway":"canal","name":"Արբաթ ջրանցք"},"geometry":{"type":"LineString","coordinates":[[44.3985,40.139],[44.3897,40.1419]]}},{"type":"Feature","properties":{"waterway":"canal","name":"Արբաթ ջրանցք"},"geometry":{"type":"LineString","coordinates":[[44.3986,40.139],[44.3985,40.139]]}},{"type":"Feature","properties":{"waterway":"canal","name":"Արբաթ ջրանցք"},"geometry":{"type":"LineString","coordinates":[[44.3998,40.1386],[44.3986,40.139]]}},{"type":"Feature","properties":{"waterway":"canal","name":"Արբաթ ջրանցք"},"geometry":{"type":"LineString","coordinates":[[44.3999,40.1386],[44.3998,40.1386]]}},{"type":"Feature","properties":{"waterway":"canal","name":"Արբաթ ջրանցք"},"geometry":{"type":"LineString","coordinates":[[44.401,40.1382],[44.3999,40.1386]]}},{"type":"Feature","properties":{"waterway":"canal","name":"Արբաթ ջրանցք"},"geometry":{"type":"LineString","coordinates":[[44.401,40.1381],[44.401,40.1382]]}},{"type":"Feature","properties":{"waterway":"canal","name":"Արբաթ ջրանցք"},"geometry":{"type":"LineString","coordinates":[[44.4021,40.1376],[44.401,40.1381]]}},{"type":"Feature","properties":{"waterway":"canal","name":"Արբաթ ջրանցք"},"geometry":{"type":"LineString","coordinates":[[44.4022,40.1376],[44.4021,40.1376]]}},{"type":"Feature","properties":{"waterway":"canal","name":"Արբաթ ջրանցք"},"geometry":{"type":"LineString","coordinates":[[44.4043,40.1367],[44.4031,40.1371]]}},{"type":"Feature","properties":{"waterway":"canal","name":"Արբաթ ջրանցք"},"geometry":{"type":"LineString","coordinates":[[44.4053,40.1363],[44.4052,40.1363]]}},{"type":"Feature","properties":{"waterway":"canal","name":"Արբաթ ջրանցք"},"geometry":{"type":"LineString","coordinates":[[44.4052,40.1363],[44.4043,40.1367]]}},{"type":"Feature","properties":{"waterway":"canal","name":"Արբաթ ջրանցք"},"geometry":{"type":"LineString","coordinates":[[44.4043,40.1367],[44.4043,40.1367]]}},{"type":"Feature","properties":{"waterway":"canal","name":"Արբաթ ջրանցք"},"geometry":{"type":"LineString","coordinates":[[44.4031,40.1372],[44.4022,40.1376]]}},{"type":"Feature","properties":{"waterway":"canal","name":"Արբաթ ջրանցք"},"geometry":{"type":"LineString","coordinates":[[44.4031,40.1371],[44.4031,40.1372]]}},{"type":"Feature","properties":{"waterway":"canal","name":"Արբաթ ջրանցք"},"geometry":{"type":"LineString","coordinates":[[44.4069,40.1356],[44.4053,40.1363]]}},{"type":"Feature","properties":{"waterway":"canal","name":"Արբաթ ջրանցք"},"geometry":{"type":"LineString","coordinates":[[44.4083,40.1349],[44.4082,40.135]]}},{"type":"Feature","properties":{"waterway":"canal","name":null},"geometry":{"type":"LineString","coordinates":[[44.4269,40.124],[44.417,40.1213]]}},{"type":"Feature","properties":{"waterway":"canal","name":null},"geometry":{"type":"LineString","coordinates":[[44.4264,40.1269],[44.4269,40.124]]}},{"type":"Feature","properties":{"waterway":"canal","name":null},"geometry":{"type":"LineString","coordinates":[[44.4264,40.1269],[44.4241,40.1263]]}},{"type":"Feature","properties":{"waterway":"canal","name":"Սայաթ Նովա ջրանցք"},"geometry":{"type":"LineString","coordinates":[[44.4237,40.1323],[44.4264,40.1269]]}},{"type":"Feature","properties":{"waterway":"canal","name":null},"geometry":{"type":"LineString","coordinates":[[44.4236,40.1322],[44.4221,40.1309]]}},{"type":"Feature","properties":{"waterway":"canal","name":null},"geometry":{"type":"LineString","coordinates":[[44.4237,40.1323],[44.4236,40.1322]]}},{"type":"Feature","properties":{"waterway":"canal","name":null},"geometry":{"type":"LineString","coordinates":[[44.4236,40.1322],[44.4236,40.1322]]}},{"type":"Feature","properties":{"waterway":"canal","name":"Սայաթ Նովա ջրանցք"},"geometry":{"type":"LineString","coordinates":[[44.4236,40.1324],[44.4236,40.1323]]}},{"type":"Feature","properties":{"waterway":"canal","name":"Սայաթ Նովա ջրանցք"},"geometry":{"type":"LineString","coordinates":[[44.4236,40.1325],[44.4236,40.1324]]}},{"type":"Feature","properties":{"waterway":"canal","name":"Սայաթ Նովա ջրանցք"},"geometry":{"type":"LineString","coordinates":[[44.4236,40.1323],[44.4237,40.1323]]}},{"type":"Feature","properties":{"waterway":"canal","name":null},"geometry":{"type":"LineString","coordinates":[[44.422,40.1308],[44.421,40.1298]]}},{"type":"Feature","properties":{"waterway":"canal","name":null},"geometry":{"type":"LineString","coordinates":[[44.4221,40.1309],[44.422,40.1308]]}},{"type":"Feature","properties":{"waterway":"canal","name":null},"geometry":{"type":"LineString","coordinates":[[44.4297,40.0985],[44.4406,40.0918]]}},{"type":"Feature","properties":{"waterway":"canal","name":null},"geometry":{"type":"LineString","coordinates":[[44.4275,40.0978],[44.4285,40.0983]]}},{"type":"Feature","properties":{"waterway":"canal","name":null},"geometry":{"type":"LineString","coordinates":[[44.4285,40.0983],[44.4286,40.0984]]}},{"type":"Feature","properties":{"waterway":"canal","name":null},"geometry":{"type":"LineString","coordinates":[[44.4286,40.0984],[44.4296,40.0985]]}},{"type":"Feature","properties":{"waterway":"canal","name":null},"geometry":{"type":"LineString","coordinates":[[44.4296,40.0985],[44.4297,40.0985]]}},{"type":"Feature","properties":{"waterway":"canal","name":null},"geometry":{"type":"LineString","coordinates":[[44.4406,40.0918],[44.4406,40.0901]]}},{"type":"Feature","properties":{"waterway":"canal","name":null},"geometry":{"type":"LineString","coordinates":[[44.4406,40.0901],[44.441,40.0899]]}},{"type":"Feature","properties":{"waterway":"canal","name":null},"geometry":{"type":"LineString","coordinates":[[44.4411,40.0899],[44.4414,40.0898]]}},{"type":"Feature","properties":{"waterway":"canal","name":null},"geometry":{"type":"LineString","coordinates":[[44.441,40.0899],[44.4411,40.0899]]}},{"type":"Feature","properties":{"waterway":"canal","name":null},"geometry":{"type":"LineString","coordinates":[[44.441,40.0899],[44.441,40.0899]]}},{"type":"Feature","properties":{"waterway":"canal","name":null},"geometry":{"type":"LineString","coordinates":[[44.4414,40.0898],[44.431,40.0754]]}},{"type":"Feature","properties":{"waterway":"river","name":null},"geometry":{"type":"LineString","coordinates":[[44.2939,41.0125],[44.2944,41.0127]]}},{"type":"Feature","properties":{"waterway":"river","name":"Karahan Çayı"},"geometry":{"type":"LineString","coordinates":[[43.6075,40.9591],[43.6105,40.9681],[43.6198,40.9788]]}},{"type":"Feature","properties":{"waterway":"canal","name":"Գետափնյա ջրանցք"},"geometry":{"type":"LineString","coordinates":[[44.4395,40.1482],[44.4383,40.1472]]}},{"type":"Feature","properties":{"waterway":"canal","name":"Գետափնյա ջրանցք"},"geometry":{"type":"LineString","coordinates":[[44.4395,40.1483],[44.4395,40.1482]]}},{"type":"Feature","properties":{"waterway":"canal","name":"Արբաթ ջրանցք"},"geometry":{"type":"LineString","coordinates":[[44.4228,40.1374],[44.4224,40.1374]]}},{"type":"Feature","properties":{"waterway":"canal","name":"Արբաթ ջրանցք"},"geometry":{"type":"LineString","coordinates":[[44.4224,40.1374],[44.4223,40.1373]]}},{"type":"Feature","properties":{"waterway":"canal","name":"Արբաթ ջրանցք"},"geometry":{"type":"LineString","coordinates":[[44.4223,40.1373],[44.4211,40.1361]]}},{"type":"Feature","properties":{"waterway":"canal","name":"Արբաթ ջրանցք"},"geometry":{"type":"LineString","coordinates":[[44.4211,40.1361],[44.421,40.136]]}},{"type":"Feature","properties":{"waterway":"canal","name":"Արբաթ ջրանցք"},"geometry":{"type":"LineString","coordinates":[[44.4191,40.1337],[44.4191,40.1337]]}},{"type":"Feature","properties":{"waterway":"canal","name":null},"geometry":{"type":"LineString","coordinates":[[44.2885,40.2188],[44.2884,40.2188]]}},{"type":"Feature","properties":{"waterway":"canal","name":null},"geometry":{"type":"LineString","coordinates":[[44.2797,40.2187],[44.2796,40.2186]]}},{"type":"Feature","properties":{"waterway":"canal","name":null},"geometry":{"type":"LineString","coordinates":[[44.2884,40.2188],[44.2797,40.2187]]}},{"type":"Feature","properties":{"waterway":"canal","name":null},"geometry":{"type":"LineString","coordinates":[[44.2774,40.2109],[44.2741,40.2029]]}},{"type":"Feature","properties":{"waterway":"canal","name":null},"geometry":{"type":"LineString","coordinates":[[44.4284,40.0909],[44.4284,40.0882]]}},{"type":"Feature","properties":{"waterway":"canal","name":null},"geometry":{"type":"LineString","coordinates":[[44.4283,40.0839],[44.4249,40.0796]]}},{"type":"Feature","properties":{"waterway":"canal","name":null},"geometry":{"type":"LineString","coordinates":[[44.4283,40.0839],[44.4283,40.0839]]}},{"type":"Feature","properties":{"waterway":"canal","name":null},"geometry":{"type":"LineString","coordinates":[[44.4284,40.0881],[44.4283,40.0839]]}},{"type":"Feature","properties":{"waterway":"canal","name":null},"geometry":{"type":"LineString","coordinates":[[44.4284,40.0882],[44.4284,40.0881]]}},{"type":"Feature","properties":{"waterway":"canal","name":null},"geometry":{"type":"LineString","coordinates":[[44.4284,40.0937],[44.4284,40.0909]]}},{"type":"Feature","properties":{"waterway":"canal","name":null},"geometry":{"type":"LineString","coordinates":[[44.4284,40.0909],[44.4284,40.0909]]}},{"type":"Feature","properties":{"waterway":"canal","name":null},"geometry":{"type":"LineString","coordinates":[[44.4284,40.0881],[44.4216,40.0878]]}},{"type":"Feature","properties":{"waterway":"canal","name":null},"geometry":{"type":"LineString","coordinates":[[44.4221,40.0906],[44.4284,40.0909]]}},{"type":"Feature","properties":{"waterway":"canal","name":null},"geometry":{"type":"LineString","coordinates":[[44.4329,40.0965],[44.4314,40.0948]]}},{"type":"Feature","properties":{"waterway":"canal","name":null},"geometry":{"type":"LineString","coordinates":[[44.4313,40.0947],[44.4303,40.0936]]}},{"type":"Feature","properties":{"waterway":"canal","name":null},"geometry":{"type":"LineString","coordinates":[[44.4314,40.0948],[44.4313,40.0947]]}},{"type":"Feature","properties":{"waterway":"canal","name":null},"geometry":{"type":"LineString","coordinates":[[44.4218,40.0942],[44.4173,40.0888]]}},{"type":"Feature","properties":{"waterway":"canal","name":null},"geometry":{"type":"LineString","coordinates":[[44.4225,40.1422],[44.4215,40.1423]]}},{"type":"Feature","properties":{"waterway":"canal","name":null},"geometry":{"type":"LineString","coordinates":[[44.4189,40.1436],[44.4189,40.1437]]}},{"type":"Feature","properties":{"waterway":"canal","name":null},"geometry":{"type":"LineString","coordinates":[[44.4202,40.1428],[44.4189,40.1436]]}},{"type":"Feature","properties":{"waterway":"canal","name":null},"geometry":{"type":"LineString","coordinates":[[44.4202,40.1427],[44.4202,40.1428]]}},{"type":"Feature","properties":{"waterway":"canal","name":null},"geometry":{"type":"LineString","coordinates":[[44.4214,40.1423],[44.4202,40.1427]]}},{"type":"Feature","properties":{"waterway":"canal","name":null},"geometry":{"type":"LineString","coordinates":[[44.4215,40.1423],[44.4214,40.1423]]}},{"type":"Feature","properties":{"waterway":"canal","name":null},"geometry":{"type":"LineString","coordinates":[[44.4246,40.1432],[44.4226,40.1422]]}},{"type":"Feature","properties":{"waterway":"canal","name":null},"geometry":{"type":"LineString","coordinates":[[44.4226,40.1422],[44.4225,40.1422]]}},{"type":"Feature","properties":{"waterway":"canal","name":null},"geometry":{"type":"LineString","coordinates":[[44.3894,40.142],[44.3842,40.143]]}},{"type":"Feature","properties":{"waterway":"canal","name":null},"geometry":{"type":"LineString","coordinates":[[44.4177,40.1198],[44.4055,40.1161]]}},{"type":"Feature","properties":{"waterway":"canal","name":null},"geometry":{"type":"LineString","coordinates":[[44.4015,40.1145],[44.3989,40.111],[44.3846,40.1071],[44.3809,40.104]]}},{"type":"Feature","properties":{"waterway":"canal","name":null},"geometry":{"type":"LineString","coordinates":[[44.4107,40.114],[44.4105,40.114]]}},{"type":"Feature","properties":{"waterway":"canal","name":null},"geometry":{"type":"LineString","coordinates":[[44.4167,40.1115],[44.4079,40.1102]]}},{"type":"Feature","properties":{"waterway":"canal","name":null},"geometry":{"type":"LineString","coordinates":[[44.4182,40.1128],[44.4169,40.1115]]}},{"type":"Feature","properties":{"waterway":"canal","name":null},"geometry":{"type":"LineString","coordinates":[[44.4169,40.1114],[44.4167,40.1115]]}},{"type":"Feature","properties":{"waterway":"canal","name":null},"geometry":{"type":"LineString","coordinates":[[44.4169,40.1115],[44.4169,40.1114]]}},{"type":"Feature","properties":{"waterway":"canal","name":null},"geometry":{"type":"LineString","coordinates":[[44.4304,40.0906],[44.4303,40.0874]]}},{"type":"Feature","properties":{"waterway":"canal","name":null},"geometry":{"type":"LineString","coordinates":[[44.4303,40.0936],[44.4304,40.0907]]}},{"type":"Feature","properties":{"waterway":"canal","name":null},"geometry":{"type":"LineString","coordinates":[[44.4304,40.0907],[44.4304,40.0906]]}},{"type":"Feature","properties":{"waterway":"canal","name":null},"geometry":{"type":"LineString","coordinates":[[44.4381,40.0933],[44.4352,40.0897]]}},{"type":"Feature","properties":{"waterway":"canal","name":null},"geometry":{"type":"LineString","coordinates":[[44.4414,40.0898],[44.445,40.0844]]}},{"type":"Feature","properties":{"waterway":"canal","name":null},"geometry":{"type":"LineString","coordinates":[[44.4165,40.1108],[44.4158,40.1097]]}},{"type":"Feature","properties":{"waterway":"canal","name":null},"geometry":{"type":"LineString","coordinates":[[44.4183,40.113],[44.4188,40.1155]]}},{"type":"Feature","properties":{"waterway":"canal","name":null},"geometry":{"type":"LineString","coordinates":[[44.4269,40.124],[44.4266,40.1222]]}},{"type":"Feature","properties":{"waterway":"canal","name":null},"geometry":{"type":"LineString","coordinates":[[44.4581,40.1021],[44.4516,40.0981]]}},{"type":"Feature","properties":{"waterway":"canal","name":null},"geometry":{"type":"LineString","coordinates":[[44.4615,40.1051],[44.4589,40.1028]]}},{"type":"Feature","properties":{"waterway":"canal","name":null},"geometry":{"type":"LineString","coordinates":[[44.4589,40.1028],[44.4588,40.1028]]}},{"type":"Feature","properties":{"waterway":"canal","name":null},"geometry":{"type":"LineString","coordinates":[[44.4588,40.1028],[44.4581,40.1022]]}},{"type":"Feature","properties":{"waterway":"canal","name":null},"geometry":{"type":"LineString","coordinates":[[44.4581,40.1022],[44.4581,40.1021]]}},{"type":"Feature","properties":{"waterway":"canal","name":null},"geometry":{"type":"LineString","coordinates":[[44.4416,40.1098],[44.4379,40.104]]}},{"type":"Feature","properties":{"waterway":"canal","name":null},"geometry":{"type":"LineString","coordinates":[[44.4378,40.1039],[44.4353,40.1017]]}},{"type":"Feature","properties":{"waterway":"canal","name":null},"geometry":{"type":"LineString","coordinates":[[44.4379,40.104],[44.4378,40.1039]]}},{"type":"Feature","properties":{"waterway":"canal","name":null},"geometry":{"type":"LineString","coordinates":[[44.4352,40.1016],[44.4369,40.0999]]}},{"type":"Feature","properties":{"waterway":"canal","name":null},"geometry":{"type":"LineString","coordinates":[[44.4353,40.1017],[44.4352,40.1016]]}},{"type":"Feature","properties":{"waterway":"canal","name":null},"geometry":{"type":"LineString","coordinates":[[44.4259,40.1079],[44.4217,40.1012]]}},{"type":"Feature","properties":{"waterway":"canal","name":null},"geometry":{"type":"LineString","coordinates":[[44.4216,40.1012],[44.421,40.1007]]}},{"type":"Feature","properties":{"waterway":"canal","name":null},"geometry":{"type":"LineString","coordinates":[[44.4217,40.1012],[44.4216,40.1012]]}},{"type":"Feature","properties":{"waterway":"canal","name":null},"geometry":{"type":"LineString","coordinates":[[44.3688,40.0782],[44.369,40.0768]]}},{"type":"Feature","properties":{"waterway":"canal","name":null},"geometry":{"type":"LineString","coordinates":[[44.3028,40.0441],[44.314,40.0434]]}},{"type":"Feature","properties":{"waterway":"canal","name":null},"geometry":{"type":"LineString","coordinates":[[44.3141,40.0434],[44.3185,40.0448],[44.323,40.0423]]}},{"type":"Feature","properties":{"waterway":"canal","name":null},"geometry":{"type":"LineString","coordinates":[[44.3141,40.0434],[44.3221,40.0407]]}},{"type":"Feature","properties":{"waterway":"canal","name":null},"geometry":{"type":"LineString","coordinates":[[44.4914,40.0281],[44.4942,40.0266]]}},{"type":"Feature","properties":{"waterway":"canal","name":null},"geometry":{"type":"LineString","coordinates":[[44.4913,40.0281],[44.4914,40.0281]]}},{"type":"Feature","properties":{"waterway":"river","name":"Սևջուր"},"geometry":{"type":"LineString","coordinates":[[44.2619,40.0602],[44.2624,40.0603]]}},{"type":"Feature","properties":{"waterway":"river","name":"Սևջուր"},"geometry":{"type":"LineString","coordinates":[[44.2387,40.0584],[44.2394,40.0564],[44.2461,40.055],[44.2504,40.0587],[44.2619,40.0602]]}},{"type":"Feature","properties":{"waterway":"canal","name":null},"geometry":{"type":"LineString","coordinates":[[44.4078,40.1102],[44.4074,40.107]]}},{"type":"Feature","properties":{"waterway":"canal","name":null},"geometry":{"type":"LineString","coordinates":[[44.4071,40.1053],[44.4042,40.1042]]}},{"type":"Feature","properties":{"waterway":"canal","name":null},"geometry":{"type":"LineString","coordinates":[[44.4042,40.1042],[44.4013,40.1005]]}},{"type":"Feature","properties":{"waterway":"canal","name":null},"geometry":{"type":"LineString","coordinates":[[44.4188,40.1156],[44.4192,40.1179]]}},{"type":"Feature","properties":{"waterway":"canal","name":null},"geometry":{"type":"LineString","coordinates":[[44.4188,40.1155],[44.4188,40.1156]]}},{"type":"Feature","properties":{"waterway":"canal","name":null},"geometry":{"type":"LineString","coordinates":[[44.4192,40.1179],[44.4193,40.118]]}},{"type":"Feature","properties":{"waterway":"canal","name":null},"geometry":{"type":"LineString","coordinates":[[44.4192,40.1179],[44.4192,40.1179]]}},{"type":"Feature","properties":{"waterway":"canal","name":"Արզնի Շամիրամ ջրանցք"},"geometry":{"type":"LineString","coordinates":[[44.3114,40.3489],[44.3102,40.3487]]}},{"type":"Feature","properties":{"waterway":"canal","name":"Արզնի Շամիրամ ջրանցք"},"geometry":{"type":"LineString","coordinates":[[44.3177,40.3497],[44.3142,40.3501]]}},{"type":"Feature","properties":{"waterway":"canal","name":"Արզնի Շամիրամ ջրանցք"},"geometry":{"type":"LineString","coordinates":[[44.3185,40.3497],[44.3177,40.3497]]}},{"type":"Feature","properties":{"waterway":"canal","name":"Արզնի Շամիրամ ջրանցք"},"geometry":{"type":"LineString","coordinates":[[44.3297,40.354],[44.3185,40.3497]]}},{"type":"Feature","properties":{"waterway":"canal","name":"Արզնի Շամիրամ ջրանցք"},"geometry":{"type":"LineString","coordinates":[[44.3041,40.3449],[44.2979,40.3367]]}},{"type":"Feature","properties":{"waterway":"canal","name":"Արզնի Շամիրամ ջրանցք"},"geometry":{"type":"LineString","coordinates":[[44.3382,40.3525],[44.3363,40.353]]}},{"type":"Feature","properties":{"waterway":"river","name":"Շաղվարդ"},"geometry":{"type":"LineString","coordinates":[[44.3117,40.394],[44.3195,40.3906],[44.321,40.3836],[44.3406,40.3575]]}},{"type":"Feature","properties":{"waterway":"river","name":"Շաղվարդ"},"geometry":{"type":"LineString","coordinates":[[44.3115,40.3942],[44.3117,40.394]]}},{"type":"Feature","properties":{"waterway":"canal","name":null},"geometry":{"type":"LineString","coordinates":[[44.3674,40.0781],[44.3688,40.0782]]}},{"type":"Feature","properties":{"waterway":"canal","name":null},"geometry":{"type":"LineString","coordinates":[[44.3651,40.1979],[44.3653,40.198]]}},{"type":"Feature","properties":{"waterway":"canal","name":null},"geometry":{"type":"LineString","coordinates":[[44.5265,40.2857],[44.5261,40.2856]]}},{"type":"Feature","properties":{"waterway":"canal","name":null},"geometry":{"type":"LineString","coordinates":[[44.4347,40.1529],[44.4312,40.1513]]}},{"type":"Feature","properties":{"waterway":"canal","name":null},"geometry":{"type":"LineString","coordinates":[[44.4906,40.08],[44.4815,40.0697]]}},{"type":"Feature","properties":{"waterway":"canal","name":null},"geometry":{"type":"LineString","coordinates":[[44.493,40.0838],[44.4906,40.08]]}},{"type":"Feature","properties":{"waterway":"canal","name":null},"geometry":{"type":"LineString","coordinates":[[44.4906,40.08],[44.4906,40.08]]}},{"type":"Feature","properties":{"waterway":"canal","name":null},"geometry":{"type":"LineString","coordinates":[[44.4933,40.0842],[44.4932,40.084]]}},{"type":"Feature","properties":{"waterway":"canal","name":null},"geometry":{"type":"LineString","coordinates":[[44.4932,40.084],[44.493,40.0838]]}},{"type":"Feature","properties":{"waterway":"canal","name":null},"geometry":{"type":"LineString","coordinates":[[44.4934,40.0844],[44.4933,40.0842]]}},{"type":"Feature","properties":{"waterway":"canal","name":null},"geometry":{"type":"LineString","coordinates":[[44.5114,40.0666],[44.4993,40.0632]]}},{"type":"Feature","properties":{"waterway":"canal","name":null},"geometry":{"type":"LineString","coordinates":[[44.5116,40.0666],[44.5114,40.0666]]}},{"type":"Feature","properties":{"waterway":"canal","name":null},"geometry":{"type":"LineString","coordinates":[[44.4992,40.0631],[44.4914,40.0608]]}},{"type":"Feature","properties":{"waterway":"canal","name":null},"geometry":{"type":"LineString","coordinates":[[44.4249,40.2693],[44.4248,40.2693]]}},{"type":"Feature","properties":{"waterway":"canal","name":null},"geometry":{"type":"LineString","coordinates":[[44.4248,40.2693],[44.4209,40.261]]}},{"type":"Feature","properties":{"waterway":"river","name":"Մարմարիկ"},"geometry":{"type":"LineString","coordinates":[[44.5628,40.6217],[44.5633,40.6183],[44.5679,40.614],[44.5808,40.6103],[44.6029,40.6086],[44.6196,40.603],[44.6418,40.6032],[44.6869,40.5726],[44.7059,40.5686],[44.7574,40.5436]]}},{"type":"Feature","properties":{"waterway":"river","name":"Մարմարիկ"},"geometry":{"type":"LineString","coordinates":[[44.5614,40.6229],[44.5628,40.6217]]}},{"type":"Feature","properties":{"waterway":"canal","name":null},"geometry":{"type":"LineString","coordinates":[[44.4138,40.1318],[44.411,40.1286]]}},{"type":"Feature","properties":{"waterway":"canal","name":null},"geometry":{"type":"LineString","coordinates":[[44.4138,40.1319],[44.4138,40.1318]]}},{"type":"Feature","properties":{"waterway":"canal","name":null},"geometry":{"type":"LineString","coordinates":[[44.4138,40.1319],[44.4138,40.1319]]}},{"type":"Feature","properties":{"waterway":"canal","name":null},"geometry":{"type":"LineString","coordinates":[[44.4109,40.1285],[44.4101,40.1275]]}},{"type":"Feature","properties":{"waterway":"canal","name":null},"geometry":{"type":"LineString","coordinates":[[44.411,40.1286],[44.4109,40.1285]]}},{"type":"Feature","properties":{"waterway":"canal","name":"Սայաթ Նովա ջրանցք"},"geometry":{"type":"LineString","coordinates":[[44.4229,40.1372],[44.4236,40.1325]]}},{"type":"Feature","properties":{"waterway":"canal","name":"Սայաթ Նովա ջրանցք"},"geometry":{"type":"LineString","coordinates":[[44.4237,40.1325],[44.4238,40.1323]]}},{"type":"Feature","properties":{"waterway":"canal","name":"Լոռվա ջրանցք"},"geometry":{"type":"LineString","coordinates":[[44.3866,41.0441],[44.3886,41.043]]}},{"type":"Feature","properties":{"waterway":"canal","name":"Լոռվա ջրանցք"},"geometry":{"type":"LineString","coordinates":[[44.3804,41.0425],[44.3805,41.0425]]}},{"type":"Feature","properties":{"waterway":"canal","name":null},"geometry":{"type":"LineString","coordinates":[[44.4169,40.1212],[44.4091,40.1192]]}},{"type":"Feature","properties":{"waterway":"canal","name":null},"geometry":{"type":"LineString","coordinates":[[44.409,40.1192],[44.4079,40.1189]]}},{"type":"Feature","properties":{"waterway":"canal","name":null},"geometry":{"type":"LineString","coordinates":[[44.4091,40.1192],[44.409,40.1192]]}},{"type":"Feature","properties":{"waterway":"canal","name":null},"geometry":{"type":"LineString","coordinates":[[44.417,40.1213],[44.4169,40.1212]]}},{"type":"Feature","properties":{"waterway":"canal","name":null},"geometry":{"type":"LineString","coordinates":[[44.4169,40.1212],[44.4175,40.1202]]}},{"type":"Feature","properties":{"waterway":"canal","name":null},"geometry":{"type":"LineString","coordinates":[[44.4177,40.1198],[44.4182,40.119]]}},{"type":"Feature","properties":{"waterway":"canal","name":null},"geometry":{"type":"LineString","coordinates":[[44.4175,40.1202],[44.4177,40.1198]]}},{"type":"Feature","properties":{"waterway":"canal","name":null},"geometry":{"type":"LineString","coordinates":[[44.4321,40.1463],[44.4309,40.1464]]}},{"type":"Feature","properties":{"waterway":"canal","name":null},"geometry":{"type":"LineString","coordinates":[[44.4371,40.149],[44.4327,40.1464]]}},{"type":"Feature","properties":{"waterway":"canal","name":null},"geometry":{"type":"LineString","coordinates":[[44.4327,40.1464],[44.4326,40.1464]]}},{"type":"Feature","properties":{"waterway":"canal","name":null},"geometry":{"type":"LineString","coordinates":[[44.4326,40.1464],[44.4322,40.1463]]}},{"type":"Feature","properties":{"waterway":"canal","name":null},"geometry":{"type":"LineString","coordinates":[[44.4322,40.1463],[44.4321,40.1463]]}},{"type":"Feature","properties":{"waterway":"canal","name":"Արտաշատ ջրանցք"},"geometry":{"type":"LineString","coordinates":[[44.5134,40.0614],[44.5186,40.0525],[44.5226,40.0506]]}},{"type":"Feature","properties":{"waterway":"river","name":"Հրազդան"},"geometry":{"type":"LineString","coordinates":[[44.4448,40.155],[44.4357,40.1456],[44.4237,40.1388],[44.4174,40.1289],[44.4088,40.1248],[44.3948,40.1106],[44.3877,40.1108]]}},{"type":"Feature","properties":{"waterway":"river","name":"Հրազդան"},"geometry":{"type":"LineString","coordinates":[[44.3877,40.1108],[44.385,40.108]]}},{"type":"Feature","properties":{"waterway":"canal","name":null},"geometry":{"type":"LineString","coordinates":[[44.3375,40.0778],[44.3075,40.0788]]}},{"type":"Feature","properties":{"waterway":"river","name":"Սևջուր"},"geometry":{"type":"LineString","coordinates":[[44.3009,40.0595],[44.3147,40.0552],[44.3179,40.0493],[44.3253,40.0443],[44.3293,40.0498],[44.3344,40.0503],[44.3408,40.0418]]}},{"type":"Feature","properties":{"waterway":"canal","name":null},"geometry":{"type":"LineString","coordinates":[[44.3924,40.1094],[44.3909,40.1069]]}},{"type":"Feature","properties":{"waterway":"canal","name":null},"geometry":{"type":"LineString","coordinates":[[44.3909,40.1069],[44.3908,40.1068]]}},{"type":"Feature","properties":{"waterway":"canal","name":null},"geometry":{"type":"LineString","coordinates":[[44.3908,40.1068],[44.3893,40.1046]]}},{"type":"Feature","properties":{"waterway":"canal","name":null},"geometry":{"type":"LineString","coordinates":[[44.4159,40.1426],[44.4133,40.1402]]}},{"type":"Feature","properties":{"waterway":"canal","name":null},"geometry":{"type":"LineString","coordinates":[[44.4351,40.1017],[44.4327,40.104]]}},{"type":"Feature","properties":{"waterway":"canal","name":null},"geometry":{"type":"LineString","coordinates":[[44.4352,40.1016],[44.4351,40.1017]]}},{"type":"Feature","properties":{"waterway":"river","name":"Հրազդան"},"geometry":{"type":"LineString","coordinates":[[44.385,40.108],[44.3777,40.1011],[44.38,40.0917]]}},{"type":"Feature","properties":{"waterway":"canal","name":null},"geometry":{"type":"LineString","coordinates":[[44.3913,40.0767],[44.3892,40.069]]}},{"type":"Feature","properties":{"waterway":"canal","name":null},"geometry":{"type":"LineString","coordinates":[[44.4156,40.1235],[44.4076,40.1203]]}},{"type":"Feature","properties":{"waterway":"canal","name":null},"geometry":{"type":"LineString","coordinates":[[44.4003,40.1082],[44.4002,40.103]]}},{"type":"Feature","properties":{"waterway":"canal","name":null},"geometry":{"type":"LineString","coordinates":[[44.3989,40.1109],[44.4003,40.1082]]}},{"type":"Feature","properties":{"waterway":"canal","name":null},"geometry":{"type":"LineString","coordinates":[[44.4003,40.1082],[44.4003,40.1082]]}},{"type":"Feature","properties":{"waterway":"canal","name":null},"geometry":{"type":"LineString","coordinates":[[44.3989,40.111],[44.3989,40.1109]]}},{"type":"Feature","properties":{"waterway":"canal","name":null},"geometry":{"type":"LineString","coordinates":[[44.3936,40.1093],[44.3913,40.1049]]}},{"type":"Feature","properties":{"waterway":"canal","name":null},"geometry":{"type":"LineString","coordinates":[[44.4259,40.109],[44.4259,40.108]]}},{"type":"Feature","properties":{"waterway":"canal","name":null},"geometry":{"type":"LineString","coordinates":[[44.4259,40.108],[44.4259,40.1079]]}},{"type":"Feature","properties":{"waterway":"river","name":"Հրազդան"},"geometry":{"type":"LineString","coordinates":[[44.4453,40.038],[44.4469,40.0365],[44.4405,40.0322],[44.4453,40.0301],[44.4389,40.0295],[44.4445,40.0276],[44.4413,40.026],[44.4414,40.0232],[44.4444,40.0201],[44.4434,40.0184],[44.4469,40.0171],[44.4412,40.0081],[44.4464,40.002],[44.4422,39.9981],[44.4442,39.996],[44.4435,39.9903],[44.4458,39.9916],[44.4497,39.9889],[44.4532,39.9907]]}},{"type":"Feature","properties":{"waterway":"canal","name":null},"geometry":{"type":"LineString","coordinates":[[44.4102,40.0885],[44.4044,40.0885]]}},{"type":"Feature","properties":{"waterway":"canal","name":null},"geometry":{"type":"LineString","coordinates":[[44.4324,40.094],[44.4306,40.0919]]}},{"type":"Feature","properties":{"waterway":"canal","name":null},"geometry":{"type":"LineString","coordinates":[[44.4339,40.0959],[44.4324,40.0941]]}},{"type":"Feature","properties":{"waterway":"canal","name":null},"geometry":{"type":"LineString","coordinates":[[44.4324,40.0941],[44.4324,40.094]]}},{"type":"Feature","properties":{"waterway":"river","name":"Աղստև"},"geometry":{"type":"LineString","coordinates":[[44.6439,40.7548],[44.6438,40.7546]]}},{"type":"Feature","properties":{"waterway":"canal","name":null},"geometry":{"type":"LineString","coordinates":[[44.416,40.0866],[44.4102,40.0789]]}},{"type":"Feature","properties":{"waterway":"canal","name":null},"geometry":{"type":"LineString","coordinates":[[44.4352,40.0896],[44.4328,40.0864]]}},{"type":"Feature","properties":{"waterway":"canal","name":null},"geometry":{"type":"LineString","coordinates":[[44.4352,40.0897],[44.4352,40.0896]]}},{"type":"Feature","properties":{"waterway":"canal","name":null},"geometry":{"type":"LineString","coordinates":[[44.4328,40.0863],[44.4308,40.0838]]}},{"type":"Feature","properties":{"waterway":"canal","name":null},"geometry":{"type":"LineString","coordinates":[[44.4328,40.0864],[44.4328,40.0863]]}},{"type":"Feature","properties":{"waterway":"canal","name":null},"geometry":{"type":"LineString","coordinates":[[44.4054,40.1141],[44.4038,40.1113]]}},{"type":"Feature","properties":{"waterway":"canal","name":null},"geometry":{"type":"LineString","coordinates":[[44.4085,40.114],[44.4083,40.112]]}},{"type":"Feature","properties":{"waterway":"canal","name":null},"geometry":{"type":"LineString","coordinates":[[44.4082,40.1119],[44.4081,40.1105]]}},{"type":"Feature","properties":{"waterway":"canal","name":null},"geometry":{"type":"LineString","coordinates":[[44.4083,40.112],[44.4082,40.1119]]}},{"type":"Feature","properties":{"waterway":"canal","name":null},"geometry":{"type":"LineString","coordinates":[[44.4266,40.1222],[44.4179,40.1199]]}},{"type":"Feature","properties":{"waterway":"canal","name":null},"geometry":{"type":"LineString","coordinates":[[44.4267,40.1153],[44.4265,40.1133]]}},{"type":"Feature","properties":{"waterway":"canal","name":null},"geometry":{"type":"LineString","coordinates":[[44.4265,40.1133],[44.4264,40.1133]]}},{"type":"Feature","properties":{"waterway":"canal","name":null},"geometry":{"type":"LineString","coordinates":[[44.4264,40.1133],[44.4261,40.111]]}},{"type":"Feature","properties":{"waterway":"river","name":"Բազումթառ"},"geometry":{"type":"LineString","coordinates":[[44.4436,40.8368],[44.4378,40.8293]]}},{"type":"Feature","properties":{"waterway":"river","name":"Բազումթառ"},"geometry":{"type":"LineString","coordinates":[[44.4459,40.8434],[44.4461,40.8431]]}},{"type":"Feature","properties":{"waterway":"river","name":"Բազումթառ"},"geometry":{"type":"LineString","coordinates":[[44.4461,40.8431],[44.4437,40.8369]]}},{"type":"Feature","properties":{"waterway":"river","name":"Բազումթառ"},"geometry":{"type":"LineString","coordinates":[[44.4437,40.8369],[44.4436,40.8368]]}},{"type":"Feature","properties":{"waterway":"canal","name":null},"geometry":{"type":"LineString","coordinates":[[44.4081,40.1283],[44.4067,40.1266]]}},{"type":"Feature","properties":{"waterway":"canal","name":null},"geometry":{"type":"LineString","coordinates":[[44.4067,40.1266],[44.404,40.1256]]}},{"type":"Feature","properties":{"waterway":"canal","name":null},"geometry":{"type":"LineString","coordinates":[[44.4067,40.1266],[44.4067,40.1266]]}},{"type":"Feature","properties":{"waterway":"canal","name":null},"geometry":{"type":"LineString","coordinates":[[44.2136,40.1613],[44.2073,40.1638]]}},{"type":"Feature","properties":{"waterway":"canal","name":null},"geometry":{"type":"LineString","coordinates":[[44.2073,40.1638],[44.2073,40.1639]]}},{"type":"Feature","properties":{"waterway":"canal","name":null},"geometry":{"type":"LineString","coordinates":[[44.2034,40.1659],[44.2033,40.166]]}},{"type":"Feature","properties":{"waterway":"canal","name":null},"geometry":{"type":"LineString","coordinates":[[44.2073,40.1639],[44.2034,40.1659]]}},{"type":"Feature","properties":{"waterway":"canal","name":null},"geometry":{"type":"LineString","coordinates":[[44.1874,40.1557],[44.1888,40.1544]]}},{"type":"Feature","properties":{"waterway":"canal","name":null},"geometry":{"type":"LineString","coordinates":[[44.1873,40.1557],[44.1874,40.1557]]}},{"type":"Feature","properties":{"waterway":"canal","name":null},"geometry":{"type":"LineString","coordinates":[[44.1891,40.1541],[44.1892,40.154]]}},{"type":"Feature","properties":{"waterway":"canal","name":null},"geometry":{"type":"LineString","coordinates":[[44.1891,40.1542],[44.1891,40.1541]]}},{"type":"Feature","properties":{"waterway":"canal","name":null},"geometry":{"type":"LineString","coordinates":[[44.1888,40.1544],[44.1891,40.1542]]}},{"type":"Feature","properties":{"waterway":"canal","name":null},"geometry":{"type":"LineString","coordinates":[[44.2033,40.166],[44.1974,40.1697],[44.195,40.1689],[44.1864,40.1601],[44.1873,40.1557]]}},{"type":"Feature","properties":{"waterway":"canal","name":null},"geometry":{"type":"LineString","coordinates":[[44.1732,40.1434],[44.1714,40.1454]]}},{"type":"Feature","properties":{"waterway":"canal","name":null},"geometry":{"type":"LineString","coordinates":[[44.1733,40.1434],[44.1732,40.1434]]}},{"type":"Feature","properties":{"waterway":"canal","name":null},"geometry":{"type":"LineString","coordinates":[[44.1892,40.154],[44.1902,40.1467],[44.1855,40.1475],[44.1805,40.1424],[44.1733,40.1434]]}},{"type":"Feature","properties":{"waterway":"canal","name":null},"geometry":{"type":"LineString","coordinates":[[44.1991,40.1447],[44.199,40.1446]]}},{"type":"Feature","properties":{"waterway":"canal","name":null},"geometry":{"type":"LineString","coordinates":[[44.1992,40.1448],[44.1991,40.1447]]}},{"type":"Feature","properties":{"waterway":"canal","name":null},"geometry":{"type":"LineString","coordinates":[[44.1993,40.1448],[44.1992,40.1448]]}},{"type":"Feature","properties":{"waterway":"canal","name":null},"geometry":{"type":"LineString","coordinates":[[44.2217,40.1411],[44.2091,40.145],[44.1993,40.1448]]}},{"type":"Feature","properties":{"waterway":"canal","name":null},"geometry":{"type":"LineString","coordinates":[[44.2217,40.141],[44.2217,40.1411]]}},{"type":"Feature","properties":{"waterway":"canal","name":null},"geometry":{"type":"LineString","coordinates":[[44.2332,40.1297],[44.2331,40.1357],[44.2288,40.1395],[44.2217,40.141]]}},{"type":"Feature","properties":{"waterway":"canal","name":null},"geometry":{"type":"LineString","coordinates":[[44.1774,40.1393],[44.1725,40.1417]]}},{"type":"Feature","properties":{"waterway":"canal","name":null},"geometry":{"type":"LineString","coordinates":[[44.1776,40.1394],[44.1774,40.1393]]}},{"type":"Feature","properties":{"waterway":"canal","name":null},"geometry":{"type":"LineString","coordinates":[[44.1725,40.1418],[44.171,40.1452]]}},{"type":"Feature","properties":{"waterway":"canal","name":null},"geometry":{"type":"LineString","coordinates":[[44.1725,40.1417],[44.1725,40.1418]]}},{"type":"Feature","properties":{"waterway":"canal","name":null},"geometry":{"type":"LineString","coordinates":[[44.199,40.1446],[44.1937,40.1423],[44.1842,40.1429],[44.1776,40.1394]]}},{"type":"Feature","properties":{"waterway":"river","name":"Աշոցք"},"geometry":{"type":"LineString","coordinates":[[43.9353,40.9917],[43.9296,41.0023]]}},{"type":"Feature","properties":{"waterway":"river","name":"Աշոցք"},"geometry":{"type":"LineString","coordinates":[[43.9354,40.9917],[43.9353,40.9917]]}},{"type":"Feature","properties":{"waterway":"river","name":"Շնագայլի ձոր"},"geometry":{"type":"LineString","coordinates":[[43.8172,41.088],[43.8168,41.0879]]}},{"type":"Feature","properties":{"waterway":"river","name":"Շնագայլի ձոր"},"geometry":{"type":"LineString","coordinates":[[43.8355,41.0987],[43.8325,41.0925],[43.8242,41.0885],[43.8172,41.088]]}},{"type":"Feature","properties":{"waterway":"canal","name":"Շիրակի ջրանցք"},"geometry":{"type":"LineString","coordinates":[[43.9325,40.8314],[43.9326,40.8292]]}},{"type":"Feature","properties":{"waterway":"canal","name":"Շիրակի ջրանցք"},"geometry":{"type":"LineString","coordinates":[[43.9321,40.8316],[43.9325,40.8314]]}},{"type":"Feature","properties":{"waterway":"river","name":"Սառնաջուր"},"geometry":{"type":"LineString","coordinates":[[44.98,40.9178],[44.9959,40.9113],[44.9974,40.9068],[45.0027,40.9027],[45.0337,40.8996]]}},{"type":"Feature","properties":{"waterway":"canal","name":null},"geometry":{"type":"LineString","coordinates":[[44.4185,40.135],[44.4179,40.1343]]}},{"type":"Feature","properties":{"waterway":"canal","name":null},"geometry":{"type":"LineString","coordinates":[[44.4189,40.1354],[44.4186,40.135]]}},{"type":"Feature","properties":{"waterway":"canal","name":null},"geometry":{"type":"LineString","coordinates":[[44.4186,40.135],[44.4185,40.135]]}},{"type":"Feature","properties":{"waterway":"canal","name":null},"geometry":{"type":"LineString","coordinates":[[44.4179,40.1343],[44.4179,40.1342]]}},{"type":"Feature","properties":{"waterway":"canal","name":null},"geometry":{"type":"LineString","coordinates":[[44.4179,40.1342],[44.4176,40.1338]]}},{"type":"Feature","properties":{"waterway":"canal","name":"Գետափնյա ջրանցք"},"geometry":{"type":"LineString","coordinates":[[44.4448,40.1545],[44.4395,40.1483]]}},{"type":"Feature","properties":{"waterway":"canal","name":"Գետափնյա ջրանցք"},"geometry":{"type":"LineString","coordinates":[[44.4448,40.1546],[44.4448,40.1545]]}},{"type":"Feature","properties":{"waterway":"canal","name":"Արբաթ ջրանցք"},"geometry":{"type":"LineString","coordinates":[[44.4129,40.1324],[44.4128,40.1324]]}},{"type":"Feature","properties":{"waterway":"canal","name":null},"geometry":{"type":"LineString","coordinates":[[44.4191,40.138],[44.4187,40.1376]]}},{"type":"Feature","properties":{"waterway":"canal","name":"Արբաթ ջրանցք"},"geometry":{"type":"LineString","coordinates":[[44.4102,40.1337],[44.4083,40.1349]]}},{"type":"Feature","properties":{"waterway":"canal","name":"Արբաթ ջրանցք"},"geometry":{"type":"LineString","coordinates":[[44.3897,40.1419],[44.3875,40.1375]]}},{"type":"Feature","properties":{"waterway":"canal","name":null},"geometry":{"type":"LineString","coordinates":[[44.4174,40.1386],[44.4165,40.1378]]}},{"type":"Feature","properties":{"waterway":"river","name":"Հավսաթաղք"},"geometry":{"type":"LineString","coordinates":[[45.571,40.3675],[45.5602,40.3537]]}},{"type":"Feature","properties":{"waterway":"river","name":"Հավսաթաղք"},"geometry":{"type":"LineString","coordinates":[[45.5711,40.3676],[45.571,40.3675]]}},{"type":"Feature","properties":{"waterway":"river","name":"Վարարակ"},"geometry":{"type":"LineString","coordinates":[[46.337,39.5172],[46.3441,39.509],[46.3485,39.5082],[46.3481,39.5017]]}},{"type":"Feature","properties":{"waterway":"river","name":"Վարարակ"},"geometry":{"type":"LineString","coordinates":[[46.3481,39.5017],[46.3481,39.5016]]}},{"type":"Feature","properties":{"waterway":"canal","name":null},"geometry":{"type":"LineString","coordinates":[[44.4158,40.135],[44.4149,40.1342]]}},{"type":"Feature","properties":{"waterway":"canal","name":null},"geometry":{"type":"LineString","coordinates":[[44.4147,40.134],[44.4141,40.1334]]}},{"type":"Feature","properties":{"waterway":"canal","name":null},"geometry":{"type":"LineString","coordinates":[[44.4149,40.1342],[44.4147,40.134]]}},{"type":"Feature","properties":{"waterway":"canal","name":null},"geometry":{"type":"LineString","coordinates":[[44.414,40.1333],[44.4136,40.133]]}},{"type":"Feature","properties":{"waterway":"canal","name":null},"geometry":{"type":"LineString","coordinates":[[44.4141,40.1334],[44.414,40.1333]]}},{"type":"Feature","properties":{"waterway":"canal","name":null},"geometry":{"type":"LineString","coordinates":[[44.4169,40.136],[44.4159,40.1351]]}},{"type":"Feature","properties":{"waterway":"canal","name":null},"geometry":{"type":"LineString","coordinates":[[44.4159,40.1351],[44.4158,40.135]]}},{"type":"Feature","properties":{"waterway":"canal","name":null},"geometry":{"type":"LineString","coordinates":[[44.4174,40.1364],[44.417,40.1361]]}},{"type":"Feature","properties":{"waterway":"canal","name":null},"geometry":{"type":"LineString","coordinates":[[44.417,40.1361],[44.4169,40.136]]}},{"type":"Feature","properties":{"waterway":"canal","name":null},"geometry":{"type":"LineString","coordinates":[[44.4158,40.1352],[44.4168,40.1361]]}},{"type":"Feature","properties":{"waterway":"canal","name":null},"geometry":{"type":"LineString","coordinates":[[44.4149,40.1356],[44.4156,40.1352]]}},{"type":"Feature","properties":{"waterway":"canal","name":null},"geometry":{"type":"LineString","coordinates":[[44.4156,40.1352],[44.4158,40.1352]]}},{"type":"Feature","properties":{"waterway":"canal","name":null},"geometry":{"type":"LineString","coordinates":[[44.3288,40.0826],[44.3287,40.0783]]}},{"type":"Feature","properties":{"waterway":"canal","name":null},"geometry":{"type":"LineString","coordinates":[[44.3238,40.0825],[44.3288,40.0826]]}},{"type":"Feature","properties":{"waterway":"canal","name":null},"geometry":{"type":"LineString","coordinates":[[44.4489,40.0975],[44.4524,40.0979]]}},{"type":"Feature","properties":{"waterway":"canal","name":null},"geometry":{"type":"LineString","coordinates":[[44.4525,40.0979],[44.4551,40.0979]]}},{"type":"Feature","properties":{"waterway":"canal","name":null},"geometry":{"type":"LineString","coordinates":[[44.4533,40.0951],[44.4563,40.0978]]}},{"type":"Feature","properties":{"waterway":"canal","name":"Արտաշատի ջրանցք"},"geometry":{"type":"LineString","coordinates":[[44.4908,40.1017],[44.4895,40.0951]]}},{"type":"Feature","properties":{"waterway":"canal","name":"Արտաշատի ջրանցք"},"geometry":{"type":"LineString","coordinates":[[44.4895,40.0951],[44.4905,40.0932]]}},{"type":"Feature","properties":{"waterway":"canal","name":"Գետափնյա ջրանցք"},"geometry":{"type":"LineString","coordinates":[[44.4353,40.1451],[44.4346,40.1442]]}},{"type":"Feature","properties":{"waterway":"canal","name":"Գետափնյա ջրանցք"},"geometry":{"type":"LineString","coordinates":[[44.4346,40.1442],[44.4346,40.1442]]}},{"type":"Feature","properties":{"waterway":"canal","name":"Արբաթ ջրանցք"},"geometry":{"type":"LineString","coordinates":[[44.4082,40.135],[44.4069,40.1355]]}},{"type":"Feature","properties":{"waterway":"canal","name":"Արբաթ ջրանցք"},"geometry":{"type":"LineString","coordinates":[[44.4069,40.1355],[44.4069,40.1356]]}},{"type":"Feature","properties":{"waterway":"canal","name":"Մխչյանի ջրանցք"},"geometry":{"type":"LineString","coordinates":[[44.5003,40.0449],[44.5005,40.0437]]}},{"type":"Feature","properties":{"waterway":"canal","name":"Մխչյանի ջրանցք"},"geometry":{"type":"LineString","coordinates":[[44.5005,40.0437],[44.5005,40.0436]]}},{"type":"Feature","properties":{"waterway":"canal","name":null},"geometry":{"type":"LineString","coordinates":[[44.6987,40.4665],[44.699,40.4661]]}},{"type":"Feature","properties":{"waterway":"canal","name":null},"geometry":{"type":"LineString","coordinates":[[44.4491,40.0881],[44.4518,40.0911]]}},{"type":"Feature","properties":{"waterway":"canal","name":null},"geometry":{"type":"LineString","coordinates":[[44.449,40.0881],[44.4484,40.0866]]}},{"type":"Feature","properties":{"waterway":"canal","name":null},"geometry":{"type":"LineString","coordinates":[[44.4499,40.0996],[44.4547,40.1026]]}},{"type":"Feature","properties":{"waterway":"canal","name":null},"geometry":{"type":"LineString","coordinates":[[44.4554,40.1021],[44.4541,40.103]]}},{"type":"Feature","properties":{"waterway":"canal","name":null},"geometry":{"type":"LineString","coordinates":[[44.4554,40.1021],[44.4581,40.1021]]}},{"type":"Feature","properties":{"waterway":"canal","name":null},"geometry":{"type":"LineString","coordinates":[[44.457,40.1011],[44.4579,40.1002]]}},{"type":"Feature","properties":{"waterway":"canal","name":null},"geometry":{"type":"LineString","coordinates":[[44.3618,40.2372],[44.3602,40.2321]]}},{"type":"Feature","properties":{"waterway":"canal","name":"Տկահան ջրանցք"},"geometry":{"type":"LineString","coordinates":[[44.401,40.2221],[44.4056,40.2194]]}},{"type":"Feature","properties":{"waterway":"canal","name":"Տկահան ջրանցք"},"geometry":{"type":"LineString","coordinates":[[44.4008,40.2221],[44.401,40.2221]]}},{"type":"Feature","properties":{"waterway":"canal","name":"Տկահան ջրանցք"},"geometry":{"type":"LineString","coordinates":[[44.3978,40.2246],[44.3978,40.2245]]}},{"type":"Feature","properties":{"waterway":"canal","name":"Տկահան ջրանցք"},"geometry":{"type":"LineString","coordinates":[[44.393,40.2287],[44.396,40.2292],[44.3978,40.2246]]}},{"type":"Feature","properties":{"waterway":"canal","name":"Տկահան ջրանցք"},"geometry":{"type":"LineString","coordinates":[[44.393,40.2287],[44.393,40.2287]]}},{"type":"Feature","properties":{"waterway":"canal","name":"Տկահան ջրանցք"},"geometry":{"type":"LineString","coordinates":[[44.3821,40.2282],[44.3925,40.2283]]}},{"type":"Feature","properties":{"waterway":"canal","name":"Տկահան ջրանցք"},"geometry":{"type":"LineString","coordinates":[[44.3819,40.229],[44.3821,40.2282]]}},{"type":"Feature","properties":{"waterway":"river","name":null},"geometry":{"type":"LineString","coordinates":[[45.1562,41.061],[45.1598,41.0659]]}},{"type":"Feature","properties":{"waterway":"canal","name":"Կոտայքի ջրանցք"},"geometry":{"type":"LineString","coordinates":[[44.6701,40.3128],[44.6707,40.3127]]}},{"type":"Feature","properties":{"waterway":"canal","name":"Կոտայքի ջրանցք"},"geometry":{"type":"LineString","coordinates":[[44.6675,40.3141],[44.6701,40.3128]]}},{"type":"Feature","properties":{"waterway":"canal","name":"Տկահան ջրանցք"},"geometry":{"type":"LineString","coordinates":[[44.3584,40.2405],[44.3649,40.2369],[44.3662,40.2316],[44.372,40.2284]]}},{"type":"Feature","properties":{"waterway":"canal","name":"Տկահան ջրանցք"},"geometry":{"type":"LineString","coordinates":[[44.3583,40.2407],[44.3584,40.2405]]}},{"type":"Feature","properties":{"waterway":"canal","name":null},"geometry":{"type":"LineString","coordinates":[[44.5795,40.1003],[44.5773,40.1003]]}},{"type":"Feature","properties":{"waterway":"canal","name":"Արտաշատ ջրանցք"},"geometry":{"type":"LineString","coordinates":[[44.5226,40.0506],[44.5345,40.0509]]}},{"type":"Feature","properties":{"waterway":"canal","name":null},"geometry":{"type":"LineString","coordinates":[[44.4924,40.0831],[44.4915,40.0816]]}},{"type":"Feature","properties":{"waterway":"canal","name":null},"geometry":{"type":"LineString","coordinates":[[44.4929,40.0837],[44.4928,40.0837]]}},{"type":"Feature","properties":{"waterway":"canal","name":null},"geometry":{"type":"LineString","coordinates":[[44.493,40.0837],[44.4929,40.0837]]}},{"type":"Feature","properties":{"waterway":"canal","name":null},"geometry":{"type":"LineString","coordinates":[[44.6727,40.31],[44.6712,40.307]]}},{"type":"Feature","properties":{"waterway":"canal","name":"Կոտայքի ջրանցք"},"geometry":{"type":"LineString","coordinates":[[44.6726,40.3115],[44.6734,40.3109]]}},{"type":"Feature","properties":{"waterway":"canal","name":"Կոտայքի ջրանցք"},"geometry":{"type":"LineString","coordinates":[[44.6707,40.3127],[44.6726,40.3115]]}},{"type":"Feature","properties":{"waterway":"canal","name":"Կոտայքի ջրանցք"},"geometry":{"type":"LineString","coordinates":[[44.6662,40.3146],[44.6675,40.3141]]}},{"type":"Feature","properties":{"waterway":"canal","name":"Կոտայքի ջրանցք"},"geometry":{"type":"LineString","coordinates":[[44.6453,40.328],[44.6449,40.3228],[44.6497,40.3167]]}},{"type":"Feature","properties":{"waterway":"canal","name":null},"geometry":{"type":"LineString","coordinates":[[44.6767,40.434],[44.6761,40.4344]]}},{"type":"Feature","properties":{"waterway":"canal","name":null},"geometry":{"type":"LineString","coordinates":[[44.6767,40.4339],[44.6767,40.434]]}},{"type":"Feature","properties":{"waterway":"canal","name":null},"geometry":{"type":"LineString","coordinates":[[44.6612,40.4355],[44.6611,40.4356]]}},{"type":"Feature","properties":{"waterway":"canal","name":null},"geometry":{"type":"LineString","coordinates":[[44.6761,40.4344],[44.6692,40.4331],[44.6612,40.4355]]}},{"type":"Feature","properties":{"waterway":"canal","name":null},"geometry":{"type":"LineString","coordinates":[[44.6359,40.4336],[44.6259,40.4312],[44.6249,40.429]]}},{"type":"Feature","properties":{"waterway":"canal","name":null},"geometry":{"type":"LineString","coordinates":[[44.6361,40.4336],[44.6359,40.4336]]}},{"type":"Feature","properties":{"waterway":"canal","name":null},"geometry":{"type":"LineString","coordinates":[[44.6249,40.4288],[44.6248,40.4287]]}},{"type":"Feature","properties":{"waterway":"canal","name":null},"geometry":{"type":"LineString","coordinates":[[44.6249,40.4289],[44.6249,40.4288]]}},{"type":"Feature","properties":{"waterway":"canal","name":null},"geometry":{"type":"LineString","coordinates":[[44.6249,40.429],[44.6249,40.4289]]}},{"type":"Feature","properties":{"waterway":"canal","name":null},"geometry":{"type":"LineString","coordinates":[[44.6611,40.4356],[44.644,40.4361],[44.6361,40.4336]]}},{"type":"Feature","properties":{"waterway":"canal","name":null},"geometry":{"type":"LineString","coordinates":[[44.3097,40.1973],[44.3072,40.1971]]}},{"type":"Feature","properties":{"waterway":"canal","name":null},"geometry":{"type":"LineString","coordinates":[[44.3156,40.2005],[44.3115,40.1964],[44.3097,40.1973]]}},{"type":"Feature","properties":{"waterway":"canal","name":null},"geometry":{"type":"LineString","coordinates":[[44.4315,40.1388],[44.4275,40.1379]]}},{"type":"Feature","properties":{"waterway":"canal","name":null},"geometry":{"type":"LineString","coordinates":[[44.4317,40.1396],[44.4316,40.1389]]}},{"type":"Feature","properties":{"waterway":"canal","name":null},"geometry":{"type":"LineString","coordinates":[[44.4316,40.1389],[44.4315,40.1388]]}},{"type":"Feature","properties":{"waterway":"canal","name":null},"geometry":{"type":"LineString","coordinates":[[44.4274,40.1378],[44.4267,40.1373]]}},{"type":"Feature","properties":{"waterway":"canal","name":null},"geometry":{"type":"LineString","coordinates":[[44.4275,40.1379],[44.4274,40.1378]]}},{"type":"Feature","properties":{"waterway":"canal","name":null},"geometry":{"type":"LineString","coordinates":[[44.4266,40.1371],[44.425,40.1357],[44.4275,40.1336]]}},{"type":"Feature","properties":{"waterway":"canal","name":null},"geometry":{"type":"LineString","coordinates":[[44.4267,40.1373],[44.4266,40.1371]]}},{"type":"Feature","properties":{"waterway":"canal","name":null},"geometry":{"type":"LineString","coordinates":[[44.2164,40.1118],[44.223,40.1046]]}},{"type":"Feature","properties":{"waterway":"canal","name":null},"geometry":{"type":"LineString","coordinates":[[44.2247,40.0988],[44.229,40.0891]]}},{"type":"Feature","properties":{"waterway":"canal","name":null},"geometry":{"type":"LineString","coordinates":[[44.2231,40.1043],[44.2247,40.0989]]}},{"type":"Feature","properties":{"waterway":"canal","name":null},"geometry":{"type":"LineString","coordinates":[[44.2247,40.0989],[44.2247,40.0988]]}},{"type":"Feature","properties":{"waterway":"canal","name":null},"geometry":{"type":"LineString","coordinates":[[44.2073,40.1127],[44.2145,40.1071],[44.2135,40.1006]]}},{"type":"Feature","properties":{"waterway":"canal","name":null},"geometry":{"type":"LineString","coordinates":[[44.2117,40.0912],[44.2277,40.0857]]}},{"type":"Feature","properties":{"waterway":"canal","name":null},"geometry":{"type":"LineString","coordinates":[[44.2126,40.0952],[44.2113,40.0784],[44.2135,40.0753]]}},{"type":"Feature","properties":{"waterway":"canal","name":null},"geometry":{"type":"LineString","coordinates":[[44.2135,40.1005],[44.2127,40.0957]]}},{"type":"Feature","properties":{"waterway":"canal","name":null},"geometry":{"type":"LineString","coordinates":[[44.2135,40.1006],[44.2135,40.1005]]}},{"type":"Feature","properties":{"waterway":"canal","name":null},"geometry":{"type":"LineString","coordinates":[[44.1974,40.1076],[44.1985,40.1155],[44.2072,40.1127]]}},{"type":"Feature","properties":{"waterway":"canal","name":null},"geometry":{"type":"LineString","coordinates":[[44.2072,40.1127],[44.2073,40.1127]]}},{"type":"Feature","properties":{"waterway":"canal","name":null},"geometry":{"type":"LineString","coordinates":[[44.1979,40.1184],[44.2029,40.1159],[44.2103,40.1161],[44.2146,40.1132]]}},{"type":"Feature","properties":{"waterway":"canal","name":null},"geometry":{"type":"LineString","coordinates":[[44.1866,40.124],[44.1869,40.1221],[44.1977,40.1185]]}},{"type":"Feature","properties":{"waterway":"canal","name":null},"geometry":{"type":"LineString","coordinates":[[44.1977,40.1185],[44.1979,40.1184]]}},{"type":"Feature","properties":{"waterway":"canal","name":null},"geometry":{"type":"LineString","coordinates":[[44.1412,40.073],[44.1385,40.0635]]}},{"type":"Feature","properties":{"waterway":"canal","name":null},"geometry":{"type":"LineString","coordinates":[[44.1413,40.0732],[44.1459,40.0724]]}},{"type":"Feature","properties":{"waterway":"canal","name":null},"geometry":{"type":"LineString","coordinates":[[44.0872,40.0474],[44.1333,40.0443]]}},{"type":"Feature","properties":{"waterway":"canal","name":null},"geometry":{"type":"LineString","coordinates":[[44.1334,40.0444],[44.1425,40.0465]]}},{"type":"Feature","properties":{"waterway":"canal","name":null},"geometry":{"type":"LineString","coordinates":[[44.1333,40.0443],[44.1334,40.0444]]}},{"type":"Feature","properties":{"waterway":"canal","name":null},"geometry":{"type":"LineString","coordinates":[[44.0345,40.0532],[44.0661,40.0542],[44.0723,40.0499],[44.0871,40.0474]]}},{"type":"Feature","properties":{"waterway":"canal","name":null},"geometry":{"type":"LineString","coordinates":[[44.0871,40.0474],[44.0872,40.0474]]}},{"type":"Feature","properties":{"waterway":"canal","name":null},"geometry":{"type":"LineString","coordinates":[[44.0174,40.0467],[44.0342,40.0532]]}},{"type":"Feature","properties":{"waterway":"canal","name":null},"geometry":{"type":"LineString","coordinates":[[44.0342,40.0532],[44.0345,40.0532]]}},{"type":"Feature","properties":{"waterway":"canal","name":null},"geometry":{"type":"LineString","coordinates":[[43.9505,40.031],[43.9982,40.0368],[44.0172,40.0466]]}},{"type":"Feature","properties":{"waterway":"canal","name":null},"geometry":{"type":"LineString","coordinates":[[44.0172,40.0466],[44.0174,40.0467]]}},{"type":"Feature","properties":{"waterway":"canal","name":null},"geometry":{"type":"LineString","coordinates":[[43.894,40.0406],[43.8944,40.0352],[43.9504,40.031]]}},{"type":"Feature","properties":{"waterway":"canal","name":null},"geometry":{"type":"LineString","coordinates":[[43.9504,40.031],[43.9505,40.031]]}},{"type":"Feature","properties":{"waterway":"canal","name":null},"geometry":{"type":"LineString","coordinates":[[44.1118,40.0462],[44.112,40.0409],[44.1404,40.0392]]}},{"type":"Feature","properties":{"waterway":"canal","name":null},"geometry":{"type":"LineString","coordinates":[[44.6774,40.2868],[44.6699,40.2834]]}},{"type":"Feature","properties":{"waterway":"canal","name":null},"geometry":{"type":"LineString","coordinates":[[44.3951,40.4926],[44.3964,40.4879],[44.4008,40.4856],[44.398,40.4843]]}},{"type":"Feature","properties":{"waterway":"canal","name":null},"geometry":{"type":"LineString","coordinates":[[44.5458,40.2586],[44.5429,40.2564],[44.5489,40.2547]]}},{"type":"Feature","properties":{"waterway":"canal","name":"Արզնի Շամիրամ ջրանցք"},"geometry":{"type":"LineString","coordinates":[[44.3874,40.3356],[44.3806,40.3366]]}},{"type":"Feature","properties":{"waterway":"canal","name":"Արզնի Շամիրամ ջրանցք"},"geometry":{"type":"LineString","coordinates":[[44.3696,40.3338],[44.3695,40.3338]]}},{"type":"Feature","properties":{"waterway":"canal","name":"Փարաքար ջրանցք"},"geometry":{"type":"LineString","coordinates":[[44.4108,40.17],[44.4066,40.1674]]}},{"type":"Feature","properties":{"waterway":"canal","name":"Փարաքար ջրանցք"},"geometry":{"type":"LineString","coordinates":[[44.4066,40.1674],[44.4057,40.1675]]}},{"type":"Feature","properties":{"waterway":"canal","name":"Փարաքար ջրանցք"},"geometry":{"type":"LineString","coordinates":[[44.3311,40.1748],[44.3303,40.1736]]}},{"type":"Feature","properties":{"waterway":"canal","name":"Փարաքար ջրանցք"},"geometry":{"type":"LineString","coordinates":[[44.3312,40.1749],[44.3311,40.1748]]}},{"type":"Feature","properties":{"waterway":"canal","name":"Փարաքար ջրանցք"},"geometry":{"type":"LineString","coordinates":[[44.3301,40.1733],[44.3283,40.1714]]}},{"type":"Feature","properties":{"waterway":"canal","name":"Փարաքար ջրանցք"},"geometry":{"type":"LineString","coordinates":[[44.3303,40.1736],[44.3301,40.1733]]}},{"type":"Feature","properties":{"waterway":"canal","name":"Փարաքար ջրանցք"},"geometry":{"type":"LineString","coordinates":[[44.328,40.1714],[44.323,40.1716]]}},{"type":"Feature","properties":{"waterway":"canal","name":"Փարաքար ջրանցք"},"geometry":{"type":"LineString","coordinates":[[44.3283,40.1714],[44.328,40.1714]]}},{"type":"Feature","properties":{"waterway":"canal","name":"Փարաքար ջրանցք"},"geometry":{"type":"LineString","coordinates":[[44.3228,40.1716],[44.3194,40.1718]]}},{"type":"Feature","properties":{"waterway":"canal","name":"Փարաքար ջրանցք"},"geometry":{"type":"LineString","coordinates":[[44.323,40.1716],[44.3228,40.1716]]}},{"type":"Feature","properties":{"waterway":"canal","name":"Փարաքար ջրանցք"},"geometry":{"type":"LineString","coordinates":[[44.3193,40.1718],[44.3123,40.1721]]}},{"type":"Feature","properties":{"waterway":"canal","name":"Փարաքար ջրանցք"},"geometry":{"type":"LineString","coordinates":[[44.3194,40.1718],[44.3193,40.1718]]}},{"type":"Feature","properties":{"waterway":"canal","name":null},"geometry":{"type":"LineString","coordinates":[[44.1941,40.1224],[44.2204,40.1125],[44.2318,40.1124]]}},{"type":"Feature","properties":{"waterway":"canal","name":null},"geometry":{"type":"LineString","coordinates":[[44.0114,40.0604],[44.011,40.063],[44.0203,40.0719],[44.0321,40.0757],[44.0387,40.0805]]}},{"type":"Feature","properties":{"waterway":"canal","name":null},"geometry":{"type":"LineString","coordinates":[[44.0451,40.0837],[44.0471,40.0877]]}},{"type":"Feature","properties":{"waterway":"canal","name":null},"geometry":{"type":"LineString","coordinates":[[44.0451,40.0836],[44.0451,40.0837]]}},{"type":"Feature","properties":{"waterway":"canal","name":null},"geometry":{"type":"LineString","coordinates":[[44.0472,40.0879],[44.0501,40.1]]}},{"type":"Feature","properties":{"waterway":"canal","name":null},"geometry":{"type":"LineString","coordinates":[[44.0471,40.0877],[44.0472,40.0879]]}},{"type":"Feature","properties":{"waterway":"river","name":null},"geometry":{"type":"LineString","coordinates":[[43.9056,40.4034],[43.9012,40.4061]]}},{"type":"Feature","properties":{"waterway":"river","name":null},"geometry":{"type":"LineString","coordinates":[[43.9057,40.4034],[43.9056,40.4034]]}},{"type":"Feature","properties":{"waterway":"river","name":null},"geometry":{"type":"LineString","coordinates":[[43.899,40.4067],[43.8951,40.4022],[43.8924,40.4039],[43.8913,40.4025]]}},{"type":"Feature","properties":{"waterway":"river","name":null},"geometry":{"type":"LineString","coordinates":[[43.9012,40.4061],[43.9011,40.4062]]}},{"type":"Feature","properties":{"waterway":"river","name":null},"geometry":{"type":"LineString","coordinates":[[43.9011,40.4062],[43.899,40.4067]]}},{"type":"Feature","properties":{"waterway":"river","name":null},"geometry":{"type":"LineString","coordinates":[[43.8909,40.402],[43.8906,40.4014]]}},{"type":"Feature","properties":{"waterway":"river","name":null},"geometry":{"type":"LineString","coordinates":[[43.8913,40.4025],[43.8909,40.402]]}},{"type":"Feature","properties":{"waterway":"canal","name":null},"geometry":{"type":"LineString","coordinates":[[43.7786,40.318],[43.7897,40.3163],[43.7915,40.3129],[43.7954,40.3159],[43.8072,40.3122],[43.837,40.3168],[43.8395,40.3131],[43.8475,40.3093],[43.8575,40.3155],[43.8627,40.3126]]}},{"type":"Feature","properties":{"waterway":"canal","name":null},"geometry":{"type":"LineString","coordinates":[[44.1529,40.2622],[44.1457,40.2567],[44.1391,40.2551],[44.124,40.2578],[44.1193,40.2533],[44.1122,40.2522],[44.1085,40.2481],[44.0952,40.244]]}},{"type":"Feature","properties":{"waterway":"canal","name":null},"geometry":{"type":"LineString","coordinates":[[44.1529,40.2622],[44.1529,40.2622]]}},{"type":"Feature","properties":{"waterway":"canal","name":null},"geometry":{"type":"LineString","coordinates":[[44.1585,40.2753],[44.1563,40.2723],[44.1584,40.2691],[44.1555,40.2672],[44.1565,40.2659],[44.1531,40.2661],[44.1529,40.2622]]}},{"type":"Feature","properties":{"waterway":"canal","name":null},"geometry":{"type":"LineString","coordinates":[[44.1585,40.2753],[44.1585,40.2753]]}},{"type":"Feature","properties":{"waterway":"canal","name":null},"geometry":{"type":"LineString","coordinates":[[44.1564,40.2524],[44.1553,40.2479],[44.1505,40.2473],[44.1392,40.2402],[44.1391,40.2348]]}},{"type":"Feature","properties":{"waterway":"canal","name":null},"geometry":{"type":"LineString","coordinates":[[44.1563,40.255],[44.1564,40.2524]]}},{"type":"Feature","properties":{"waterway":"canal","name":null},"geometry":{"type":"LineString","coordinates":[[44.1566,40.2523],[44.1612,40.251],[44.1593,40.2475]]}},{"type":"Feature","properties":{"waterway":"canal","name":null},"geometry":{"type":"LineString","coordinates":[[44.1564,40.2524],[44.1565,40.2523]]}},{"type":"Feature","properties":{"waterway":"canal","name":null},"geometry":{"type":"LineString","coordinates":[[44.1565,40.2523],[44.1566,40.2523]]}},{"type":"Feature","properties":{"waterway":"canal","name":null},"geometry":{"type":"LineString","coordinates":[[44.1593,40.2474],[44.1705,40.2467],[44.1754,40.2436],[44.1694,40.2418],[44.1711,40.2378]]}},{"type":"Feature","properties":{"waterway":"canal","name":null},"geometry":{"type":"LineString","coordinates":[[44.1593,40.2475],[44.1593,40.2474]]}},{"type":"Feature","properties":{"waterway":"canal","name":"Տկահան ջրանցք"},"geometry":{"type":"LineString","coordinates":[[44.3744,40.2278],[44.3801,40.2302],[44.3819,40.229]]}},{"type":"Feature","properties":{"waterway":"canal","name":"Տկահան ջրանցք"},"geometry":{"type":"LineString","coordinates":[[44.372,40.2284],[44.372,40.2284]]}},{"type":"Feature","properties":{"waterway":"canal","name":"Տկահան ջրանցք"},"geometry":{"type":"LineString","coordinates":[[44.372,40.2284],[44.3741,40.2279]]}},{"type":"Feature","properties":{"waterway":"canal","name":"Տկահան ջրանցք"},"geometry":{"type":"LineString","coordinates":[[44.3741,40.2279],[44.3744,40.2278]]}},{"type":"Feature","properties":{"waterway":"canal","name":null},"geometry":{"type":"LineString","coordinates":[[44.0846,40.1101],[44.1053,40.1269]]}},{"type":"Feature","properties":{"waterway":"canal","name":null},"geometry":{"type":"LineString","coordinates":[[44.0845,40.1101],[44.0846,40.1101]]}},{"type":"Feature","properties":{"waterway":"canal","name":null},"geometry":{"type":"LineString","coordinates":[[44.2828,40.2376],[44.2833,40.235]]}},{"type":"Feature","properties":{"waterway":"canal","name":null},"geometry":{"type":"LineString","coordinates":[[44.2833,40.2349],[44.2832,40.2348]]}},{"type":"Feature","properties":{"waterway":"canal","name":null},"geometry":{"type":"LineString","coordinates":[[44.2832,40.2348],[44.2832,40.2347]]}},{"type":"Feature","properties":{"waterway":"canal","name":null},"geometry":{"type":"LineString","coordinates":[[44.2833,40.235],[44.2833,40.2349]]}},{"type":"Feature","properties":{"waterway":"canal","name":null},"geometry":{"type":"LineString","coordinates":[[44.2828,40.2385],[44.2828,40.2377]]}},{"type":"Feature","properties":{"waterway":"canal","name":null},"geometry":{"type":"LineString","coordinates":[[44.2828,40.2377],[44.2828,40.2376]]}},{"type":"Feature","properties":{"waterway":"canal","name":"Ստորին Հրազդանի ջրանցք"},"geometry":{"type":"LineString","coordinates":[[44.3032,40.2304],[44.2885,40.2386],[44.2814,40.2385]]}},{"type":"Feature","properties":{"waterway":"canal","name":"Ստորին Հրազդանի ջրանցք"},"geometry":{"type":"LineString","coordinates":[[44.3033,40.2303],[44.3032,40.2304]]}},{"type":"Feature","properties":{"waterway":"canal","name":"Ստորին Հրազդանի ջրանցք"},"geometry":{"type":"LineString","coordinates":[[44.2781,40.2381],[44.2746,40.2379]]}},{"type":"Feature","properties":{"waterway":"canal","name":"Ստորին Հրազդանի ջրանցք"},"geometry":{"type":"LineString","coordinates":[[44.2746,40.2379],[44.2745,40.2379]]}},{"type":"Feature","properties":{"waterway":"canal","name":null},"geometry":{"type":"LineString","coordinates":[[44.2787,40.2164],[44.2775,40.211]]}},{"type":"Feature","properties":{"waterway":"canal","name":null},"geometry":{"type":"LineString","coordinates":[[44.2775,40.211],[44.2774,40.2109]]}},{"type":"Feature","properties":{"waterway":"canal","name":null},"geometry":{"type":"LineString","coordinates":[[44.2896,40.2153],[44.2899,40.2109]]}},{"type":"Feature","properties":{"waterway":"canal","name":null},"geometry":{"type":"LineString","coordinates":[[44.1215,40.2995],[44.1182,40.295]]}},{"type":"Feature","properties":{"waterway":"canal","name":null},"geometry":{"type":"LineString","coordinates":[[44.1193,40.3018],[44.1194,40.3017]]}},{"type":"Feature","properties":{"waterway":"canal","name":"Արզնի Շամիրամ ջրանցք"},"geometry":{"type":"LineString","coordinates":[[44.1099,40.3053],[44.0875,40.3051]]}},{"type":"Feature","properties":{"waterway":"canal","name":"Արզնի Շամիրամ ջրանցք"},"geometry":{"type":"LineString","coordinates":[[44.1103,40.305],[44.1099,40.3053]]}},{"type":"Feature","properties":{"waterway":"canal","name":null},"geometry":{"type":"LineString","coordinates":[[44.1194,40.3017],[44.1215,40.2996]]}},{"type":"Feature","properties":{"waterway":"canal","name":null},"geometry":{"type":"LineString","coordinates":[[44.1215,40.2996],[44.1215,40.2995]]}},{"type":"Feature","properties":{"waterway":"canal","name":"Արզնի Շամիրամ ջրանցք"},"geometry":{"type":"LineString","coordinates":[[44.1643,40.3033],[44.1642,40.3033]]}},{"type":"Feature","properties":{"waterway":"canal","name":null},"geometry":{"type":"LineString","coordinates":[[44.1771,40.2975],[44.177,40.2974]]}},{"type":"Feature","properties":{"waterway":"canal","name":"Արզնի Շամիրամ ջրանցք"},"geometry":{"type":"LineString","coordinates":[[44.1966,40.3064],[44.1925,40.3033]]}},{"type":"Feature","properties":{"waterway":"canal","name":"Արզնի Շամիրամ ջրանցք"},"geometry":{"type":"LineString","coordinates":[[44.191,40.3028],[44.191,40.3028]]}},{"type":"Feature","properties":{"waterway":"canal","name":"Արզնի Շամիրամ ջրանցք"},"geometry":{"type":"LineString","coordinates":[[44.1924,40.3033],[44.191,40.3028]]}},{"type":"Feature","properties":{"waterway":"canal","name":"Արզնի Շամիրամ ջրանցք"},"geometry":{"type":"LineString","coordinates":[[44.1925,40.3033],[44.1924,40.3033]]}},{"type":"Feature","properties":{"waterway":"canal","name":"Արտաշատ ջրանցք"},"geometry":{"type":"LineString","coordinates":[[44.6041,40.0116],[44.6077,40.0066],[44.6165,40.0017]]}},{"type":"Feature","properties":{"waterway":"canal","name":"Արտաշատ ջրանցք"},"geometry":{"type":"LineString","coordinates":[[44.6165,40.0017],[44.6171,40.0015]]}},{"type":"Feature","properties":{"waterway":"canal","name":null},"geometry":{"type":"LineString","coordinates":[[44.3576,40.2716],[44.3585,40.2743],[44.3545,40.2748]]}},{"type":"Feature","properties":{"waterway":"canal","name":"Արզնի ջրանցք"},"geometry":{"type":"LineString","coordinates":[[44.3628,40.2684],[44.3628,40.2684]]}},{"type":"Feature","properties":{"waterway":"canal","name":null},"geometry":{"type":"LineString","coordinates":[[44.3754,40.1893],[44.3748,40.1785]]}},{"type":"Feature","properties":{"waterway":"canal","name":null},"geometry":{"type":"LineString","coordinates":[[44.3762,40.1984],[44.3762,40.1984]]}},{"type":"Feature","properties":{"waterway":"canal","name":null},"geometry":{"type":"LineString","coordinates":[[44.3763,40.1984],[44.3762,40.1984]]}},{"type":"Feature","properties":{"waterway":"canal","name":null},"geometry":{"type":"LineString","coordinates":[[44.3602,40.2321],[44.3591,40.229]]}},{"type":"Feature","properties":{"waterway":"canal","name":null},"geometry":{"type":"LineString","coordinates":[[44.3602,40.2321],[44.3602,40.2321]]}},{"type":"Feature","properties":{"waterway":"canal","name":"Զեյթուն-Հաղթանակ 3-րդ աստիճանի ջրանցք"},"geometry":{"type":"LineString","coordinates":[[44.8928,41.2578],[44.8826,41.2621],[44.8784,41.2616]]}},{"type":"Feature","properties":{"waterway":"canal","name":null},"geometry":{"type":"LineString","coordinates":[[44.8182,41.3012],[44.8259,41.2994]]}},{"type":"Feature","properties":{"waterway":"canal","name":null},"geometry":{"type":"LineString","coordinates":[[44.8092,41.2962],[44.8182,41.3012]]}},{"type":"Feature","properties":{"waterway":"canal","name":null},"geometry":{"type":"LineString","coordinates":[[44.8962,41.216],[44.8939,41.2213]]}},{"type":"Feature","properties":{"waterway":"canal","name":null},"geometry":{"type":"LineString","coordinates":[[44.8962,41.2157],[44.8962,41.216]]}},{"type":"Feature","properties":{"waterway":"canal","name":"Ստորին Հրազդանի ջրանցք"},"geometry":{"type":"LineString","coordinates":[[44.1447,40.1584],[44.1445,40.1584]]}},{"type":"Feature","properties":{"waterway":"canal","name":"Ստորին Հրազդանի ջրանցք"},"geometry":{"type":"LineString","coordinates":[[44.1447,40.1585],[44.1447,40.1584]]}},{"type":"Feature","properties":{"waterway":"canal","name":null},"geometry":{"type":"LineString","coordinates":[[43.7714,40.1657],[43.7747,40.1618]]}},{"type":"Feature","properties":{"waterway":"canal","name":null},"geometry":{"type":"LineString","coordinates":[[43.7711,40.1658],[43.7714,40.1657]]}},{"type":"Feature","properties":{"waterway":"canal","name":null},"geometry":{"type":"LineString","coordinates":[[43.7752,40.1612],[43.7793,40.1574]]}},{"type":"Feature","properties":{"waterway":"canal","name":null},"geometry":{"type":"LineString","coordinates":[[43.7752,40.1612],[43.7752,40.1612]]}},{"type":"Feature","properties":{"waterway":"canal","name":null},"geometry":{"type":"LineString","coordinates":[[43.7747,40.1618],[43.78,40.16],[43.79,40.1661]]}},{"type":"Feature","properties":{"waterway":"canal","name":null},"geometry":{"type":"LineString","coordinates":[[43.7927,40.1404],[43.7897,40.1334],[43.7939,40.1235],[43.7887,40.118],[43.7917,40.1162]]}},{"type":"Feature","properties":{"waterway":"canal","name":null},"geometry":{"type":"LineString","coordinates":[[43.7793,40.1574],[43.7793,40.1574]]}},{"type":"Feature","properties":{"waterway":"canal","name":null},"geometry":{"type":"LineString","coordinates":[[43.7917,40.116],[43.7982,40.1118],[43.7986,40.1056],[43.8018,40.1035]]}},{"type":"Feature","properties":{"waterway":"canal","name":null},"geometry":{"type":"LineString","coordinates":[[43.7917,40.1162],[43.7917,40.116]]}},{"type":"Feature","properties":{"waterway":"canal","name":null},"geometry":{"type":"LineString","coordinates":[[43.8018,40.1035],[43.8019,40.1034]]}},{"type":"Feature","properties":{"waterway":"canal","name":null},"geometry":{"type":"LineString","coordinates":[[43.8018,40.1035],[43.7938,40.101],[43.7899,40.0921]]}},{"type":"Feature","properties":{"waterway":"canal","name":null},"geometry":{"type":"LineString","coordinates":[[43.7973,40.1729],[43.8064,40.1732],[43.808,40.1752],[43.8128,40.1733],[43.8156,40.1702],[43.8135,40.1677],[43.8166,40.1649]]}},{"type":"Feature","properties":{"waterway":"canal","name":null},"geometry":{"type":"LineString","coordinates":[[43.7591,40.2495],[43.7595,40.2501]]}},{"type":"Feature","properties":{"waterway":"canal","name":null},"geometry":{"type":"LineString","coordinates":[[43.7632,40.253],[43.7748,40.2591],[43.7837,40.2597],[43.7929,40.2506]]}},{"type":"Feature","properties":{"waterway":"canal","name":null},"geometry":{"type":"LineString","coordinates":[[43.7595,40.2501],[43.7596,40.2502]]}},{"type":"Feature","properties":{"waterway":"canal","name":null},"geometry":{"type":"LineString","coordinates":[[43.7544,40.2595],[43.7616,40.2615]]}},{"type":"Feature","properties":{"waterway":"canal","name":null},"geometry":{"type":"LineString","coordinates":[[43.7539,40.2595],[43.7542,40.2594]]}},{"type":"Feature","properties":{"waterway":"canal","name":null},"geometry":{"type":"LineString","coordinates":[[43.7542,40.2594],[43.7544,40.2595]]}},{"type":"Feature","properties":{"waterway":"canal","name":"Արզնի ջրանցք"},"geometry":{"type":"LineString","coordinates":[[44.4095,40.272],[44.4098,40.2687],[44.4068,40.267],[44.3995,40.2666]]}},{"type":"Feature","properties":{"waterway":"canal","name":"Արզնի ջրանցք"},"geometry":{"type":"LineString","coordinates":[[44.3995,40.2666],[44.3995,40.2666]]}},{"type":"Feature","properties":{"waterway":"canal","name":"Արզնի ջրանցք"},"geometry":{"type":"LineString","coordinates":[[44.3627,40.2684],[44.3584,40.2654],[44.3601,40.261]]}},{"type":"Feature","properties":{"waterway":"canal","name":"Արզնի ջրանցք"},"geometry":{"type":"LineString","coordinates":[[44.3601,40.2609],[44.3595,40.2498]]}},{"type":"Feature","properties":{"waterway":"canal","name":"Արզնի ջրանցք"},"geometry":{"type":"LineString","coordinates":[[44.3601,40.261],[44.3601,40.2609]]}},{"type":"Feature","properties":{"waterway":"canal","name":null},"geometry":{"type":"LineString","coordinates":[[44.3594,40.2498],[44.3501,40.2468]]}},{"type":"Feature","properties":{"waterway":"canal","name":null},"geometry":{"type":"LineString","coordinates":[[44.3595,40.2498],[44.3594,40.2498]]}},{"type":"Feature","properties":{"waterway":"canal","name":null},"geometry":{"type":"LineString","coordinates":[[44.3499,40.2468],[44.3407,40.2477]]}},{"type":"Feature","properties":{"waterway":"canal","name":null},"geometry":{"type":"LineString","coordinates":[[44.3501,40.2468],[44.3499,40.2468]]}},{"type":"Feature","properties":{"waterway":"canal","name":null},"geometry":{"type":"LineString","coordinates":[[44.3405,40.2477],[44.34,40.2478]]}},{"type":"Feature","properties":{"waterway":"canal","name":null},"geometry":{"type":"LineString","coordinates":[[44.3407,40.2477],[44.3405,40.2477]]}},{"type":"Feature","properties":{"waterway":"canal","name":null},"geometry":{"type":"LineString","coordinates":[[44.3627,40.2684],[44.3576,40.2715]]}},{"type":"Feature","properties":{"waterway":"canal","name":null},"geometry":{"type":"LineString","coordinates":[[44.3576,40.2715],[44.3576,40.2716]]}},{"type":"Feature","properties":{"waterway":"canal","name":null},"geometry":{"type":"LineString","coordinates":[[44.3906,40.2797],[44.388,40.2787]]}},{"type":"Feature","properties":{"waterway":"canal","name":null},"geometry":{"type":"LineString","coordinates":[[44.3879,40.2786],[44.3734,40.2757]]}},{"type":"Feature","properties":{"waterway":"canal","name":null},"geometry":{"type":"LineString","coordinates":[[44.388,40.2787],[44.3879,40.2786]]}},{"type":"Feature","properties":{"waterway":"canal","name":null},"geometry":{"type":"LineString","coordinates":[[44.3675,40.2742],[44.3613,40.2705]]}},{"type":"Feature","properties":{"waterway":"canal","name":null},"geometry":{"type":"LineString","coordinates":[[44.3659,40.2745],[44.3626,40.2728]]}},{"type":"Feature","properties":{"waterway":"canal","name":null},"geometry":{"type":"LineString","coordinates":[[44.3919,40.2825],[44.3906,40.2797]]}},{"type":"Feature","properties":{"waterway":"canal","name":null},"geometry":{"type":"LineString","coordinates":[[44.3906,40.2796],[44.3916,40.274]]}},{"type":"Feature","properties":{"waterway":"canal","name":null},"geometry":{"type":"LineString","coordinates":[[44.3906,40.2797],[44.3906,40.2796]]}},{"type":"Feature","properties":{"waterway":"canal","name":null},"geometry":{"type":"LineString","coordinates":[[44.3906,40.2796],[44.3906,40.2796]]}},{"type":"Feature","properties":{"waterway":"canal","name":null},"geometry":{"type":"LineString","coordinates":[[44.3917,40.2738],[44.3921,40.2716]]}},{"type":"Feature","properties":{"waterway":"canal","name":null},"geometry":{"type":"LineString","coordinates":[[44.3916,40.274],[44.3917,40.2738]]}},{"type":"Feature","properties":{"waterway":"canal","name":null},"geometry":{"type":"LineString","coordinates":[[44.3921,40.2716],[44.3907,40.2705]]}},{"type":"Feature","properties":{"waterway":"canal","name":null},"geometry":{"type":"LineString","coordinates":[[44.3907,40.2705],[44.3906,40.2704]]}},{"type":"Feature","properties":{"waterway":"canal","name":"Արզնի ջրանցք"},"geometry":{"type":"LineString","coordinates":[[44.4163,40.2756],[44.4162,40.2757]]}},{"type":"Feature","properties":{"waterway":"canal","name":"Արզնի ջրանցք"},"geometry":{"type":"LineString","coordinates":[[44.4162,40.2757],[44.4161,40.2757]]}},{"type":"Feature","properties":{"waterway":"canal","name":"Արզնի ջրանցք"},"geometry":{"type":"LineString","coordinates":[[44.4161,40.2757],[44.416,40.2757]]}},{"type":"Feature","properties":{"waterway":"canal","name":null},"geometry":{"type":"LineString","coordinates":[[44.1882,40.1711],[44.1836,40.1705],[44.1838,40.1686]]}},{"type":"Feature","properties":{"waterway":"canal","name":null},"geometry":{"type":"LineString","coordinates":[[44.2593,40.2043],[44.2405,40.2049]]}},{"type":"Feature","properties":{"waterway":"canal","name":null},"geometry":{"type":"LineString","coordinates":[[44.2593,40.2042],[44.2452,40.2045]]}},{"type":"Feature","properties":{"waterway":"canal","name":null},"geometry":{"type":"LineString","coordinates":[[44.259,40.2054],[44.2595,40.2043]]}},{"type":"Feature","properties":{"waterway":"canal","name":null},"geometry":{"type":"LineString","coordinates":[[44.0263,40.1983],[44.0158,40.1939],[44.0126,40.1962],[44.007,40.1949]]}},{"type":"Feature","properties":{"waterway":"canal","name":null},"geometry":{"type":"LineString","coordinates":[[44.007,40.1949],[44.0069,40.1949]]}},{"type":"Feature","properties":{"waterway":"river","name":"Աչեր"},"geometry":{"type":"LineString","coordinates":[[44.793,41.0412],[44.7821,41.0442],[44.7643,41.0354],[44.7478,41.0421],[44.7355,41.0557],[44.717,41.0587]]}},{"type":"Feature","properties":{"waterway":"river","name":"Ճլկան"},"geometry":{"type":"LineString","coordinates":[[43.9773,40.519],[43.9612,40.5206],[43.9395,40.518],[43.9285,40.5209],[43.9211,40.5189],[43.9122,40.5205]]}},{"type":"Feature","properties":{"waterway":"river","name":"Տանձուտ"},"geometry":{"type":"LineString","coordinates":[[45.4908,40.4461],[45.4898,40.4367],[45.4798,40.416],[45.4643,40.4083]]}},{"type":"Feature","properties":{"waterway":"river","name":null},"geometry":{"type":"LineString","coordinates":[[45.5103,40.771],[45.505,40.7728],[45.5048,40.7773],[45.4983,40.784],[45.4958,40.791],[45.4995,40.7946],[45.4984,40.8001],[45.501,40.8031],[45.4989,40.8101],[45.5036,40.81],[45.5095,40.8169]]}},{"type":"Feature","properties":{"waterway":"river","name":null},"geometry":{"type":"LineString","coordinates":[[45.5095,40.8169],[45.5222,40.8153],[45.5238,40.817],[45.5224,40.824],[45.5255,40.8251],[45.529,40.8225],[45.5377,40.824],[45.5455,40.8388],[45.555,40.8444],[45.5596,40.8527],[45.5579,40.8558],[45.5603,40.8617],[45.5583,40.8642],[45.5585,40.8762],[45.5545,40.8833],[45.5609,40.8922],[45.5584,40.8971],[45.5617,40.8976]]}},{"type":"Feature","properties":{"waterway":"river","name":"Քասախ"},"geometry":{"type":"LineString","coordinates":[[44.3775,40.3176],[44.3777,40.3145]]}},{"type":"Feature","properties":{"waterway":"canal","name":null},"geometry":{"type":"LineString","coordinates":[[44.1586,40.0884],[44.1587,40.086]]}},{"type":"Feature","properties":{"waterway":"canal","name":null},"geometry":{"type":"LineString","coordinates":[[44.1587,40.0859],[44.1588,40.0833]]}},{"type":"Feature","properties":{"waterway":"canal","name":null},"geometry":{"type":"LineString","coordinates":[[44.1587,40.086],[44.1587,40.0859]]}},{"type":"Feature","properties":{"waterway":"canal","name":null},"geometry":{"type":"LineString","coordinates":[[44.1585,40.0897],[44.1586,40.0885]]}},{"type":"Feature","properties":{"waterway":"canal","name":null},"geometry":{"type":"LineString","coordinates":[[44.1586,40.0885],[44.1586,40.0884]]}},{"type":"Feature","properties":{"waterway":"canal","name":null},"geometry":{"type":"LineString","coordinates":[[44.1584,40.091],[44.1585,40.0898]]}},{"type":"Feature","properties":{"waterway":"canal","name":null},"geometry":{"type":"LineString","coordinates":[[44.1585,40.0898],[44.1585,40.0897]]}},{"type":"Feature","properties":{"waterway":"canal","name":null},"geometry":{"type":"LineString","coordinates":[[44.1588,40.0832],[44.1574,40.0765],[44.1497,40.0726]]}},{"type":"Feature","properties":{"waterway":"canal","name":null},"geometry":{"type":"LineString","coordinates":[[44.1588,40.0833],[44.1588,40.0832]]}},{"type":"Feature","properties":{"waterway":"canal","name":null},"geometry":{"type":"LineString","coordinates":[[44.1497,40.0725],[44.148,40.0647],[44.1513,40.0594],[44.164,40.0515]]}},{"type":"Feature","properties":{"waterway":"canal","name":null},"geometry":{"type":"LineString","coordinates":[[44.1497,40.0726],[44.1497,40.0725]]}},{"type":"Feature","properties":{"waterway":"river","name":"İncəsu"},"geometry":{"type":"LineString","coordinates":[[45.0225,41.2071],[45.026,41.2059],[45.0371,41.2115],[45.0587,41.2084]]}},{"type":"Feature","properties":{"waterway":"river","name":"Լորագետ"},"geometry":{"type":"LineString","coordinates":[[43.6224,41.1038],[43.6258,41.1032],[43.6226,41.0988],[43.6251,41.0951]]}},{"type":"Feature","properties":{"waterway":"river","name":"Աստղաձոր"},"geometry":{"type":"LineString","coordinates":[[45.356,40.1112],[45.3527,40.1141],[45.3518,40.1206]]}},{"type":"Feature","properties":{"waterway":"canal","name":null},"geometry":{"type":"LineString","coordinates":[[43.9301,40.8363],[43.9263,40.8326]]}},{"type":"Feature","properties":{"waterway":"canal","name":null},"geometry":{"type":"LineString","coordinates":[[43.9262,40.8325],[43.9057,40.8101]]}},{"type":"Feature","properties":{"waterway":"canal","name":null},"geometry":{"type":"LineString","coordinates":[[43.9057,40.81],[43.8993,40.8014]]}},{"type":"Feature","properties":{"waterway":"canal","name":null},"geometry":{"type":"LineString","coordinates":[[43.9326,40.8268],[43.93,40.8199]]}},{"type":"Feature","properties":{"waterway":"canal","name":null},"geometry":{"type":"LineString","coordinates":[[43.9441,40.8246],[43.9464,40.8218]]}},{"type":"Feature","properties":{"waterway":"canal","name":null},"geometry":{"type":"LineString","coordinates":[[43.944,40.8247],[43.9441,40.8246]]}},{"type":"Feature","properties":{"waterway":"canal","name":null},"geometry":{"type":"LineString","coordinates":[[43.9466,40.8217],[43.9464,40.8142],[43.9494,40.8099]]}},{"type":"Feature","properties":{"waterway":"canal","name":null},"geometry":{"type":"LineString","coordinates":[[43.9464,40.8218],[43.9466,40.8217]]}},{"type":"Feature","properties":{"waterway":"canal","name":null},"geometry":{"type":"LineString","coordinates":[[43.8988,40.3517],[43.8894,40.3505],[43.8876,40.3535],[43.8787,40.3543],[43.8781,40.3507],[43.8717,40.3495]]}},{"type":"Feature","properties":{"waterway":"canal","name":null},"geometry":{"type":"LineString","coordinates":[[43.6996,40.8896],[43.6996,40.8703]]}},{"type":"Feature","properties":{"waterway":"canal","name":null},"geometry":{"type":"LineString","coordinates":[[43.6998,40.8922],[43.6996,40.8905]]}},{"type":"Feature","properties":{"waterway":"canal","name":null},"geometry":{"type":"LineString","coordinates":[[43.9616,40.397],[43.9621,40.3951]]}},{"type":"Feature","properties":{"waterway":"canal","name":null},"geometry":{"type":"LineString","coordinates":[[43.7793,40.1574],[43.7861,40.1485],[43.7909,40.1474],[43.7928,40.1404]]}},{"type":"Feature","properties":{"waterway":"canal","name":null},"geometry":{"type":"LineString","coordinates":[[43.7928,40.1404],[43.7927,40.1404]]}},{"type":"Feature","properties":{"waterway":"river","name":"Չքնաղ"},"geometry":{"type":"LineString","coordinates":[[44.2724,40.9639],[44.2657,40.9691],[44.2655,40.9719]]}},{"type":"Feature","properties":{"waterway":"canal","name":"Սիսիանի ջրանցք"},"geometry":{"type":"LineString","coordinates":[[45.877,39.6735],[45.8771,39.6735]]}},{"type":"Feature","properties":{"waterway":"canal","name":"Սիսիանի ջրանցք"},"geometry":{"type":"LineString","coordinates":[[45.87,39.689],[45.8724,39.6899],[45.8734,39.684],[45.8761,39.6821],[45.8733,39.679],[45.8789,39.6771],[45.8761,39.6751],[45.877,39.6735]]}},{"type":"Feature","properties":{"waterway":"canal","name":"Մխչյանի ջրանցք"},"geometry":{"type":"LineString","coordinates":[[44.5136,40.033],[44.5137,40.0329]]}},{"type":"Feature","properties":{"waterway":"canal","name":"Մխչյանի ջրանցք"},"geometry":{"type":"LineString","coordinates":[[44.5136,40.033],[44.5136,40.033]]}},{"type":"Feature","properties":{"waterway":"canal","name":"Մխչյանի ջրանցք"},"geometry":{"type":"LineString","coordinates":[[44.5165,40.0288],[44.5151,40.0277]]}},{"type":"Feature","properties":{"waterway":"canal","name":"Մխչյանի ջրանցք"},"geometry":{"type":"LineString","coordinates":[[44.5165,40.0288],[44.5165,40.0288]]}},{"type":"Feature","properties":{"waterway":"canal","name":null},"geometry":{"type":"LineString","coordinates":[[44.605,41.0206],[44.6065,41.023],[44.6017,41.0318],[44.6029,41.0451],[44.5983,41.0473],[44.5958,41.0563]]}},{"type":"Feature","properties":{"waterway":"canal","name":null},"geometry":{"type":"LineString","coordinates":[[44.6017,41.0144],[44.6017,41.0145]]}},{"type":"Feature","properties":{"waterway":"canal","name":null},"geometry":{"type":"LineString","coordinates":[[44.6017,41.0145],[44.6009,41.0165]]}},{"type":"Feature","properties":{"waterway":"canal","name":null},"geometry":{"type":"LineString","coordinates":[[44.6009,41.0165],[44.6009,41.0169]]}},{"type":"Feature","properties":{"waterway":"canal","name":null},"geometry":{"type":"LineString","coordinates":[[44.6009,41.0169],[44.605,41.0177],[44.605,41.0206]]}},{"type":"Feature","properties":{"waterway":"canal","name":null},"geometry":{"type":"LineString","coordinates":[[44.605,41.0206],[44.605,41.0206]]}},{"type":"Feature","properties":{"waterway":"canal","name":null},"geometry":{"type":"LineString","coordinates":[[44.5875,40.9886],[44.5876,40.9887]]}},{"type":"Feature","properties":{"waterway":"canal","name":null},"geometry":{"type":"LineString","coordinates":[[44.5841,40.988],[44.5875,40.9886]]}},{"type":"Feature","properties":{"waterway":"canal","name":null},"geometry":{"type":"LineString","coordinates":[[44.584,40.988],[44.5841,40.988]]}},{"type":"Feature","properties":{"waterway":"canal","name":null},"geometry":{"type":"LineString","coordinates":[[44.8146,41.298],[44.8229,41.31],[44.8411,41.3164],[44.8506,41.3155],[44.8703,41.3184],[44.8733,41.3227],[44.8881,41.3294],[44.9011,41.3308],[44.9202,41.3289],[44.9352,41.3359],[44.9537,41.3346],[44.9804,41.3378]]}},{"type":"Feature","properties":{"waterway":"canal","name":null},"geometry":{"type":"LineString","coordinates":[[44.8259,41.2994],[44.8261,41.2994]]}},{"type":"Feature","properties":{"waterway":"canal","name":null},"geometry":{"type":"LineString","coordinates":[[43.8092,41.1248],[43.809,41.1248]]}},{"type":"Feature","properties":{"waterway":"canal","name":null},"geometry":{"type":"LineString","coordinates":[[44.2736,40.1692],[44.2676,40.1623]]}},{"type":"Feature","properties":{"waterway":"canal","name":null},"geometry":{"type":"LineString","coordinates":[[46.1012,39.5099],[46.1043,39.5074]]}},{"type":"Feature","properties":{"waterway":"canal","name":null},"geometry":{"type":"LineString","coordinates":[[44.6188,39.9624],[44.6189,39.9622]]}},{"type":"Feature","properties":{"waterway":"canal","name":null},"geometry":{"type":"LineString","coordinates":[[43.8628,40.3126],[43.8629,40.3111]]}},{"type":"Feature","properties":{"waterway":"canal","name":null},"geometry":{"type":"LineString","coordinates":[[43.8627,40.3126],[43.8628,40.3126]]}},{"type":"Feature","properties":{"waterway":"canal","name":null},"geometry":{"type":"LineString","coordinates":[[43.8629,40.311],[43.8615,40.3079]]}},{"type":"Feature","properties":{"waterway":"canal","name":null},"geometry":{"type":"LineString","coordinates":[[43.8629,40.3111],[43.8629,40.311]]}},{"type":"Feature","properties":{"waterway":"canal","name":null},"geometry":{"type":"LineString","coordinates":[[43.8617,40.3078],[43.8659,40.303]]}},{"type":"Feature","properties":{"waterway":"canal","name":null},"geometry":{"type":"LineString","coordinates":[[43.8615,40.3079],[43.8617,40.3078]]}},{"type":"Feature","properties":{"waterway":"canal","name":null},"geometry":{"type":"LineString","coordinates":[[44.6814,39.9195],[44.6814,39.9195]]}},{"type":"Feature","properties":{"waterway":"canal","name":null},"geometry":{"type":"LineString","coordinates":[[43.6783,40.1096],[43.6885,40.102]]}},{"type":"Feature","properties":{"waterway":"canal","name":null},"geometry":{"type":"LineString","coordinates":[[43.6772,40.1109],[43.6783,40.1097]]}},{"type":"Feature","properties":{"waterway":"canal","name":null},"geometry":{"type":"LineString","coordinates":[[43.6783,40.1097],[43.6783,40.1096]]}},{"type":"Feature","properties":{"waterway":"canal","name":"Արտաշատ ջրանցք"},"geometry":{"type":"LineString","coordinates":[[44.5006,40.1867],[44.5003,40.1865]]}},{"type":"Feature","properties":{"waterway":"canal","name":"Արտաշատ ջրանցք"},"geometry":{"type":"LineString","coordinates":[[44.5013,40.1887],[44.5006,40.1867]]}},{"type":"Feature","properties":{"waterway":"canal","name":null},"geometry":{"type":"LineString","coordinates":[[43.8951,40.043],[43.8941,40.0411]]}},{"type":"Feature","properties":{"waterway":"canal","name":null},"geometry":{"type":"LineString","coordinates":[[43.8945,40.0431],[43.8943,40.0423]]}},{"type":"Feature","properties":{"waterway":"canal","name":null},"geometry":{"type":"LineString","coordinates":[[43.8942,40.0419],[43.894,40.0406]]}},{"type":"Feature","properties":{"waterway":"canal","name":null},"geometry":{"type":"LineString","coordinates":[[43.893,40.0346],[43.8936,40.0263]]}},{"type":"Feature","properties":{"waterway":"canal","name":null},"geometry":{"type":"LineString","coordinates":[[43.894,40.0406],[43.893,40.0347]]}},{"type":"Feature","properties":{"waterway":"canal","name":null},"geometry":{"type":"LineString","coordinates":[[43.893,40.0347],[43.893,40.0346]]}},{"type":"Feature","properties":{"waterway":"canal","name":null},"geometry":{"type":"LineString","coordinates":[[43.6829,40.3316],[43.6648,40.3315],[43.6593,40.3294]]}},{"type":"Feature","properties":{"waterway":"canal","name":null},"geometry":{"type":"LineString","coordinates":[[43.6831,40.3317],[43.6829,40.3316]]}},{"type":"Feature","properties":{"waterway":"canal","name":null},"geometry":{"type":"LineString","coordinates":[[44.0082,40.0474],[44.013,40.0537]]}},{"type":"Feature","properties":{"waterway":"canal","name":null},"geometry":{"type":"LineString","coordinates":[[44.0047,40.0403],[44.0081,40.0473]]}},{"type":"Feature","properties":{"waterway":"canal","name":null},"geometry":{"type":"LineString","coordinates":[[44.0046,40.0398],[44.0046,40.0401]]}},{"type":"Feature","properties":{"waterway":"canal","name":null},"geometry":{"type":"LineString","coordinates":[[44.0081,40.0473],[44.0082,40.0474]]}},{"type":"Feature","properties":{"waterway":"canal","name":null},"geometry":{"type":"LineString","coordinates":[[44.013,40.0537],[44.0114,40.0603]]}},{"type":"Feature","properties":{"waterway":"river","name":"Քասախ"},"geometry":{"type":"LineString","coordinates":[[44.3268,40.6341],[44.3267,40.6338]]}},{"type":"Feature","properties":{"waterway":"river","name":"Քասախ"},"geometry":{"type":"LineString","coordinates":[[44.3248,40.6358],[44.3268,40.6341]]}},{"type":"Feature","properties":{"waterway":"river","name":"Կարմիրջուր"},"geometry":{"type":"LineString","coordinates":[[43.5843,41.0592],[43.6025,41.058]]}},{"type":"Feature","properties":{"waterway":"river","name":"Կարմիրջուր"},"geometry":{"type":"LineString","coordinates":[[43.5312,41.0606],[43.5577,41.0581],[43.5719,41.0613],[43.5842,41.0593]]}},{"type":"Feature","properties":{"waterway":"river","name":"Լորագետ"},"geometry":{"type":"LineString","coordinates":[[43.5736,41.1384],[43.5778,41.1373],[43.5796,41.1323],[43.5919,41.1299],[43.6037,41.1116],[43.6107,41.1086]]}},{"type":"Feature","properties":{"waterway":"river","name":"Կարմիջուր"},"geometry":{"type":"LineString","coordinates":[[43.5889,41.0903],[43.5978,41.0877],[43.6017,41.0815],[43.606,41.0823],[43.6152,41.0779]]}},{"type":"Feature","properties":{"waterway":"river","name":"Կարմիջուր"},"geometry":{"type":"LineString","coordinates":[[43.5887,41.0902],[43.5889,41.0903]]}},{"type":"Feature","properties":{"waterway":"river","name":"Կարմիջուր"},"geometry":{"type":"LineString","coordinates":[[43.5745,41.0924],[43.5751,41.0876],[43.5887,41.0902]]}},{"type":"Feature","properties":{"waterway":"river","name":"Կարմիջուր"},"geometry":{"type":"LineString","coordinates":[[43.5746,41.0925],[43.5745,41.0924]]}},{"type":"Feature","properties":{"waterway":"river","name":"Լորագետ"},"geometry":{"type":"LineString","coordinates":[[43.6109,41.1083],[43.6144,41.1046],[43.6195,41.104]]}},{"type":"Feature","properties":{"waterway":"river","name":"Լորագետ"},"geometry":{"type":"LineString","coordinates":[[43.6107,41.1086],[43.6109,41.1083]]}},{"type":"Feature","properties":{"waterway":"river","name":"Լորագետ"},"geometry":{"type":"LineString","coordinates":[[43.6196,41.104],[43.6224,41.1038]]}},{"type":"Feature","properties":{"waterway":"river","name":"Լորագետ"},"geometry":{"type":"LineString","coordinates":[[43.6195,41.104],[43.6196,41.104]]}},{"type":"Feature","properties":{"waterway":"river","name":"Լորագետ"},"geometry":{"type":"LineString","coordinates":[[43.6251,41.095],[43.6276,41.0928]]}},{"type":"Feature","properties":{"waterway":"river","name":"Լորագետ"},"geometry":{"type":"LineString","coordinates":[[43.6251,41.0951],[43.6251,41.095]]}},{"type":"Feature","properties":{"waterway":"river","name":"Բինաձոր"},"geometry":{"type":"LineString","coordinates":[[44.2887,41.196],[44.2977,41.1961],[44.3211,41.2074]]}},{"type":"Feature","properties":{"waterway":"river","name":"Տաշիր"},"geometry":{"type":"LineString","coordinates":[[44.2003,41.196],[44.1949,41.1921],[44.1979,41.1872]]}},{"type":"Feature","properties":{"waterway":"river","name":"Տաշիր"},"geometry":{"type":"LineString","coordinates":[[44.2006,41.1962],[44.2003,41.196]]}},{"type":"Feature","properties":{"waterway":"canal","name":null},"geometry":{"type":"LineString","coordinates":[[43.843,40.6923],[43.8391,40.6923]]}},{"type":"Feature","properties":{"waterway":"canal","name":null},"geometry":{"type":"LineString","coordinates":[[43.8387,40.6921],[43.8321,40.6906],[43.8352,40.6874],[43.8319,40.6846],[43.8234,40.6879],[43.815,40.6848],[43.8128,40.6869],[43.8054,40.6849]]}},{"type":"Feature","properties":{"waterway":"canal","name":null},"geometry":{"type":"LineString","coordinates":[[43.8035,40.7275],[43.7896,40.7308]]}},{"type":"Feature","properties":{"waterway":"canal","name":"Լոռվա ջրանցք"},"geometry":{"type":"LineString","coordinates":[[44.3865,41.0441],[44.3866,41.0441]]}},{"type":"Feature","properties":{"waterway":"canal","name":"Լոռվա ջրանցք"},"geometry":{"type":"LineString","coordinates":[[44.3805,41.0425],[44.3865,41.0441]]}},{"type":"Feature","properties":{"waterway":"canal","name":null},"geometry":{"type":"LineString","coordinates":[[43.7582,40.7813],[43.7647,40.7677]]}},{"type":"Feature","properties":{"waterway":"canal","name":"Կապսի ջրանցք"},"geometry":{"type":"LineString","coordinates":[[43.7507,40.8908],[43.7529,40.8899],[43.7513,40.8869],[43.7541,40.8839]]}},{"type":"Feature","properties":{"waterway":"river","name":"შულავერი"},"geometry":{"type":"LineString","coordinates":[[44.6855,41.2404],[44.69,41.2532],[44.6941,41.2574],[44.6913,41.2675],[44.6942,41.2701],[44.6943,41.2739],[44.7099,41.2888],[44.7265,41.294],[44.7278,41.3002],[44.7315,41.3014],[44.7368,41.3086],[44.7432,41.3096],[44.7518,41.3254],[44.7534,41.3456],[44.7623,41.3555],[44.769,41.3566],[44.7749,41.3613],[44.7796,41.3663],[44.7796,41.3703]]}},{"type":"Feature","properties":{"waterway":"canal","name":null},"geometry":{"type":"LineString","coordinates":[[44.5151,40.0336],[44.512,40.0306],[44.5208,40.0216]]}},{"type":"Feature","properties":{"waterway":"canal","name":null},"geometry":{"type":"LineString","coordinates":[[44.5152,40.0336],[44.5151,40.0336]]}},{"type":"Feature","properties":{"waterway":"canal","name":null},"geometry":{"type":"LineString","coordinates":[[44.5201,40.0371],[44.5152,40.0336]]}},{"type":"Feature","properties":{"waterway":"river","name":"Ձորագետ"},"geometry":{"type":"LineString","coordinates":[[44.006,41.0116],[44.0108,41.011],[44.0187,41.0141]]}},{"type":"Feature","properties":{"waterway":"canal","name":null},"geometry":{"type":"LineString","coordinates":[[44.0946,40.0931],[44.1039,40.0936],[44.1124,40.0872],[44.1164,40.0869]]}},{"type":"Feature","properties":{"waterway":"canal","name":null},"geometry":{"type":"LineString","coordinates":[[44.0916,40.0925],[44.0945,40.0932]]}},{"type":"Feature","properties":{"waterway":"canal","name":null},"geometry":{"type":"LineString","coordinates":[[44.0945,40.0932],[44.0946,40.0931]]}},{"type":"Feature","properties":{"waterway":"canal","name":null},"geometry":{"type":"LineString","coordinates":[[44.1165,40.0868],[44.1235,40.0895]]}},{"type":"Feature","properties":{"waterway":"canal","name":null},"geometry":{"type":"LineString","coordinates":[[44.1164,40.0869],[44.1165,40.0868]]}},{"type":"Feature","properties":{"waterway":"canal","name":null},"geometry":{"type":"LineString","coordinates":[[44.1262,40.0901],[44.1308,40.0896]]}},{"type":"Feature","properties":{"waterway":"canal","name":null},"geometry":{"type":"LineString","coordinates":[[44.1235,40.0895],[44.1237,40.0896]]}},{"type":"Feature","properties":{"waterway":"canal","name":null},"geometry":{"type":"LineString","coordinates":[[44.1237,40.0896],[44.1261,40.0901]]}},{"type":"Feature","properties":{"waterway":"canal","name":null},"geometry":{"type":"LineString","coordinates":[[44.1261,40.0901],[44.1262,40.0901]]}},{"type":"Feature","properties":{"waterway":"canal","name":null},"geometry":{"type":"LineString","coordinates":[[44.1309,40.0896],[44.1563,40.0959]]}},{"type":"Feature","properties":{"waterway":"canal","name":null},"geometry":{"type":"LineString","coordinates":[[44.1308,40.0896],[44.1309,40.0896]]}},{"type":"Feature","properties":{"waterway":"canal","name":null},"geometry":{"type":"LineString","coordinates":[[44.3098,40.1902],[44.3206,40.1826],[44.3191,40.1772]]}},{"type":"Feature","properties":{"waterway":"canal","name":null},"geometry":{"type":"LineString","coordinates":[[44.3098,40.1903],[44.3098,40.1902]]}},{"type":"Feature","properties":{"waterway":"canal","name":null},"geometry":{"type":"LineString","coordinates":[[44.3303,40.2098],[44.3157,40.2006]]}},{"type":"Feature","properties":{"waterway":"canal","name":null},"geometry":{"type":"LineString","coordinates":[[44.3157,40.2006],[44.3156,40.2005]]}},{"type":"Feature","properties":{"waterway":"river","name":"Ուռուտ"},"geometry":{"type":"LineString","coordinates":[[44.5138,41.1185],[44.5145,41.1278],[44.5106,41.1348],[44.5047,41.1404],[44.494,41.1441],[44.4847,41.1459],[44.4743,41.1436],[44.4495,41.1447],[44.4342,41.1423]]}},{"type":"Feature","properties":{"waterway":"canal","name":"Լոռվա ջրանցք"},"geometry":{"type":"LineString","coordinates":[[44.4258,41.0224],[44.4371,41.0163],[44.4528,41.0185]]}},{"type":"Feature","properties":{"waterway":"canal","name":"Լոռվա ջրանցք"},"geometry":{"type":"LineString","coordinates":[[44.4258,41.0225],[44.4258,41.0224]]}},{"type":"Feature","properties":{"waterway":"canal","name":"Լոռվա ջրանցք"},"geometry":{"type":"LineString","coordinates":[[44.4529,41.0186],[44.4537,41.0184]]}},{"type":"Feature","properties":{"waterway":"canal","name":"Լոռվա ջրանցք"},"geometry":{"type":"LineString","coordinates":[[44.4528,41.0185],[44.4529,41.0186]]}},{"type":"Feature","properties":{"waterway":"river","name":"Շնագայլի ձոր"},"geometry":{"type":"LineString","coordinates":[[43.8168,41.0879],[43.8138,41.0859],[43.8093,41.0874]]}},{"type":"Feature","properties":{"waterway":"river","name":"Ամասիա"},"geometry":{"type":"LineString","coordinates":[[43.7427,40.971],[43.7592,40.9658]]}},{"type":"Feature","properties":{"waterway":"canal","name":"Ստորին Հրազդանի ջրանցք"},"geometry":{"type":"LineString","coordinates":[[44.1877,40.2],[44.1753,40.1924],[44.171,40.193],[44.1676,40.1895],[44.1612,40.1907],[44.1618,40.1844],[44.1586,40.183],[44.1576,40.1781]]}},{"type":"Feature","properties":{"waterway":"canal","name":"Ստորին Հրազդանի ջրանցք"},"geometry":{"type":"LineString","coordinates":[[44.1883,40.2001],[44.1877,40.2]]}},{"type":"Feature","properties":{"waterway":"canal","name":null},"geometry":{"type":"LineString","coordinates":[[45.1728,40.9659],[45.1795,40.9721],[45.1792,40.9757],[45.183,40.9812]]}},{"type":"Feature","properties":{"waterway":"canal","name":"Ախուրյանի աջափնյա ջրանցք"},"geometry":{"type":"LineString","coordinates":[[43.7396,40.9309],[43.7343,40.9275]]}},{"type":"Feature","properties":{"waterway":"canal","name":"Ախուրյանի աջափնյա ջրանցք"},"geometry":{"type":"LineString","coordinates":[[43.7419,40.9333],[43.7407,40.9327]]}},{"type":"Feature","properties":{"waterway":"canal","name":"Ախուրյանի աջափնյա ջրանցք"},"geometry":{"type":"LineString","coordinates":[[43.7407,40.9327],[43.74,40.9312]]}},{"type":"Feature","properties":{"waterway":"canal","name":"Ախուրյանի աջափնյա ջրանցք"},"geometry":{"type":"LineString","coordinates":[[43.74,40.9312],[43.7396,40.9309]]}},{"type":"Feature","properties":{"waterway":"canal","name":"Ախուրյանի աջափնյա ջրանցք"},"geometry":{"type":"LineString","coordinates":[[43.7224,40.9237],[43.7195,40.9232]]}},{"type":"Feature","properties":{"waterway":"river","name":"Ցողամարգ"},"geometry":{"type":"LineString","coordinates":[[43.8127,40.9527],[43.8081,40.9559],[43.7965,40.9549],[43.7907,40.9509]]}},{"type":"Feature","properties":{"waterway":"river","name":"Ցողամարգ"},"geometry":{"type":"LineString","coordinates":[[43.7906,40.9509],[43.7901,40.9507]]}},{"type":"Feature","properties":{"waterway":"river","name":"Ցողամարգ"},"geometry":{"type":"LineString","coordinates":[[43.7907,40.9509],[43.7906,40.9509]]}},{"type":"Feature","properties":{"waterway":"river","name":"Ցողամարգ"},"geometry":{"type":"LineString","coordinates":[[43.858,40.9491],[43.8531,40.95],[43.8423,40.9463],[43.8345,40.9506],[43.8251,40.9496],[43.8216,40.9521],[43.8129,40.9527]]}},{"type":"Feature","properties":{"waterway":"river","name":"Ցողամարգ"},"geometry":{"type":"LineString","coordinates":[[43.8129,40.9527],[43.8127,40.9527]]}},{"type":"Feature","properties":{"waterway":"river","name":"Ցողամարգ"},"geometry":{"type":"LineString","coordinates":[[43.8724,40.9622],[43.875,40.9589],[43.8703,40.9533],[43.8718,40.9489],[43.8679,40.9474],[43.8583,40.9492]]}},{"type":"Feature","properties":{"waterway":"river","name":"Ցողամարգ"},"geometry":{"type":"LineString","coordinates":[[43.8583,40.9492],[43.858,40.9491]]}},{"type":"Feature","properties":{"waterway":"river","name":"Ճլկան"},"geometry":{"type":"LineString","coordinates":[[43.912,40.5204],[43.9082,40.5183]]}},{"type":"Feature","properties":{"waterway":"river","name":"Ճլկան"},"geometry":{"type":"LineString","coordinates":[[43.9122,40.5205],[43.912,40.5204]]}},{"type":"Feature","properties":{"waterway":"river","name":"Ճլկան"},"geometry":{"type":"LineString","coordinates":[[43.9039,40.5165],[43.895,40.5248]]}},{"type":"Feature","properties":{"waterway":"river","name":"Ճլկան"},"geometry":{"type":"LineString","coordinates":[[43.9082,40.5183],[43.9081,40.5182]]}},{"type":"Feature","properties":{"waterway":"river","name":"Ճլկան"},"geometry":{"type":"LineString","coordinates":[[43.8949,40.5249],[43.8913,40.5291]]}},{"type":"Feature","properties":{"waterway":"river","name":"Ճլկան"},"geometry":{"type":"LineString","coordinates":[[43.895,40.5248],[43.8949,40.5249]]}},{"type":"Feature","properties":{"waterway":"river","name":"Ճլկան"},"geometry":{"type":"LineString","coordinates":[[43.9081,40.5182],[43.9041,40.5165]]}},{"type":"Feature","properties":{"waterway":"river","name":"Ճլկան"},"geometry":{"type":"LineString","coordinates":[[43.9041,40.5165],[43.9039,40.5165]]}},{"type":"Feature","properties":{"waterway":"canal","name":null},"geometry":{"type":"LineString","coordinates":[[43.7139,40.8405],[43.7145,40.8386]]}},{"type":"Feature","properties":{"waterway":"canal","name":null},"geometry":{"type":"LineString","coordinates":[[43.7146,40.8384],[43.7387,40.814],[43.7397,40.8088]]}},{"type":"Feature","properties":{"waterway":"canal","name":null},"geometry":{"type":"LineString","coordinates":[[43.7145,40.8386],[43.7146,40.8384]]}},{"type":"Feature","properties":{"waterway":"canal","name":"Ախուրյանի աջափնյա ջրանցք"},"geometry":{"type":"LineString","coordinates":[[43.7126,40.9183],[43.7124,40.9182]]}},{"type":"Feature","properties":{"waterway":"canal","name":"Ախուրյանի աջափնյա ջրանցք"},"geometry":{"type":"LineString","coordinates":[[43.7123,40.9182],[43.7124,40.9181]]}},{"type":"Feature","properties":{"waterway":"canal","name":"Ախուրյանի աջափնյա ջրանցք"},"geometry":{"type":"LineString","coordinates":[[43.7124,40.9182],[43.7123,40.9182]]}},{"type":"Feature","properties":{"waterway":"canal","name":"Ախուրյանի աջափնյա ջրանցք"},"geometry":{"type":"LineString","coordinates":[[43.7123,40.9182],[43.7134,40.9154],[43.7107,40.914]]}},{"type":"Feature","properties":{"waterway":"canal","name":"Ախուրյանի աջափնյա ջրանցք"},"geometry":{"type":"LineString","coordinates":[[43.7124,40.9181],[43.7164,40.9147]]}},{"type":"Feature","properties":{"waterway":"canal","name":null},"geometry":{"type":"LineString","coordinates":[[43.7165,40.9146],[43.7237,40.9067],[43.7272,40.9064]]}},{"type":"Feature","properties":{"waterway":"canal","name":null},"geometry":{"type":"LineString","coordinates":[[43.7164,40.9147],[43.7165,40.9146]]}},{"type":"Feature","properties":{"waterway":"canal","name":null},"geometry":{"type":"LineString","coordinates":[[43.7307,40.9059],[43.7404,40.9001]]}},{"type":"Feature","properties":{"waterway":"canal","name":null},"geometry":{"type":"LineString","coordinates":[[43.7282,40.9035],[43.7287,40.899],[43.725,40.8976]]}},{"type":"Feature","properties":{"waterway":"canal","name":null},"geometry":{"type":"LineString","coordinates":[[43.7372,40.9018],[43.7292,40.9039]]}},{"type":"Feature","properties":{"waterway":"canal","name":null},"geometry":{"type":"LineString","coordinates":[[43.7373,40.9019],[43.7372,40.9018]]}},{"type":"Feature","properties":{"waterway":"canal","name":null},"geometry":{"type":"LineString","coordinates":[[43.7373,40.9019],[43.7373,40.9019]]}},{"type":"Feature","properties":{"waterway":"canal","name":null},"geometry":{"type":"LineString","coordinates":[[43.7292,40.9039],[43.7282,40.9035]]}},{"type":"Feature","properties":{"waterway":"canal","name":null},"geometry":{"type":"LineString","coordinates":[[43.7229,40.8974],[43.7223,40.8943],[43.7148,40.8951]]}},{"type":"Feature","properties":{"waterway":"canal","name":null},"geometry":{"type":"LineString","coordinates":[[43.725,40.8976],[43.7229,40.8974]]}},{"type":"Feature","properties":{"waterway":"river","name":"Դրախտիկ"},"geometry":{"type":"LineString","coordinates":[[45.2367,40.5626],[45.2343,40.5589],[45.2258,40.5561],[45.208,40.5429]]}},{"type":"Feature","properties":{"waterway":"river","name":null},"geometry":{"type":"LineString","coordinates":[[44.227,41.0523],[44.2282,41.0525]]}},{"type":"Feature","properties":{"waterway":"river","name":null},"geometry":{"type":"LineString","coordinates":[[44.2109,41.0556],[44.2122,41.0555]]}},{"type":"Feature","properties":{"waterway":"river","name":null},"geometry":{"type":"LineString","coordinates":[[44.2597,41.0544],[44.2616,41.0536]]}},{"type":"Feature","properties":{"waterway":"river","name":null},"geometry":{"type":"LineString","coordinates":[[44.2529,41.0545],[44.2549,41.0545]]}},{"type":"Feature","properties":{"waterway":"river","name":null},"geometry":{"type":"LineString","coordinates":[[44.252,41.0544],[44.2541,41.0542]]}},{"type":"Feature","properties":{"waterway":"canal","name":null},"geometry":{"type":"LineString","coordinates":[[44.3162,40.1512],[44.32,40.1557],[44.3251,40.1553],[44.3269,40.152]]}},{"type":"Feature","properties":{"waterway":"canal","name":null},"geometry":{"type":"LineString","coordinates":[[44.3269,40.152],[44.3226,40.1506]]}},{"type":"Feature","properties":{"waterway":"canal","name":null},"geometry":{"type":"LineString","coordinates":[[44.3203,40.1498],[44.3197,40.1489]]}},{"type":"Feature","properties":{"waterway":"canal","name":null},"geometry":{"type":"LineString","coordinates":[[44.3204,40.1499],[44.3203,40.1498]]}},{"type":"Feature","properties":{"waterway":"canal","name":null},"geometry":{"type":"LineString","coordinates":[[44.3225,40.1505],[44.3204,40.1499]]}},{"type":"Feature","properties":{"waterway":"canal","name":null},"geometry":{"type":"LineString","coordinates":[[44.3226,40.1506],[44.3225,40.1505]]}},{"type":"Feature","properties":{"waterway":"canal","name":null},"geometry":{"type":"LineString","coordinates":[[44.3709,40.1605],[44.3745,40.1562],[44.3727,40.1548],[44.3739,40.1527]]}},{"type":"Feature","properties":{"waterway":"river","name":null},"geometry":{"type":"LineString","coordinates":[[44.2045,41.056],[44.2054,41.0563]]}},{"type":"Feature","properties":{"waterway":"river","name":null},"geometry":{"type":"LineString","coordinates":[[44.2092,41.0555],[44.2094,41.0554]]}},{"type":"Feature","properties":{"waterway":"river","name":null},"geometry":{"type":"LineString","coordinates":[[44.208,41.0558],[44.2102,41.0555]]}},{"type":"Feature","properties":{"waterway":"canal","name":null},"geometry":{"type":"LineString","coordinates":[[44.4476,40.004],[44.4453,39.9976],[44.4474,39.9939],[44.4581,39.9909],[44.4748,39.9756]]}},{"type":"Feature","properties":{"waterway":"river","name":"Արաքս"},"geometry":{"type":"LineString","coordinates":[[44.44,39.9852],[44.4499,39.9875],[44.4532,39.9907]]}},{"type":"Feature","properties":{"waterway":"canal","name":null},"geometry":{"type":"LineString","coordinates":[[44.0263,40.0594],[44.029,40.062]]}},{"type":"Feature","properties":{"waterway":"canal","name":null},"geometry":{"type":"LineString","coordinates":[[44.0291,40.0621],[44.0361,40.0607],[44.0429,40.0629]]}},{"type":"Feature","properties":{"waterway":"canal","name":null},"geometry":{"type":"LineString","coordinates":[[44.0432,40.063],[44.066,40.0664],[44.0711,40.0726]]}},{"type":"Feature","properties":{"waterway":"canal","name":null},"geometry":{"type":"LineString","coordinates":[[44.0713,40.0727],[44.0779,40.0799],[44.0799,40.0862],[44.0916,40.0925]]}},{"type":"Feature","properties":{"waterway":"canal","name":null},"geometry":{"type":"LineString","coordinates":[[44.027,40.0371],[44.0381,40.037],[44.0516,40.0409]]}},{"type":"Feature","properties":{"waterway":"canal","name":"Արագածավան-Արտենի"},"geometry":{"type":"LineString","coordinates":[[43.8348,40.1716],[43.8401,40.1675],[43.8405,40.1621],[43.8486,40.1554]]}},{"type":"Feature","properties":{"waterway":"canal","name":"Արագածավան-Արտենի"},"geometry":{"type":"LineString","coordinates":[[43.8246,40.1793],[43.8248,40.1793]]}},{"type":"Feature","properties":{"waterway":"canal","name":null},"geometry":{"type":"LineString","coordinates":[[43.8348,40.1716],[43.8524,40.1693],[43.8726,40.1738]]}},{"type":"Feature","properties":{"waterway":"canal","name":null},"geometry":{"type":"LineString","coordinates":[[43.8726,40.1738],[43.8727,40.1738]]}},{"type":"Feature","properties":{"waterway":"canal","name":null},"geometry":{"type":"LineString","coordinates":[[43.75,40.182],[43.7568,40.1857]]}},{"type":"Feature","properties":{"waterway":"canal","name":"Արզնի Շամիրամ ջրանցք"},"geometry":{"type":"LineString","coordinates":[[44.1991,40.3059],[44.1966,40.3064]]}},{"type":"Feature","properties":{"waterway":"canal","name":"Արզնի Շամիրամ ջրանցք"},"geometry":{"type":"LineString","coordinates":[[44.2012,40.307],[44.1991,40.3059]]}},{"type":"Feature","properties":{"waterway":"canal","name":"Արզնի Շամիրամ ջրանցք"},"geometry":{"type":"LineString","coordinates":[[44.3734,40.3334],[44.3696,40.3338]]}},{"type":"Feature","properties":{"waterway":"canal","name":"Արզնի Շամիրամ ջրանցք"},"geometry":{"type":"LineString","coordinates":[[44.3753,40.3341],[44.3752,40.334]]}},{"type":"Feature","properties":{"waterway":"canal","name":"Արզնի Շամիրամ ջրանցք"},"geometry":{"type":"LineString","coordinates":[[44.3805,40.3366],[44.3776,40.3348]]}},{"type":"Feature","properties":{"waterway":"canal","name":"Արզնի Շամիրամ ջրանցք"},"geometry":{"type":"LineString","coordinates":[[44.3806,40.3366],[44.3805,40.3366]]}},{"type":"Feature","properties":{"waterway":"canal","name":"Արզնի Շամիրամ ջրանցք"},"geometry":{"type":"LineString","coordinates":[[44.2594,40.3187],[44.2587,40.3188]]}},{"type":"Feature","properties":{"waterway":"canal","name":"Արզնի Շամիրամ ջրանցք"},"geometry":{"type":"LineString","coordinates":[[44.3774,40.3348],[44.3753,40.3341]]}},{"type":"Feature","properties":{"waterway":"canal","name":"Արզնի Շամիրամ ջրանցք"},"geometry":{"type":"LineString","coordinates":[[44.3776,40.3348],[44.3774,40.3348]]}},{"type":"Feature","properties":{"waterway":"canal","name":"Արզնի Շամիրամ ջրանցք"},"geometry":{"type":"LineString","coordinates":[[44.3752,40.334],[44.3735,40.3334]]}},{"type":"Feature","properties":{"waterway":"canal","name":"Արզնի Շամիրամ ջրանցք"},"geometry":{"type":"LineString","coordinates":[[44.3735,40.3334],[44.3734,40.3334]]}},{"type":"Feature","properties":{"waterway":"canal","name":"Արզնի Շամիրամ ջրանցք"},"geometry":{"type":"LineString","coordinates":[[44.4833,40.3279],[44.4715,40.3291],[44.4719,40.3227],[44.467,40.3206],[44.464,40.3261],[44.4565,40.3305],[44.4464,40.331]]}},{"type":"Feature","properties":{"waterway":"canal","name":"Արզնի Շամիրամ ջրանցք"},"geometry":{"type":"LineString","coordinates":[[44.4401,40.3279],[44.44,40.3269]]}},{"type":"Feature","properties":{"waterway":"canal","name":"Արզնի Շամիրամ ջրանցք"},"geometry":{"type":"LineString","coordinates":[[44.3983,40.3295],[44.3916,40.335]]}},{"type":"Feature","properties":{"waterway":"canal","name":"Արզնի Շամիրամ ջրանցք"},"geometry":{"type":"LineString","coordinates":[[44.3984,40.3295],[44.3983,40.3295]]}},{"type":"Feature","properties":{"waterway":"canal","name":"Քասաղ"},"geometry":{"type":"LineString","coordinates":[[44.3952,40.3323],[44.3949,40.3322]]}},{"type":"Feature","properties":{"waterway":"canal","name":"Քասաղ"},"geometry":{"type":"LineString","coordinates":[[44.3953,40.3323],[44.3952,40.3323]]}},{"type":"Feature","properties":{"waterway":"canal","name":"Արզնի Շամիրամ ջրանցք"},"geometry":{"type":"LineString","coordinates":[[44.3363,40.353],[44.331,40.3538]]}},{"type":"Feature","properties":{"waterway":"canal","name":"Արզնի Շամիրամ ջրանցք"},"geometry":{"type":"LineString","coordinates":[[44.331,40.3538],[44.3297,40.354]]}},{"type":"Feature","properties":{"waterway":"canal","name":"Արզնի Շամիրամ ջրանցք"},"geometry":{"type":"LineString","coordinates":[[44.3122,40.3499],[44.3114,40.3489]]}},{"type":"Feature","properties":{"waterway":"canal","name":"Արզնի Շամիրամ ջրանցք"},"geometry":{"type":"LineString","coordinates":[[44.3142,40.3501],[44.3122,40.3499]]}},{"type":"Feature","properties":{"waterway":"canal","name":null},"geometry":{"type":"LineString","coordinates":[[43.8976,40.2121],[43.8997,40.2087],[43.904,40.2097],[43.9038,40.2071]]}},{"type":"Feature","properties":{"waterway":"canal","name":null},"geometry":{"type":"LineString","coordinates":[[43.9037,40.207],[43.9043,40.2046],[43.9093,40.2067],[43.9126,40.2043],[43.9184,40.2049]]}},{"type":"Feature","properties":{"waterway":"canal","name":null},"geometry":{"type":"LineString","coordinates":[[43.9038,40.2071],[43.9037,40.207]]}},{"type":"Feature","properties":{"waterway":"canal","name":null},"geometry":{"type":"LineString","coordinates":[[43.9184,40.2049],[43.9187,40.2049]]}},{"type":"Feature","properties":{"waterway":"canal","name":null},"geometry":{"type":"LineString","coordinates":[[43.9201,40.2063],[43.9192,40.2141],[43.9358,40.2116],[43.9463,40.2053]]}},{"type":"Feature","properties":{"waterway":"canal","name":"Կապսի ջրանցք"},"geometry":{"type":"LineString","coordinates":[[43.7906,40.8747],[43.7922,40.8732],[43.7963,40.8751]]}},{"type":"Feature","properties":{"waterway":"canal","name":"Կապսի ջրանցք"},"geometry":{"type":"LineString","coordinates":[[43.7542,40.8839],[43.7548,40.8839]]}},{"type":"Feature","properties":{"waterway":"canal","name":"Կապսի ջրանցք"},"geometry":{"type":"LineString","coordinates":[[43.7541,40.8839],[43.7542,40.8839]]}},{"type":"Feature","properties":{"waterway":"canal","name":"Կապսի ջրանցք"},"geometry":{"type":"LineString","coordinates":[[43.7554,40.8835],[43.764,40.8809]]}},{"type":"Feature","properties":{"waterway":"canal","name":"Կապսի ջրանցք"},"geometry":{"type":"LineString","coordinates":[[43.7643,40.8809],[43.7648,40.8797]]}},{"type":"Feature","properties":{"waterway":"canal","name":"Կապսի ջրանցք"},"geometry":{"type":"LineString","coordinates":[[43.765,40.8795],[43.7711,40.8789]]}},{"type":"Feature","properties":{"waterway":"canal","name":"Կապսի ջրանցք"},"geometry":{"type":"LineString","coordinates":[[43.7716,40.8789],[43.7781,40.8773]]}},{"type":"Feature","properties":{"waterway":"canal","name":"Կապսի ջրանցք"},"geometry":{"type":"LineString","coordinates":[[43.7796,40.8772],[43.7827,40.8767]]}},{"type":"Feature","properties":{"waterway":"canal","name":"Կապսի ջրանցք"},"geometry":{"type":"LineString","coordinates":[[43.7828,40.8766],[43.7832,40.8744],[43.7874,40.8743]]}},{"type":"Feature","properties":{"waterway":"canal","name":"Կապսի ջրանցք"},"geometry":{"type":"LineString","coordinates":[[43.7886,40.874],[43.7899,40.8749]]}},{"type":"Feature","properties":{"waterway":"canal","name":null},"geometry":{"type":"LineString","coordinates":[[43.9494,40.8099],[43.9563,40.8024],[43.9547,40.7995],[43.9582,40.7951],[43.9541,40.7933],[43.9568,40.7864]]}},{"type":"Feature","properties":{"waterway":"canal","name":null},"geometry":{"type":"LineString","coordinates":[[43.9484,40.7841],[43.944,40.7839]]}},{"type":"Feature","properties":{"waterway":"canal","name":null},"geometry":{"type":"LineString","coordinates":[[43.93,40.8198],[43.9233,40.8046],[43.9173,40.797],[43.9166,40.7872]]}},{"type":"Feature","properties":{"waterway":"canal","name":null},"geometry":{"type":"LineString","coordinates":[[43.93,40.8199],[43.93,40.8198]]}},{"type":"Feature","properties":{"waterway":"canal","name":null},"geometry":{"type":"LineString","coordinates":[[43.9166,40.7871],[43.9167,40.7867]]}},{"type":"Feature","properties":{"waterway":"canal","name":null},"geometry":{"type":"LineString","coordinates":[[43.9166,40.7872],[43.9166,40.7871]]}},{"type":"Feature","properties":{"waterway":"canal","name":"Կապսի ջրանցք"},"geometry":{"type":"LineString","coordinates":[[43.8081,40.8737],[43.8139,40.8739]]}},{"type":"Feature","properties":{"waterway":"canal","name":"Կապսի ջրանցք"},"geometry":{"type":"LineString","coordinates":[[43.8142,40.8738],[43.8195,40.8732]]}},{"type":"Feature","properties":{"waterway":"canal","name":"Կապսի ջրանցք"},"geometry":{"type":"LineString","coordinates":[[43.8198,40.8733],[43.8258,40.8753]]}},{"type":"Feature","properties":{"waterway":"canal","name":"Կապսի ջրանցք"},"geometry":{"type":"LineString","coordinates":[[43.826,40.8753],[43.84,40.8757]]}},{"type":"Feature","properties":{"waterway":"canal","name":"Կապսի ջրանցք"},"geometry":{"type":"LineString","coordinates":[[43.84,40.8758],[43.8399,40.876]]}},{"type":"Feature","properties":{"waterway":"canal","name":"Կապսի ջրանցք"},"geometry":{"type":"LineString","coordinates":[[43.84,40.8757],[43.84,40.8758]]}},{"type":"Feature","properties":{"waterway":"canal","name":"Կապսի ջրանցք"},"geometry":{"type":"LineString","coordinates":[[43.8407,40.8765],[43.8416,40.8768]]}},{"type":"Feature","properties":{"waterway":"canal","name":"Կապսի ջրանցք"},"geometry":{"type":"LineString","coordinates":[[43.8423,40.8769],[43.8468,40.8778]]}},{"type":"Feature","properties":{"waterway":"canal","name":"Կապսի ջրանցք"},"geometry":{"type":"LineString","coordinates":[[43.8469,40.8779],[43.8485,40.8784]]}},{"type":"Feature","properties":{"waterway":"canal","name":"Կապսի ջրանցք"},"geometry":{"type":"LineString","coordinates":[[43.8468,40.8778],[43.8469,40.8779]]}},{"type":"Feature","properties":{"waterway":"canal","name":"Մխչյանի ջրանցք"},"geometry":{"type":"LineString","coordinates":[[44.5709,39.9873],[44.5726,39.982]]}},{"type":"Feature","properties":{"waterway":"canal","name":"Մխչյանի ջրանցք"},"geometry":{"type":"LineString","coordinates":[[44.5709,39.9875],[44.5709,39.9873]]}},{"type":"Feature","properties":{"waterway":"canal","name":null},"geometry":{"type":"LineString","coordinates":[[44.4537,40.4831],[44.4556,40.4803]]}},{"type":"Feature","properties":{"waterway":"canal","name":null},"geometry":{"type":"LineString","coordinates":[[44.458,40.4776],[44.458,40.4776]]}},{"type":"Feature","properties":{"waterway":"canal","name":null},"geometry":{"type":"LineString","coordinates":[[44.458,40.4776],[44.4603,40.4739]]}},{"type":"Feature","properties":{"waterway":"canal","name":null},"geometry":{"type":"LineString","coordinates":[[44.4603,40.4739],[44.4603,40.4738]]}},{"type":"Feature","properties":{"waterway":"canal","name":null},"geometry":{"type":"LineString","coordinates":[[44.4577,40.4789],[44.458,40.4776]]}},{"type":"Feature","properties":{"waterway":"canal","name":null},"geometry":{"type":"LineString","coordinates":[[44.457,40.4795],[44.4577,40.4789]]}},{"type":"Feature","properties":{"waterway":"canal","name":null},"geometry":{"type":"LineString","coordinates":[[44.471,40.4634],[44.4755,40.4608]]}},{"type":"Feature","properties":{"waterway":"canal","name":null},"geometry":{"type":"LineString","coordinates":[[44.471,40.4635],[44.471,40.4634]]}},{"type":"Feature","properties":{"waterway":"canal","name":"Մխչյանի ջրանցք"},"geometry":{"type":"LineString","coordinates":[[44.5609,39.9969],[44.5665,39.9952],[44.5709,39.9875]]}},{"type":"Feature","properties":{"waterway":"canal","name":"Մխչյանի ջրանցք"},"geometry":{"type":"LineString","coordinates":[[44.5608,39.9969],[44.5609,39.9969]]}},{"type":"Feature","properties":{"waterway":"canal","name":"Մխչյանի ջրանցք"},"geometry":{"type":"LineString","coordinates":[[44.5568,39.9966],[44.5608,39.9969]]}},{"type":"Feature","properties":{"waterway":"canal","name":"Մխչյանի ջրանցք"},"geometry":{"type":"LineString","coordinates":[[44.5567,39.9966],[44.5568,39.9966]]}},{"type":"Feature","properties":{"waterway":"canal","name":"Արտաշատ ջրանցք"},"geometry":{"type":"LineString","coordinates":[[44.6306,39.9796],[44.6335,39.9769],[44.6267,39.9718],[44.6258,39.9665],[44.6195,39.9626]]}},{"type":"Feature","properties":{"waterway":"canal","name":"Արտաշատ ջրանցք"},"geometry":{"type":"LineString","coordinates":[[44.6304,39.98],[44.6306,39.9796]]}},{"type":"Feature","properties":{"waterway":"canal","name":"Արտաշատ ջրանցք"},"geometry":{"type":"LineString","coordinates":[[44.6235,39.9862],[44.6304,39.98]]}},{"type":"Feature","properties":{"waterway":"canal","name":"Արտաշատ ջրանցք"},"geometry":{"type":"LineString","coordinates":[[44.6234,39.9864],[44.6235,39.9862]]}},{"type":"Feature","properties":{"waterway":"canal","name":"Դվին ջրանցք"},"geometry":{"type":"LineString","coordinates":[[44.6063,40.0242],[44.6108,40.0221]]}},{"type":"Feature","properties":{"waterway":"canal","name":"Դվին ջրանցք"},"geometry":{"type":"LineString","coordinates":[[44.6062,40.0243],[44.6063,40.0242]]}},{"type":"Feature","properties":{"waterway":"canal","name":"Դվին ջրանցք"},"geometry":{"type":"LineString","coordinates":[[44.604,40.0263],[44.6062,40.0243]]}},{"type":"Feature","properties":{"waterway":"canal","name":"Դվին ջրանցք"},"geometry":{"type":"LineString","coordinates":[[44.6036,40.0269],[44.604,40.0263]]}},{"type":"Feature","properties":{"waterway":"canal","name":"Դվին ջրանցք"},"geometry":{"type":"LineString","coordinates":[[44.6012,40.0294],[44.6036,40.0269]]}},{"type":"Feature","properties":{"waterway":"canal","name":"Դվին ջրանցք"},"geometry":{"type":"LineString","coordinates":[[44.6011,40.0294],[44.6012,40.0294]]}},{"type":"Feature","properties":{"waterway":"canal","name":"Դվին ջրանցք"},"geometry":{"type":"LineString","coordinates":[[44.5898,40.0446],[44.5942,40.0429]]}},{"type":"Feature","properties":{"waterway":"canal","name":"Դվին ջրանցք"},"geometry":{"type":"LineString","coordinates":[[44.5942,40.0429],[44.5943,40.0428]]}},{"type":"Feature","properties":{"waterway":"canal","name":"Դվին ջրանցք"},"geometry":{"type":"LineString","coordinates":[[44.6237,40.0132],[44.6244,40.0126]]}},{"type":"Feature","properties":{"waterway":"canal","name":"Դվին ջրանցք"},"geometry":{"type":"LineString","coordinates":[[44.6237,40.0132],[44.6237,40.0132]]}},{"type":"Feature","properties":{"waterway":"canal","name":"Դվին ջրանցք"},"geometry":{"type":"LineString","coordinates":[[44.6132,40.02],[44.615,40.0203]]}},{"type":"Feature","properties":{"waterway":"canal","name":"Դվին ջրանցք"},"geometry":{"type":"LineString","coordinates":[[44.615,40.0203],[44.6151,40.0202]]}},{"type":"Feature","properties":{"waterway":"canal","name":"Արմավիրի մայր ջրանցք"},"geometry":{"type":"LineString","coordinates":[[43.8412,40.0456],[43.8644,40.0459],[43.8908,40.0424],[43.9053,40.0452],[43.9234,40.0819]]}},{"type":"Feature","properties":{"waterway":"canal","name":"Արմավիրի մայր ջրանցք"},"geometry":{"type":"LineString","coordinates":[[43.9234,40.0819],[43.9234,40.0821]]}},{"type":"Feature","properties":{"waterway":"canal","name":"Արմավիրի մայր ջրանցք"},"geometry":{"type":"LineString","coordinates":[[43.9313,40.1441],[43.9326,40.1578],[43.9277,40.1598]]}},{"type":"Feature","properties":{"waterway":"canal","name":null},"geometry":{"type":"LineString","coordinates":[[43.9318,40.1734],[43.9489,40.1665]]}},{"type":"Feature","properties":{"waterway":"canal","name":null},"geometry":{"type":"LineString","coordinates":[[44.4603,40.4738],[44.4648,40.4699]]}},{"type":"Feature","properties":{"waterway":"canal","name":null},"geometry":{"type":"LineString","coordinates":[[44.4648,40.4699],[44.4649,40.4698]]}},{"type":"Feature","properties":{"waterway":"canal","name":null},"geometry":{"type":"LineString","coordinates":[[44.7046,39.8982],[44.7054,39.8972]]}},{"type":"Feature","properties":{"waterway":"canal","name":null},"geometry":{"type":"LineString","coordinates":[[44.7057,39.8968],[44.698,39.8921]]}},{"type":"Feature","properties":{"waterway":"canal","name":null},"geometry":{"type":"LineString","coordinates":[[44.7006,39.8957],[44.6951,39.8931]]}},{"type":"Feature","properties":{"waterway":"canal","name":null},"geometry":{"type":"LineString","coordinates":[[43.7596,40.3669],[43.7607,40.3676]]}},{"type":"Feature","properties":{"waterway":"canal","name":null},"geometry":{"type":"LineString","coordinates":[[43.7625,40.3703],[43.7648,40.3721],[43.7606,40.3762],[43.7663,40.3784],[43.7695,40.3847],[43.7651,40.3908],[43.7711,40.3971]]}},{"type":"Feature","properties":{"waterway":"canal","name":null},"geometry":{"type":"LineString","coordinates":[[43.771,40.3972],[43.7741,40.4009],[43.7863,40.3993]]}},{"type":"Feature","properties":{"waterway":"canal","name":null},"geometry":{"type":"LineString","coordinates":[[43.7863,40.3992],[43.8021,40.3906]]}},{"type":"Feature","properties":{"waterway":"canal","name":null},"geometry":{"type":"LineString","coordinates":[[43.8023,40.3905],[43.8104,40.3823]]}},{"type":"Feature","properties":{"waterway":"canal","name":null},"geometry":{"type":"LineString","coordinates":[[44.3807,40.1038],[44.3789,40.1013]]}},{"type":"Feature","properties":{"waterway":"canal","name":null},"geometry":{"type":"LineString","coordinates":[[44.6978,39.892],[44.6914,39.8867]]}},{"type":"Feature","properties":{"waterway":"canal","name":null},"geometry":{"type":"LineString","coordinates":[[44.698,39.8921],[44.6978,39.892]]}},{"type":"Feature","properties":{"waterway":"canal","name":null},"geometry":{"type":"LineString","coordinates":[[44.4414,40.3734],[44.4475,40.3672]]}},{"type":"Feature","properties":{"waterway":"canal","name":null},"geometry":{"type":"LineString","coordinates":[[44.4414,40.3735],[44.4414,40.3734]]}},{"type":"Feature","properties":{"waterway":"canal","name":"Քասաղ"},"geometry":{"type":"LineString","coordinates":[[44.3965,40.4028],[44.395,40.4029]]}},{"type":"Feature","properties":{"waterway":"canal","name":"Քասաղ"},"geometry":{"type":"LineString","coordinates":[[44.395,40.4029],[44.395,40.403]]}},{"type":"Feature","properties":{"waterway":"river","name":null},"geometry":{"type":"LineString","coordinates":[[44.1065,40.8334],[44.1087,40.8404]]}},{"type":"Feature","properties":{"waterway":"river","name":null},"geometry":{"type":"LineString","coordinates":[[44.1066,40.8333],[44.1065,40.8334]]}},{"type":"Feature","properties":{"waterway":"canal","name":"Շիրակամուտ"},"geometry":{"type":"LineString","coordinates":[[44.0776,40.8592],[44.0687,40.8554]]}},{"type":"Feature","properties":{"waterway":"canal","name":"Շիրակամուտ"},"geometry":{"type":"LineString","coordinates":[[44.0685,40.8554],[44.0561,40.8541]]}},{"type":"Feature","properties":{"waterway":"canal","name":"Շիրակամուտ"},"geometry":{"type":"LineString","coordinates":[[44.0687,40.8554],[44.0685,40.8554]]}},{"type":"Feature","properties":{"waterway":"canal","name":"Շիրակամուտ"},"geometry":{"type":"LineString","coordinates":[[44.0776,40.8594],[44.0776,40.8592]]}},{"type":"Feature","properties":{"waterway":"canal","name":"Շիրակամուտ"},"geometry":{"type":"LineString","coordinates":[[44.0543,40.8536],[44.0417,40.8464]]}},{"type":"Feature","properties":{"waterway":"canal","name":"Շիրակամուտ"},"geometry":{"type":"LineString","coordinates":[[44.0544,40.8537],[44.0543,40.8536]]}},{"type":"Feature","properties":{"waterway":"canal","name":"Շիրակամուտ"},"geometry":{"type":"LineString","coordinates":[[44.0559,40.8541],[44.0544,40.8537]]}},{"type":"Feature","properties":{"waterway":"canal","name":"Շիրակամուտ"},"geometry":{"type":"LineString","coordinates":[[44.0561,40.8541],[44.0559,40.8541]]}},{"type":"Feature","properties":{"waterway":"canal","name":null},"geometry":{"type":"LineString","coordinates":[[43.5949,40.3606],[43.5969,40.359]]}},{"type":"Feature","properties":{"waterway":"canal","name":null},"geometry":{"type":"LineString","coordinates":[[43.5968,40.3532],[43.5916,40.3459],[43.5991,40.3364]]}},{"type":"Feature","properties":{"waterway":"canal","name":"Արզնի Շամիրամ ջրանցք"},"geometry":{"type":"LineString","coordinates":[[44.0857,40.3044],[44.0838,40.3031]]}},{"type":"Feature","properties":{"waterway":"canal","name":"Արզնի Շամիրամ ջրանցք"},"geometry":{"type":"LineString","coordinates":[[44.0875,40.3051],[44.0874,40.3051]]}},{"type":"Feature","properties":{"waterway":"canal","name":null},"geometry":{"type":"LineString","coordinates":[[43.7762,40.7189],[43.7714,40.7129]]}},{"type":"Feature","properties":{"waterway":"canal","name":null},"geometry":{"type":"LineString","coordinates":[[43.7786,40.7222],[43.7762,40.7189]]}},{"type":"Feature","properties":{"waterway":"canal","name":null},"geometry":{"type":"LineString","coordinates":[[43.7762,40.7189],[43.7762,40.7189]]}},{"type":"Feature","properties":{"waterway":"river","name":"Ճլկան"},"geometry":{"type":"LineString","coordinates":[[44.0626,40.5021],[44.0373,40.5098],[44.0209,40.5181],[43.9773,40.519]]}},{"type":"Feature","properties":{"waterway":"river","name":"Շենավան"},"geometry":{"type":"LineString","coordinates":[[44.2455,40.8743],[44.2305,40.8529]]}},{"type":"Feature","properties":{"waterway":"river","name":"Շենավան"},"geometry":{"type":"LineString","coordinates":[[44.2458,40.8746],[44.2455,40.8743]]}},{"type":"Feature","properties":{"waterway":"canal","name":null},"geometry":{"type":"LineString","coordinates":[[44.7474,39.8126],[44.733,39.82],[44.7239,39.816]]}},{"type":"Feature","properties":{"waterway":"canal","name":null},"geometry":{"type":"LineString","coordinates":[[44.7238,39.816],[44.7101,39.8081]]}},{"type":"Feature","properties":{"waterway":"canal","name":null},"geometry":{"type":"LineString","coordinates":[[44.7475,39.8126],[44.7616,39.8036],[44.7718,39.789]]}},{"type":"Feature","properties":{"waterway":"canal","name":"Լոռվա ջրանցք"},"geometry":{"type":"LineString","coordinates":[[44.4768,41.0178],[44.4792,41.016],[44.4783,41.0112]]}},{"type":"Feature","properties":{"waterway":"canal","name":"Լոռվա ջրանցք"},"geometry":{"type":"LineString","coordinates":[[44.4783,41.0112],[44.4784,41.0111]]}},{"type":"Feature","properties":{"waterway":"canal","name":null},"geometry":{"type":"LineString","coordinates":[[44.4767,41.0187],[44.4768,41.018]]}},{"type":"Feature","properties":{"waterway":"canal","name":null},"geometry":{"type":"LineString","coordinates":[[44.4768,41.018],[44.4768,41.0178]]}},{"type":"Feature","properties":{"waterway":"canal","name":null},"geometry":{"type":"LineString","coordinates":[[43.6574,40.3176],[43.659,40.3087],[43.6653,40.3101],[43.6629,40.3065],[43.6659,40.2978]]}},{"type":"Feature","properties":{"waterway":"canal","name":"Արագածավան-Արտենի"},"geometry":{"type":"LineString","coordinates":[[43.8248,40.1793],[43.8319,40.1758],[43.8348,40.1716]]}},{"type":"Feature","properties":{"waterway":"canal","name":null},"geometry":{"type":"LineString","coordinates":[[43.7572,40.186],[43.7666,40.1861],[43.7724,40.189],[43.7727,40.1863]]}},{"type":"Feature","properties":{"waterway":"canal","name":null},"geometry":{"type":"LineString","coordinates":[[43.7747,40.1618],[43.7752,40.1612]]}},{"type":"Feature","properties":{"waterway":"river","name":"Մաստարա"},"geometry":{"type":"LineString","coordinates":[[43.9005,40.2038],[43.8965,40.198],[43.9014,40.188]]}},{"type":"Feature","properties":{"waterway":"river","name":"Մաստարա"},"geometry":{"type":"LineString","coordinates":[[43.9006,40.2039],[43.9005,40.2038]]}},{"type":"Feature","properties":{"waterway":"canal","name":null},"geometry":{"type":"LineString","coordinates":[[43.9696,40.0588],[43.974,40.0643],[43.9847,40.071]]}},{"type":"Feature","properties":{"waterway":"canal","name":null},"geometry":{"type":"LineString","coordinates":[[43.9849,40.0711],[44.0115,40.0734]]}},{"type":"Feature","properties":{"waterway":"canal","name":null},"geometry":{"type":"LineString","coordinates":[[44.0308,40.0786],[44.0335,40.0775]]}},{"type":"Feature","properties":{"waterway":"canal","name":null},"geometry":{"type":"LineString","coordinates":[[44.0279,40.0773],[44.0307,40.0785]]}},{"type":"Feature","properties":{"waterway":"canal","name":null},"geometry":{"type":"LineString","coordinates":[[44.0271,40.0786],[44.0278,40.0774]]}},{"type":"Feature","properties":{"waterway":"canal","name":null},"geometry":{"type":"LineString","coordinates":[[44.0278,40.0774],[44.0279,40.0773]]}},{"type":"Feature","properties":{"waterway":"canal","name":null},"geometry":{"type":"LineString","coordinates":[[44.0307,40.0785],[44.0308,40.0786]]}},{"type":"Feature","properties":{"waterway":"canal","name":null},"geometry":{"type":"LineString","coordinates":[[44.2847,40.0895],[44.2808,40.0809],[44.2937,40.0764]]}},{"type":"Feature","properties":{"waterway":"canal","name":null},"geometry":{"type":"LineString","coordinates":[[44.2804,40.0978],[44.2837,40.0909]]}},{"type":"Feature","properties":{"waterway":"canal","name":null},"geometry":{"type":"LineString","coordinates":[[44.2837,40.0909],[44.2838,40.0908]]}},{"type":"Feature","properties":{"waterway":"canal","name":null},"geometry":{"type":"LineString","coordinates":[[44.2838,40.0908],[44.2846,40.0896]]}},{"type":"Feature","properties":{"waterway":"canal","name":null},"geometry":{"type":"LineString","coordinates":[[44.2846,40.0896],[44.2847,40.0895]]}},{"type":"Feature","properties":{"waterway":"canal","name":null},"geometry":{"type":"LineString","coordinates":[[44.2802,40.0988],[44.2804,40.098]]}},{"type":"Feature","properties":{"waterway":"canal","name":null},"geometry":{"type":"LineString","coordinates":[[44.2804,40.098],[44.2804,40.0978]]}},{"type":"Feature","properties":{"waterway":"canal","name":null},"geometry":{"type":"LineString","coordinates":[[44.2669,40.149],[44.2666,40.1474]]}},{"type":"Feature","properties":{"waterway":"canal","name":null},"geometry":{"type":"LineString","coordinates":[[44.2669,40.1491],[44.2669,40.149]]}},{"type":"Feature","properties":{"waterway":"canal","name":null},"geometry":{"type":"LineString","coordinates":[[44.2675,40.1503],[44.2669,40.1491]]}},{"type":"Feature","properties":{"waterway":"canal","name":null},"geometry":{"type":"LineString","coordinates":[[44.2146,40.1132],[44.2152,40.1128]]}},{"type":"Feature","properties":{"waterway":"canal","name":null},"geometry":{"type":"LineString","coordinates":[[44.2152,40.1128],[44.2164,40.1118]]}},{"type":"Feature","properties":{"waterway":"canal","name":null},"geometry":{"type":"LineString","coordinates":[[44.2164,40.1118],[44.2164,40.1118]]}},{"type":"Feature","properties":{"waterway":"canal","name":null},"geometry":{"type":"LineString","coordinates":[[44.1567,40.1082],[44.1539,40.1003]]}},{"type":"Feature","properties":{"waterway":"canal","name":null},"geometry":{"type":"LineString","coordinates":[[44.1583,40.1118],[44.1579,40.1105]]}},{"type":"Feature","properties":{"waterway":"canal","name":null},"geometry":{"type":"LineString","coordinates":[[44.1579,40.1105],[44.1578,40.1104]]}},{"type":"Feature","properties":{"waterway":"canal","name":null},"geometry":{"type":"LineString","coordinates":[[44.1578,40.1104],[44.1568,40.1083]]}},{"type":"Feature","properties":{"waterway":"canal","name":null},"geometry":{"type":"LineString","coordinates":[[44.1568,40.1083],[44.1567,40.1082]]}},{"type":"Feature","properties":{"waterway":"canal","name":null},"geometry":{"type":"LineString","coordinates":[[44.1539,40.1002],[44.1533,40.098],[44.1581,40.0935]]}},{"type":"Feature","properties":{"waterway":"canal","name":null},"geometry":{"type":"LineString","coordinates":[[44.1539,40.1003],[44.1539,40.1002]]}},{"type":"Feature","properties":{"waterway":"canal","name":null},"geometry":{"type":"LineString","coordinates":[[44.1581,40.0934],[44.1584,40.0911]]}},{"type":"Feature","properties":{"waterway":"canal","name":null},"geometry":{"type":"LineString","coordinates":[[44.1581,40.0935],[44.1581,40.0934]]}},{"type":"Feature","properties":{"waterway":"canal","name":null},"geometry":{"type":"LineString","coordinates":[[44.1584,40.0911],[44.1584,40.091]]}},{"type":"Feature","properties":{"waterway":"river","name":"Ձորագետ"},"geometry":{"type":"LineString","coordinates":[[44.4344,41.0022],[44.459,41.0046],[44.4684,41.0003],[44.4784,41.0006],[44.5102,40.9948],[44.5218,40.983],[44.545,40.9803],[44.5693,40.9704],[44.5792,40.962]]}},{"type":"Feature","properties":{"waterway":"river","name":"Ձորագետ"},"geometry":{"type":"LineString","coordinates":[[44.3567,41.0271],[44.3668,41.0238],[44.3777,41.0126]]}},{"type":"Feature","properties":{"waterway":"canal","name":null},"geometry":{"type":"LineString","coordinates":[[44.39,40.0138],[44.3902,40.0138]]}},{"type":"Feature","properties":{"waterway":"canal","name":null},"geometry":{"type":"LineString","coordinates":[[44.3902,40.0138],[44.3904,40.0138]]}},{"type":"Feature","properties":{"waterway":"canal","name":"Փարաքար ջրանցք"},"geometry":{"type":"LineString","coordinates":[[44.4714,40.1561],[44.4687,40.1526]]}},{"type":"Feature","properties":{"waterway":"canal","name":"Փարաքար ջրանցք"},"geometry":{"type":"LineString","coordinates":[[44.4686,40.1526],[44.4635,40.1529]]}},{"type":"Feature","properties":{"waterway":"canal","name":"Փարաքար ջրանցք"},"geometry":{"type":"LineString","coordinates":[[44.4687,40.1526],[44.4686,40.1526]]}},{"type":"Feature","properties":{"waterway":"canal","name":"Փարաքար ջրանցք"},"geometry":{"type":"LineString","coordinates":[[44.4634,40.1529],[44.4573,40.1534],[44.4542,40.1561]]}},{"type":"Feature","properties":{"waterway":"canal","name":"Փարաքար ջրանցք"},"geometry":{"type":"LineString","coordinates":[[44.4635,40.1529],[44.4634,40.1529]]}},{"type":"Feature","properties":{"waterway":"canal","name":"Էջմիածնի ջրանցք"},"geometry":{"type":"LineString","coordinates":[[44.3959,40.1662],[44.3931,40.1654]]}},{"type":"Feature","properties":{"waterway":"canal","name":"Էջմիածնի ջրանցք"},"geometry":{"type":"LineString","coordinates":[[44.3931,40.1654],[44.3929,40.1654]]}},{"type":"Feature","properties":{"waterway":"canal","name":"Սայաթ Նովա ջրանցք"},"geometry":{"type":"LineString","coordinates":[[44.4236,40.1325],[44.4237,40.1325]]}},{"type":"Feature","properties":{"waterway":"canal","name":null},"geometry":{"type":"LineString","coordinates":[[44.0517,40.041],[44.0543,40.0431]]}},{"type":"Feature","properties":{"waterway":"canal","name":null},"geometry":{"type":"LineString","coordinates":[[44.0516,40.0409],[44.0517,40.041]]}},{"type":"Feature","properties":{"waterway":"canal","name":null},"geometry":{"type":"LineString","coordinates":[[44.0614,40.0437],[44.0671,40.0463]]}},{"type":"Feature","properties":{"waterway":"canal","name":null},"geometry":{"type":"LineString","coordinates":[[44.0543,40.0431],[44.0544,40.0431]]}},{"type":"Feature","properties":{"waterway":"canal","name":null},"geometry":{"type":"LineString","coordinates":[[44.0544,40.0431],[44.058,40.0434]]}},{"type":"Feature","properties":{"waterway":"canal","name":null},"geometry":{"type":"LineString","coordinates":[[44.058,40.0434],[44.0581,40.0434]]}},{"type":"Feature","properties":{"waterway":"canal","name":null},"geometry":{"type":"LineString","coordinates":[[44.0581,40.0434],[44.0613,40.0436]]}},{"type":"Feature","properties":{"waterway":"canal","name":null},"geometry":{"type":"LineString","coordinates":[[44.0613,40.0436],[44.0614,40.0437]]}},{"type":"Feature","properties":{"waterway":"river","name":"Գետառ"},"geometry":{"type":"LineString","coordinates":[[44.5658,40.2163],[44.5629,40.2141]]}},{"type":"Feature","properties":{"waterway":"canal","name":null},"geometry":{"type":"LineString","coordinates":[[43.6949,40.2503],[43.6922,40.2496],[43.6961,40.2429],[43.6996,40.2432],[43.7002,40.24],[43.7076,40.2344],[43.7132,40.2354]]}},{"type":"Feature","properties":{"waterway":"canal","name":null},"geometry":{"type":"LineString","coordinates":[[43.8494,40.0567],[43.8457,40.055]]}},{"type":"Feature","properties":{"waterway":"canal","name":null},"geometry":{"type":"LineString","coordinates":[[44.14,40.0381],[44.1545,40.0354]]}},{"type":"Feature","properties":{"waterway":"canal","name":null},"geometry":{"type":"LineString","coordinates":[[44.1399,40.0382],[44.14,40.0381]]}},{"type":"Feature","properties":{"waterway":"canal","name":null},"geometry":{"type":"LineString","coordinates":[[44.7719,39.7889],[44.7732,39.7869]]}},{"type":"Feature","properties":{"waterway":"canal","name":null},"geometry":{"type":"LineString","coordinates":[[44.7718,39.789],[44.7719,39.7889]]}},{"type":"Feature","properties":{"waterway":"canal","name":null},"geometry":{"type":"LineString","coordinates":[[44.0755,40.6447],[44.0743,40.6488],[44.0678,40.6508]]}},{"type":"Feature","properties":{"waterway":"canal","name":null},"geometry":{"type":"LineString","coordinates":[[44.0768,40.6384],[44.0756,40.6446]]}},{"type":"Feature","properties":{"waterway":"canal","name":null},"geometry":{"type":"LineString","coordinates":[[44.0756,40.6446],[44.0755,40.6447]]}},{"type":"Feature","properties":{"waterway":"river","name":"Գեղաձոր"},"geometry":{"type":"LineString","coordinates":[[44.0742,40.6541],[44.0655,40.6575],[44.0433,40.6576],[44.037,40.6598],[44.0368,40.6631],[44.0097,40.6706],[43.9764,40.669],[43.9672,40.6644]]}},{"type":"Feature","properties":{"waterway":"river","name":"Հրազդան"},"geometry":{"type":"LineString","coordinates":[[44.7574,40.5436],[44.7623,40.5401],[44.7639,40.5274],[44.7677,40.5249],[44.7681,40.5208],[44.7607,40.5154],[44.7562,40.5072],[44.7522,40.5049],[44.7454,40.5051],[44.7419,40.5008]]}},{"type":"Feature","properties":{"waterway":"river","name":"Տավուշ"},"geometry":{"type":"LineString","coordinates":[[45.4287,40.9128],[45.453,40.9238],[45.4779,40.9317]]}},{"type":"Feature","properties":{"waterway":"river","name":"Փամբիջուր"},"geometry":{"type":"LineString","coordinates":[[44.151,40.7519],[44.1493,40.758],[44.1531,40.7649],[44.1508,40.7699],[44.1533,40.7763],[44.1687,40.7866],[44.1789,40.7889]]}},{"type":"Feature","properties":{"waterway":"river","name":"Փամբիջուր"},"geometry":{"type":"LineString","coordinates":[[44.2008,40.7946],[44.201,40.7947]]}},{"type":"Feature","properties":{"waterway":"river","name":"Քարաձոր"},"geometry":{"type":"LineString","coordinates":[[44.3304,40.8377],[44.3341,40.8355]]}},{"type":"Feature","properties":{"waterway":"river","name":"Քարաձոր"},"geometry":{"type":"LineString","coordinates":[[44.3303,40.8379],[44.3304,40.8377]]}},{"type":"Feature","properties":{"waterway":"river","name":"Ձորագետ"},"geometry":{"type":"LineString","coordinates":[[44.3777,41.0126],[44.3906,41.014],[44.4157,41.0061]]}},{"type":"Feature","properties":{"waterway":"canal","name":"Զեյթուն-Հաղթանակ 3-րդ աստիճանի ջրանցք"},"geometry":{"type":"LineString","coordinates":[[44.9016,41.2478],[44.9081,41.2464]]}},{"type":"Feature","properties":{"waterway":"canal","name":"Զեյթուն-Հաղթանակ 1-ին աստիճանի ջրանցք"},"geometry":{"type":"LineString","coordinates":[[44.884,41.2278],[44.8887,41.2303],[44.8908,41.2273]]}},{"type":"Feature","properties":{"waterway":"canal","name":"Զեյթուն-Հաղթանակ 2-րդ աստիճանի ջրանցք"},"geometry":{"type":"LineString","coordinates":[[44.8943,41.2369],[44.8898,41.2369]]}},{"type":"Feature","properties":{"waterway":"canal","name":"Զեյթուն-Հաղթանակ 2-րդ աստիճանի ջրանցք"},"geometry":{"type":"LineString","coordinates":[[44.8944,41.2369],[44.8947,41.2338]]}},{"type":"Feature","properties":{"waterway":"canal","name":null},"geometry":{"type":"LineString","coordinates":[[44.5805,40.9872],[44.584,40.988]]}},{"type":"Feature","properties":{"waterway":"canal","name":null},"geometry":{"type":"LineString","coordinates":[[44.5803,40.9872],[44.5805,40.9872]]}},{"type":"Feature","properties":{"waterway":"canal","name":null},"geometry":{"type":"LineString","coordinates":[[44.5876,40.9887],[44.5907,40.9906]]}},{"type":"Feature","properties":{"waterway":"canal","name":null},"geometry":{"type":"LineString","coordinates":[[44.5907,40.9906],[44.5907,40.9907]]}},{"type":"Feature","properties":{"waterway":"canal","name":null},"geometry":{"type":"LineString","coordinates":[[44.5907,40.9907],[44.5968,40.9924]]}},{"type":"Feature","properties":{"waterway":"canal","name":null},"geometry":{"type":"LineString","coordinates":[[44.5968,40.9924],[44.5969,40.9924]]}},{"type":"Feature","properties":{"waterway":"canal","name":null},"geometry":{"type":"LineString","coordinates":[[44.6086,41.0046],[44.6017,41.0144]]}},{"type":"Feature","properties":{"waterway":"canal","name":null},"geometry":{"type":"LineString","coordinates":[[44.6085,41.0045],[44.6086,41.0046]]}},{"type":"Feature","properties":{"waterway":"canal","name":"Զեյթուն-Հաղթանակ 3-րդ աստիճանի ջրանցք"},"geometry":{"type":"LineString","coordinates":[[44.8588,41.2659],[44.8561,41.2639],[44.8538,41.2664]]}},{"type":"Feature","properties":{"waterway":"river","name":"Շամփուր"},"geometry":{"type":"LineString","coordinates":[[45.5294,40.4228],[45.5215,40.4208],[45.5092,40.4047],[45.4987,40.3978],[45.4758,40.3959]]}},{"type":"Feature","properties":{"waterway":"river","name":"Շամփուր"},"geometry":{"type":"LineString","coordinates":[[45.4749,40.3959],[45.4706,40.3949]]}},{"type":"Feature","properties":{"waterway":"river","name":"Շամփուր"},"geometry":{"type":"LineString","coordinates":[[45.4751,40.3959],[45.4749,40.3959]]}},{"type":"Feature","properties":{"waterway":"river","name":"Շամփուր"},"geometry":{"type":"LineString","coordinates":[[45.4757,40.3959],[45.4751,40.3959]]}},{"type":"Feature","properties":{"waterway":"river","name":"Շամփուր"},"geometry":{"type":"LineString","coordinates":[[45.4758,40.3959],[45.4757,40.3959]]}},{"type":"Feature","properties":{"waterway":"canal","name":null},"geometry":{"type":"LineString","coordinates":[[44.8508,41.1634],[44.8546,41.1654],[44.8561,41.164],[44.8592,41.1677]]}},{"type":"Feature","properties":{"waterway":"canal","name":"Գառնի ջրանցք"},"geometry":{"type":"LineString","coordinates":[[44.7261,40.1295],[44.7213,40.1248],[44.7165,40.1266]]}},{"type":"Feature","properties":{"waterway":"canal","name":"Գառնի ջրանցք"},"geometry":{"type":"LineString","coordinates":[[44.713,40.1219],[44.7126,40.122]]}},{"type":"Feature","properties":{"waterway":"canal","name":"Գառնի ջրանցք"},"geometry":{"type":"LineString","coordinates":[[44.7164,40.1265],[44.713,40.1219]]}},{"type":"Feature","properties":{"waterway":"canal","name":"Գառնի ջրանցք"},"geometry":{"type":"LineString","coordinates":[[44.7165,40.1266],[44.7164,40.1265]]}},{"type":"Feature","properties":{"waterway":"canal","name":"Կապսի ջրանցք"},"geometry":{"type":"LineString","coordinates":[[43.8416,40.8768],[43.8423,40.8769]]}},{"type":"Feature","properties":{"waterway":"canal","name":"Կապսի ջրանցք"},"geometry":{"type":"LineString","coordinates":[[43.8399,40.876],[43.8407,40.8765]]}},{"type":"Feature","properties":{"waterway":"canal","name":"Կապսի ջրանցք"},"geometry":{"type":"LineString","coordinates":[[43.8258,40.8753],[43.826,40.8753]]}},{"type":"Feature","properties":{"waterway":"canal","name":"Կապսի ջրանցք"},"geometry":{"type":"LineString","coordinates":[[43.8195,40.8732],[43.8198,40.8733]]}},{"type":"Feature","properties":{"waterway":"canal","name":"Կապսի ջրանցք"},"geometry":{"type":"LineString","coordinates":[[43.8139,40.8739],[43.8142,40.8738]]}},{"type":"Feature","properties":{"waterway":"canal","name":"Կապսի ջրանցք"},"geometry":{"type":"LineString","coordinates":[[43.8039,40.8744],[43.8079,40.8736]]}},{"type":"Feature","properties":{"waterway":"canal","name":"Կապսի ջրանցք"},"geometry":{"type":"LineString","coordinates":[[43.7966,40.8751],[43.8034,40.8746]]}},{"type":"Feature","properties":{"waterway":"canal","name":"Կապսի ջրանցք"},"geometry":{"type":"LineString","coordinates":[[43.8034,40.8746],[43.8039,40.8744]]}},{"type":"Feature","properties":{"waterway":"canal","name":"Կապսի ջրանցք"},"geometry":{"type":"LineString","coordinates":[[43.8079,40.8736],[43.8081,40.8737]]}},{"type":"Feature","properties":{"waterway":"canal","name":"Կապսի ջրանցք"},"geometry":{"type":"LineString","coordinates":[[43.7963,40.8751],[43.7966,40.8751]]}},{"type":"Feature","properties":{"waterway":"canal","name":"Կապսի ջրանցք"},"geometry":{"type":"LineString","coordinates":[[43.7899,40.8749],[43.7906,40.8747]]}},{"type":"Feature","properties":{"waterway":"canal","name":"Կապսի ջրանցք"},"geometry":{"type":"LineString","coordinates":[[43.7874,40.8743],[43.7886,40.874]]}},{"type":"Feature","properties":{"waterway":"canal","name":"Կապսի ջրանցք"},"geometry":{"type":"LineString","coordinates":[[43.7827,40.8767],[43.7828,40.8766]]}},{"type":"Feature","properties":{"waterway":"canal","name":"Կապսի ջրանցք"},"geometry":{"type":"LineString","coordinates":[[43.7781,40.8773],[43.7796,40.8772]]}},{"type":"Feature","properties":{"waterway":"canal","name":"Կապսի ջրանցք"},"geometry":{"type":"LineString","coordinates":[[43.7711,40.8789],[43.7716,40.8789]]}},{"type":"Feature","properties":{"waterway":"canal","name":"Կապսի ջրանցք"},"geometry":{"type":"LineString","coordinates":[[43.7648,40.8797],[43.765,40.8795]]}},{"type":"Feature","properties":{"waterway":"canal","name":"Կապսի ջրանցք"},"geometry":{"type":"LineString","coordinates":[[43.7548,40.8839],[43.7554,40.8835]]}},{"type":"Feature","properties":{"waterway":"canal","name":"Կապսի ջրանցք"},"geometry":{"type":"LineString","coordinates":[[43.764,40.8809],[43.7643,40.8809]]}},{"type":"Feature","properties":{"waterway":"river","name":"Չիչկան"},"geometry":{"type":"LineString","coordinates":[[44.0484,40.919],[44.0714,40.9153],[44.0747,40.917]]}},{"type":"Feature","properties":{"waterway":"canal","name":"Չիչկան"},"geometry":{"type":"LineString","coordinates":[[44.0749,40.9171],[44.0751,40.9171]]}},{"type":"Feature","properties":{"waterway":"canal","name":"Զեյթուն-Հաղթանակ 3-րդ աստիճանի ջրանցք"},"geometry":{"type":"LineString","coordinates":[[44.914,41.2442],[44.9164,41.243]]}},{"type":"Feature","properties":{"waterway":"canal","name":"Զեյթուն-Հաղթանակ 3-րդ աստիճանի ջրանցք"},"geometry":{"type":"LineString","coordinates":[[44.9165,41.243],[44.9176,41.2433]]}},{"type":"Feature","properties":{"waterway":"canal","name":"Զեյթուն-Հաղթանակ 3-րդ աստիճանի ջրանցք"},"geometry":{"type":"LineString","coordinates":[[44.9164,41.243],[44.9165,41.243]]}},{"type":"Feature","properties":{"waterway":"canal","name":"Զեյթուն-Հաղթանակ 3-րդ աստիճանի ջրանցք"},"geometry":{"type":"LineString","coordinates":[[44.9084,41.2462],[44.9137,41.2443]]}},{"type":"Feature","properties":{"waterway":"canal","name":"Զեյթուն-Հաղթանակ 3-րդ աստիճանի ջրանցք"},"geometry":{"type":"LineString","coordinates":[[44.9081,41.2464],[44.9084,41.2462]]}},{"type":"Feature","properties":{"waterway":"canal","name":null},"geometry":{"type":"LineString","coordinates":[[43.9057,40.8101],[43.9057,40.81]]}},{"type":"Feature","properties":{"waterway":"canal","name":null},"geometry":{"type":"LineString","coordinates":[[43.9327,40.8268],[43.9326,40.8268]]}},{"type":"Feature","properties":{"waterway":"canal","name":null},"geometry":{"type":"LineString","coordinates":[[43.9263,40.8326],[43.9262,40.8325]]}},{"type":"Feature","properties":{"waterway":"canal","name":null},"geometry":{"type":"LineString","coordinates":[[43.9302,40.8363],[43.9301,40.8363]]}},{"type":"Feature","properties":{"waterway":"canal","name":"Շիրակամուտ"},"geometry":{"type":"LineString","coordinates":[[44.0417,40.8464],[44.0416,40.8464]]}},{"type":"Feature","properties":{"waterway":"canal","name":"Շիրակամուտ"},"geometry":{"type":"LineString","coordinates":[[44.0515,40.8324],[44.0645,40.8375],[44.0826,40.8335],[44.0873,40.8354],[44.0893,40.8342],[44.0877,40.8313],[44.0918,40.8288],[44.0881,40.8205],[44.0915,40.8174]]}},{"type":"Feature","properties":{"waterway":"canal","name":"Զեյթուն-Հաղթանակ 3-րդ աստիճանի ջրանցք"},"geometry":{"type":"LineString","coordinates":[[44.877,41.2616],[44.8744,41.264]]}},{"type":"Feature","properties":{"waterway":"canal","name":"Զեյթուն-Հաղթանակ 3-րդ աստիճանի ջրանցք"},"geometry":{"type":"LineString","coordinates":[[44.8723,41.2656],[44.8692,41.268],[44.867,41.2669]]}},{"type":"Feature","properties":{"waterway":"canal","name":"Զեյթուն-Հաղթանակ 3-րդ աստիճանի ջրանցք"},"geometry":{"type":"LineString","coordinates":[[44.8643,41.2657],[44.8615,41.2659]]}},{"type":"Feature","properties":{"waterway":"canal","name":"Զեյթուն-Հաղթանակ 3-րդ աստիճանի ջրանցք"},"geometry":{"type":"LineString","coordinates":[[44.8661,41.2669],[44.8644,41.2657]]}},{"type":"Feature","properties":{"waterway":"canal","name":"Զեյթուն-Հաղթանակ 3-րդ աստիճանի ջրանցք"},"geometry":{"type":"LineString","coordinates":[[44.8644,41.2657],[44.8643,41.2657]]}},{"type":"Feature","properties":{"waterway":"canal","name":"Զեյթուն-Հաղթանակ 3-րդ աստիճանի ջրանցք"},"geometry":{"type":"LineString","coordinates":[[44.8608,41.266],[44.8593,41.266]]}},{"type":"Feature","properties":{"waterway":"canal","name":"Զեյթուն-Հաղթանակ 2-րդ աստիճանի ջրանցք"},"geometry":{"type":"LineString","coordinates":[[44.9,41.2326],[44.9067,41.2302]]}},{"type":"Feature","properties":{"waterway":"canal","name":"Զեյթուն-Հաղթանակ 2-րդ աստիճանի ջրանցք"},"geometry":{"type":"LineString","coordinates":[[44.8949,41.2339],[44.8999,41.2325]]}},{"type":"Feature","properties":{"waterway":"canal","name":"Զեյթուն-Հաղթանակ 2-րդ աստիճանի ջրանցք"},"geometry":{"type":"LineString","coordinates":[[44.8999,41.2325],[44.9,41.2326]]}},{"type":"Feature","properties":{"waterway":"canal","name":"Զեյթուն-Հաղթանակ 1-ին աստիճանի ջրանցք"},"geometry":{"type":"LineString","coordinates":[[44.8837,41.228],[44.8792,41.2335],[44.8762,41.2353],[44.8733,41.2333],[44.8687,41.2376]]}},{"type":"Feature","properties":{"waterway":"canal","name":"Զեյթուն-Հաղթանակ 1-ին աստիճանի ջրանցք"},"geometry":{"type":"LineString","coordinates":[[44.8644,41.2447],[44.8637,41.2469],[44.8569,41.246],[44.8561,41.2484],[44.8519,41.2449]]}},{"type":"Feature","properties":{"waterway":"canal","name":"Զեյթուն-Հաղթանակ 1-ին աստիճանի ջրանցք"},"geometry":{"type":"LineString","coordinates":[[44.8647,41.2443],[44.8644,41.2447]]}},{"type":"Feature","properties":{"waterway":"canal","name":"Զեյթուն-Հաղթանակ 1-ին աստիճանի ջրանցք"},"geometry":{"type":"LineString","coordinates":[[44.8645,41.2432],[44.8647,41.2443]]}},{"type":"Feature","properties":{"waterway":"canal","name":"Զեյթուն-Հաղթանակ 1-ին աստիճանի ջրանցք"},"geometry":{"type":"LineString","coordinates":[[44.8646,41.2431],[44.8645,41.2432]]}},{"type":"Feature","properties":{"waterway":"canal","name":"Զեյթուն-Հաղթանակ 1-ին աստիճանի ջրանցք"},"geometry":{"type":"LineString","coordinates":[[44.8686,41.2377],[44.8663,41.2406],[44.8671,41.2433],[44.8646,41.2431]]}},{"type":"Feature","properties":{"waterway":"canal","name":"Զեյթուն-Հաղթանակ 1-ին աստիճանի ջրանցք"},"geometry":{"type":"LineString","coordinates":[[44.8687,41.2376],[44.8686,41.2377]]}},{"type":"Feature","properties":{"waterway":"canal","name":"Զեյթուն-Հաղթանակ 1-ին աստիճանի ջրանցք"},"geometry":{"type":"LineString","coordinates":[[44.8393,41.2486],[44.8266,41.2531],[44.8248,41.2592],[44.8263,41.2609],[44.8238,41.2608],[44.8228,41.2638]]}},{"type":"Feature","properties":{"waterway":"canal","name":"Զեյթուն-Հաղթանակ 1-ին աստիճանի ջրանցք"},"geometry":{"type":"LineString","coordinates":[[44.8394,41.2487],[44.8393,41.2486]]}},{"type":"Feature","properties":{"waterway":"canal","name":"Զեյթուն-Հաղթանակ 1-ին աստիճանի ջրանցք"},"geometry":{"type":"LineString","coordinates":[[44.8397,41.2487],[44.8394,41.2487]]}},{"type":"Feature","properties":{"waterway":"canal","name":"Զեյթուն-Հաղթանակ 1-ին աստիճանի ջրանցք"},"geometry":{"type":"LineString","coordinates":[[44.8398,41.2486],[44.8397,41.2487]]}},{"type":"Feature","properties":{"waterway":"canal","name":null},"geometry":{"type":"LineString","coordinates":[[44.8371,41.2412],[44.8313,41.243],[44.8301,41.246]]}},{"type":"Feature","properties":{"waterway":"canal","name":null},"geometry":{"type":"LineString","coordinates":[[44.8467,41.2369],[44.8435,41.2388],[44.8416,41.2367],[44.8366,41.2379],[44.8389,41.2395],[44.8372,41.2412]]}},{"type":"Feature","properties":{"waterway":"canal","name":"Զեյթուն-Հաղթանակ 3-րդ աստիճանի ջրանցք"},"geometry":{"type":"LineString","coordinates":[[44.9014,41.2478],[44.8985,41.2512]]}},{"type":"Feature","properties":{"waterway":"canal","name":"Զեյթուն-Հաղթանակ 3-րդ աստիճանի ջրանցք"},"geometry":{"type":"LineString","coordinates":[[44.8985,41.2513],[44.8956,41.2534],[44.8957,41.2566]]}},{"type":"Feature","properties":{"waterway":"canal","name":"Զեյթուն-Հաղթանակ 3-րդ աստիճանի ջրանցք"},"geometry":{"type":"LineString","coordinates":[[44.8985,41.2512],[44.8985,41.2513]]}},{"type":"Feature","properties":{"waterway":"canal","name":"Զեյթուն-Հաղթանակ 3-րդ աստիճանի ջրանցք"},"geometry":{"type":"LineString","coordinates":[[44.8957,41.2566],[44.8953,41.257]]}},{"type":"Feature","properties":{"waterway":"canal","name":"Զեյթուն-Հաղթանակ 3-րդ աստիճանի ջրանցք"},"geometry":{"type":"LineString","coordinates":[[44.8957,41.2566],[44.8957,41.2566]]}},{"type":"Feature","properties":{"waterway":"canal","name":"Զեյթուն-Հաղթանակ 2-րդ աստիճանի ջրանցք"},"geometry":{"type":"LineString","coordinates":[[44.8803,41.2432],[44.8783,41.2415]]}},{"type":"Feature","properties":{"waterway":"canal","name":"Զեյթուն-Հաղթանակ 2-րդ աստիճանի ջրանցք"},"geometry":{"type":"LineString","coordinates":[[44.8804,41.2432],[44.8803,41.2432]]}},{"type":"Feature","properties":{"waterway":"canal","name":"Զեյթուն-Հաղթանակ 1-ին աստիճանի ջրանցք"},"geometry":{"type":"LineString","coordinates":[[44.8457,41.2454],[44.8439,41.2443],[44.8398,41.2486]]}},{"type":"Feature","properties":{"waterway":"canal","name":"Զեյթուն-Հաղթանակ 1-ին աստիճանի ջրանցք"},"geometry":{"type":"LineString","coordinates":[[44.8519,41.2449],[44.8518,41.245]]}},{"type":"Feature","properties":{"waterway":"canal","name":"Զեյթուն-Հաղթանակ 2-րդ աստիճանի ջրանցք"},"geometry":{"type":"LineString","coordinates":[[44.8681,41.252],[44.8675,41.2536],[44.8657,41.2513]]}},{"type":"Feature","properties":{"waterway":"canal","name":"Զեյթուն-Հաղթանակ 2-րդ աստիճանի ջրանցք"},"geometry":{"type":"LineString","coordinates":[[44.8657,41.2513],[44.8657,41.2513]]}},{"type":"Feature","properties":{"waterway":"canal","name":"Զեյթուն-Հաղթանակ 2-րդ աստիճանի ջրանցք"},"geometry":{"type":"LineString","coordinates":[[44.874,41.2491],[44.8724,41.2496]]}},{"type":"Feature","properties":{"waterway":"canal","name":"Զեյթուն-Հաղթանակ 2-րդ աստիճանի ջրանցք"},"geometry":{"type":"LineString","coordinates":[[44.8724,41.2496],[44.8724,41.2496]]}},{"type":"Feature","properties":{"waterway":"river","name":null},"geometry":{"type":"LineString","coordinates":[[44.198,40.8567],[44.1979,40.8561]]}},{"type":"Feature","properties":{"waterway":"river","name":null},"geometry":{"type":"LineString","coordinates":[[44.198,40.8569],[44.198,40.8567]]}},{"type":"Feature","properties":{"waterway":"river","name":"Գոգարան"},"geometry":{"type":"LineString","coordinates":[[44.2189,40.8733],[44.2223,40.8613],[44.2199,40.859]]}},{"type":"Feature","properties":{"waterway":"river","name":"Գոգարան"},"geometry":{"type":"LineString","coordinates":[[44.2188,40.8734],[44.2189,40.8733]]}},{"type":"Feature","properties":{"waterway":"river","name":null},"geometry":{"type":"LineString","coordinates":[[44.1958,40.8871],[44.1958,40.8869]]}},{"type":"Feature","properties":{"waterway":"river","name":null},"geometry":{"type":"LineString","coordinates":[[44.1944,40.8903],[44.1958,40.8871]]}},{"type":"Feature","properties":{"waterway":"river","name":"Բազումթառ"},"geometry":{"type":"LineString","coordinates":[[44.4389,40.8693],[44.4388,40.8692]]}},{"type":"Feature","properties":{"waterway":"river","name":"Բազումթառ"},"geometry":{"type":"LineString","coordinates":[[44.4378,40.8728],[44.4389,40.8693]]}},{"type":"Feature","properties":{"waterway":"river","name":"Բազումթառ"},"geometry":{"type":"LineString","coordinates":[[44.4388,40.8692],[44.44,40.8611],[44.4476,40.8465],[44.4459,40.8434]]}},{"type":"Feature","properties":{"waterway":"river","name":"Բազումթառ"},"geometry":{"type":"LineString","coordinates":[[44.4376,40.8731],[44.4378,40.8728]]}},{"type":"Feature","properties":{"waterway":"river","name":"Բազումթառ"},"geometry":{"type":"LineString","coordinates":[[44.431,40.8981],[44.431,40.8979]]}},{"type":"Feature","properties":{"waterway":"river","name":"Բազումթառ"},"geometry":{"type":"LineString","coordinates":[[44.429,40.9012],[44.431,40.8981]]}},{"type":"Feature","properties":{"waterway":"river","name":"Բազումթառ"},"geometry":{"type":"LineString","coordinates":[[44.431,40.8979],[44.4334,40.8876],[44.4375,40.8834],[44.4376,40.8731]]}},{"type":"Feature","properties":{"waterway":"river","name":"Բազումթառ"},"geometry":{"type":"LineString","coordinates":[[44.4283,40.9014],[44.429,40.9012]]}},{"type":"Feature","properties":{"waterway":"river","name":"Արծվանիստ"},"geometry":{"type":"LineString","coordinates":[[45.5091,40.0487],[45.5039,40.0501],[45.4984,40.059],[45.5004,40.0653],[45.4994,40.0742],[45.4935,40.0817],[45.4987,40.0923],[45.506,40.0995],[45.5064,40.107],[45.5096,40.1074],[45.5131,40.1139],[45.5106,40.1171],[45.5139,40.1202],[45.5134,40.1232],[45.5096,40.1269],[45.5141,40.1352],[45.5091,40.1411],[45.5099,40.1464]]}},{"type":"Feature","properties":{"waterway":"river","name":null},"geometry":{"type":"LineString","coordinates":[[45.1641,40.4093],[45.1606,40.4095],[45.1599,40.419]]}},{"type":"Feature","properties":{"waterway":"canal","name":"Այրում - Ճոճկան ջրանցք"},"geometry":{"type":"LineString","coordinates":[[44.8498,41.1872],[44.8491,41.1904]]}},{"type":"Feature","properties":{"waterway":"canal","name":"Այրում - Ճոճկան ջրանցք"},"geometry":{"type":"LineString","coordinates":[[44.8459,41.1842],[44.8497,41.1871]]}},{"type":"Feature","properties":{"waterway":"canal","name":"Այրում - Ճոճկան ջրանցք"},"geometry":{"type":"LineString","coordinates":[[44.8497,41.1871],[44.8498,41.1872]]}},{"type":"Feature","properties":{"waterway":"river","name":null},"geometry":{"type":"LineString","coordinates":[[45.3909,40.9709],[45.3898,40.9745],[45.3918,40.977],[45.4138,40.9921],[45.4183,40.9991],[45.4563,41.0198]]}},{"type":"Feature","properties":{"waterway":"canal","name":null},"geometry":{"type":"LineString","coordinates":[[44.9523,40.5557],[44.9525,40.555]]}},{"type":"Feature","properties":{"waterway":"canal","name":null},"geometry":{"type":"LineString","coordinates":[[44.9523,40.556],[44.9523,40.5557]]}},{"type":"Feature","properties":{"waterway":"canal","name":null},"geometry":{"type":"LineString","coordinates":[[44.9513,40.5593],[44.9513,40.5591]]}},{"type":"Feature","properties":{"waterway":"canal","name":null},"geometry":{"type":"LineString","coordinates":[[44.9513,40.5591],[44.9513,40.559]]}},{"type":"Feature","properties":{"waterway":"canal","name":null},"geometry":{"type":"LineString","coordinates":[[44.9513,40.559],[44.9517,40.5581]]}},{"type":"Feature","properties":{"waterway":"canal","name":null},"geometry":{"type":"LineString","coordinates":[[44.9517,40.5581],[44.9517,40.558]]}},{"type":"Feature","properties":{"waterway":"canal","name":null},"geometry":{"type":"LineString","coordinates":[[45.6682,39.8413],[45.6665,39.8399]]}},{"type":"Feature","properties":{"waterway":"river","name":"Շողվակ"},"geometry":{"type":"LineString","coordinates":[[45.2183,40.1979],[45.2184,40.198]]}},{"type":"Feature","properties":{"waterway":"river","name":"Շողվակ"},"geometry":{"type":"LineString","coordinates":[[45.2115,40.189],[45.2183,40.1979]]}},{"type":"Feature","properties":{"waterway":"canal","name":null},"geometry":{"type":"LineString","coordinates":[[44.1937,40.1226],[44.1941,40.1224]]}},{"type":"Feature","properties":{"waterway":"canal","name":null},"geometry":{"type":"LineString","coordinates":[[44.1866,40.124],[44.1937,40.1226]]}},{"type":"Feature","properties":{"waterway":"canal","name":null},"geometry":{"type":"LineString","coordinates":[[44.1891,40.1245],[44.1863,40.1241]]}},{"type":"Feature","properties":{"waterway":"canal","name":null},"geometry":{"type":"LineString","coordinates":[[44.1892,40.1245],[44.1863,40.1241]]}},{"type":"Feature","properties":{"waterway":"river","name":"Կարճաղբյուր"},"geometry":{"type":"LineString","coordinates":[[45.5821,40.1663],[45.5821,40.1664]]}},{"type":"Feature","properties":{"waterway":"river","name":"Կարճաղբյուր"},"geometry":{"type":"LineString","coordinates":[[45.5847,40.1632],[45.5821,40.1663]]}},{"type":"Feature","properties":{"waterway":"river","name":"Կարճաղբյուր"},"geometry":{"type":"LineString","coordinates":[[45.5821,40.168],[45.5821,40.1681]]}},{"type":"Feature","properties":{"waterway":"river","name":"Կարճաղբյուր"},"geometry":{"type":"LineString","coordinates":[[45.5821,40.1664],[45.5821,40.168]]}},{"type":"Feature","properties":{"waterway":"river","name":"Կարճաղբյուր"},"geometry":{"type":"LineString","coordinates":[[45.5829,40.1744],[45.5831,40.1744]]}},{"type":"Feature","properties":{"waterway":"river","name":"Կարճաղբյուր"},"geometry":{"type":"LineString","coordinates":[[45.5821,40.1681],[45.5829,40.1744]]}},{"type":"Feature","properties":{"waterway":"river","name":"Կարճաղբյուր"},"geometry":{"type":"LineString","coordinates":[[45.5822,40.1792],[45.5806,40.1817]]}},{"type":"Feature","properties":{"waterway":"river","name":"Սոթք"},"geometry":{"type":"LineString","coordinates":[[45.8737,40.1984],[45.8736,40.1983]]}},{"type":"Feature","properties":{"waterway":"river","name":"Սոթք"},"geometry":{"type":"LineString","coordinates":[[45.8741,40.1983],[45.8737,40.1984]]}},{"type":"Feature","properties":{"waterway":"river","name":"Սոթք"},"geometry":{"type":"LineString","coordinates":[[45.8736,40.1983],[45.8709,40.1981]]}},{"type":"Feature","properties":{"waterway":"river","name":"Սոթք"},"geometry":{"type":"LineString","coordinates":[[45.8741,40.1982],[45.8741,40.1983]]}},{"type":"Feature","properties":{"waterway":"river","name":"Լուսակունք"},"geometry":{"type":"LineString","coordinates":[[45.7232,40.188],[45.7231,40.1882]]}},{"type":"Feature","properties":{"waterway":"river","name":"Լուսակունք"},"geometry":{"type":"LineString","coordinates":[[45.7241,40.1864],[45.7232,40.188]]}},{"type":"Feature","properties":{"waterway":"river","name":"Լուսակունք"},"geometry":{"type":"LineString","coordinates":[[45.7151,40.1941],[45.7065,40.1953]]}},{"type":"Feature","properties":{"waterway":"river","name":"Լուսակունք"},"geometry":{"type":"LineString","coordinates":[[45.7153,40.194],[45.7151,40.1941]]}},{"type":"Feature","properties":{"waterway":"river","name":"Տավուշ"},"geometry":{"type":"LineString","coordinates":[[45.3994,40.8743],[45.3964,40.8794],[45.3992,40.8853],[45.3989,40.8997],[45.4055,40.9063],[45.4284,40.9127]]}},{"type":"Feature","properties":{"waterway":"river","name":"Տավուշ"},"geometry":{"type":"LineString","coordinates":[[45.3996,40.8741],[45.3994,40.8743]]}},{"type":"Feature","properties":{"waterway":"river","name":"Կարճաղբյուր"},"geometry":{"type":"LineString","coordinates":[[45.5898,40.0354],[45.5923,40.0448],[45.6021,40.0615],[45.6026,40.0685],[45.6115,40.0782],[45.6122,40.0971],[45.6212,40.1119],[45.6211,40.1178],[45.6163,40.1203]]}},{"type":"Feature","properties":{"waterway":"river","name":"Կարճաղբյուր"},"geometry":{"type":"LineString","coordinates":[[45.6163,40.1203],[45.6161,40.1204]]}},{"type":"Feature","properties":{"waterway":"river","name":"Կարճաղբյուր"},"geometry":{"type":"LineString","coordinates":[[45.5848,40.1631],[45.5847,40.1632]]}},{"type":"Feature","properties":{"waterway":"river","name":"Կարճաղբյուր"},"geometry":{"type":"LineString","coordinates":[[45.6161,40.1204],[45.6151,40.1238],[45.6073,40.1277],[45.6098,40.1305],[45.6045,40.1498],[45.5984,40.1545],[45.5896,40.1566],[45.5848,40.1631]]}},{"type":"Feature","properties":{"waterway":"river","name":"Մասրիկ"},"geometry":{"type":"LineString","coordinates":[[45.8373,40.1111],[45.8373,40.1112]]}},{"type":"Feature","properties":{"waterway":"river","name":"Մասրիկ"},"geometry":{"type":"LineString","coordinates":[[45.8519,40.0762],[45.8478,40.0754],[45.8379,40.0799],[45.8352,40.0834],[45.836,40.0874],[45.8302,40.0951],[45.8394,40.1021],[45.8411,40.109],[45.8373,40.1111]]}},{"type":"Feature","properties":{"waterway":"river","name":"Հրազդան"},"geometry":{"type":"LineString","coordinates":[[44.9886,40.5528],[44.9709,40.5537]]}},{"type":"Feature","properties":{"waterway":"canal","name":null},"geometry":{"type":"LineString","coordinates":[[44.9709,40.5537],[44.9567,40.5517],[44.9071,40.5709]]}},{"type":"Feature","properties":{"waterway":"canal","name":null},"geometry":{"type":"LineString","coordinates":[[44.9071,40.5709],[44.8972,40.5676]]}},{"type":"Feature","properties":{"waterway":"river","name":"Հրազդան"},"geometry":{"type":"LineString","coordinates":[[44.5136,40.2286],[44.5135,40.2235],[44.508,40.2216],[44.5044,40.2168]]}},{"type":"Feature","properties":{"waterway":"river","name":"Հրազդան"},"geometry":{"type":"LineString","coordinates":[[44.504,40.2166],[44.5033,40.2163]]}},{"type":"Feature","properties":{"waterway":"canal","name":null},"geometry":{"type":"LineString","coordinates":[[44.5826,40.2762],[44.5777,40.2737]]}},{"type":"Feature","properties":{"waterway":"canal","name":null},"geometry":{"type":"LineString","coordinates":[[44.5838,40.2767],[44.5826,40.2762]]}},{"type":"Feature","properties":{"waterway":"canal","name":null},"geometry":{"type":"LineString","coordinates":[[44.4997,40.178],[44.4996,40.1779]]}},{"type":"Feature","properties":{"waterway":"canal","name":null},"geometry":{"type":"LineString","coordinates":[[44.4996,40.1779],[44.4994,40.1777]]}},{"type":"Feature","properties":{"waterway":"river","name":"Տանձուտ"},"geometry":{"type":"LineString","coordinates":[[44.4989,40.8043],[44.5003,40.8084],[44.4987,40.8133]]}},{"type":"Feature","properties":{"waterway":"river","name":"Փամբակ"},"geometry":{"type":"LineString","coordinates":[[45.5276,40.3788],[45.5241,40.3673]]}},{"type":"Feature","properties":{"waterway":"river","name":"Փամբակ"},"geometry":{"type":"LineString","coordinates":[[45.5277,40.3788],[45.5276,40.3788]]}},{"type":"Feature","properties":{"waterway":"canal","name":null},"geometry":{"type":"LineString","coordinates":[[45.1829,40.9815],[45.1847,40.9833]]}},{"type":"Feature","properties":{"waterway":"canal","name":null},"geometry":{"type":"LineString","coordinates":[[44.1863,40.2992],[44.1873,40.2958]]}},{"type":"Feature","properties":{"waterway":"canal","name":null},"geometry":{"type":"LineString","coordinates":[[44.1862,40.2993],[44.1863,40.2992]]}},{"type":"Feature","properties":{"waterway":"canal","name":null},"geometry":{"type":"LineString","coordinates":[[44.1862,40.2993],[44.1862,40.2993]]}},{"type":"Feature","properties":{"waterway":"canal","name":"Շիրակամուտ"},"geometry":{"type":"LineString","coordinates":[[44.1009,40.8596],[44.0901,40.8613]]}},{"type":"Feature","properties":{"waterway":"canal","name":"Շիրակամուտ"},"geometry":{"type":"LineString","coordinates":[[44.1118,40.8601],[44.1117,40.8601]]}},{"type":"Feature","properties":{"waterway":"canal","name":"Շիրակամուտ"},"geometry":{"type":"LineString","coordinates":[[44.1117,40.8601],[44.1011,40.8596]]}},{"type":"Feature","properties":{"waterway":"canal","name":"Շիրակամուտ"},"geometry":{"type":"LineString","coordinates":[[44.1011,40.8596],[44.1009,40.8596]]}},{"type":"Feature","properties":{"waterway":"canal","name":"Շիրակամուտ"},"geometry":{"type":"LineString","coordinates":[[44.0901,40.8613],[44.09,40.8612]]}},{"type":"Feature","properties":{"waterway":"canal","name":"Շիրակամուտ"},"geometry":{"type":"LineString","coordinates":[[44.09,40.8612],[44.0833,40.8625],[44.0776,40.8594]]}},{"type":"Feature","properties":{"waterway":"canal","name":null},"geometry":{"type":"LineString","coordinates":[[44.8939,41.2213],[44.8923,41.2218]]}},{"type":"Feature","properties":{"waterway":"canal","name":null},"geometry":{"type":"LineString","coordinates":[[44.8939,41.2213],[44.8939,41.2213]]}},{"type":"Feature","properties":{"waterway":"canal","name":null},"geometry":{"type":"LineString","coordinates":[[44.8633,41.2245],[44.8585,41.2242],[44.8512,41.2294]]}},{"type":"Feature","properties":{"waterway":"canal","name":null},"geometry":{"type":"LineString","coordinates":[[44.8745,41.22],[44.8677,41.2185],[44.8647,41.2233]]}},{"type":"Feature","properties":{"waterway":"canal","name":null},"geometry":{"type":"LineString","coordinates":[[44.8635,41.2246],[44.8633,41.2245]]}},{"type":"Feature","properties":{"waterway":"canal","name":null},"geometry":{"type":"LineString","coordinates":[[44.8646,41.2233],[44.8635,41.2246]]}},{"type":"Feature","properties":{"waterway":"canal","name":null},"geometry":{"type":"LineString","coordinates":[[44.8647,41.2233],[44.8646,41.2233]]}},{"type":"Feature","properties":{"waterway":"canal","name":null},"geometry":{"type":"LineString","coordinates":[[44.8866,41.222],[44.8763,41.2196]]}},{"type":"Feature","properties":{"waterway":"canal","name":null},"geometry":{"type":"LineString","coordinates":[[44.8763,41.2196],[44.8762,41.2197]]}},{"type":"Feature","properties":{"waterway":"canal","name":null},"geometry":{"type":"LineString","coordinates":[[44.8762,41.2197],[44.8751,41.22]]}},{"type":"Feature","properties":{"waterway":"canal","name":null},"geometry":{"type":"LineString","coordinates":[[44.8751,41.22],[44.8745,41.22]]}},{"type":"Feature","properties":{"waterway":"canal","name":null},"geometry":{"type":"LineString","coordinates":[[44.8881,41.222],[44.8867,41.222]]}},{"type":"Feature","properties":{"waterway":"canal","name":null},"geometry":{"type":"LineString","coordinates":[[44.8867,41.222],[44.8866,41.222]]}},{"type":"Feature","properties":{"waterway":"canal","name":"Զեյթուն-Հաղթանակ 1-ին աստիճանի ջրանցք"},"geometry":{"type":"LineString","coordinates":[[44.8518,41.245],[44.8501,41.2467],[44.8464,41.2437],[44.8458,41.2455]]}},{"type":"Feature","properties":{"waterway":"canal","name":"Զեյթուն-Հաղթանակ 1-ին աստիճանի ջրանցք"},"geometry":{"type":"LineString","coordinates":[[44.8458,41.2455],[44.8457,41.2454]]}},{"type":"Feature","properties":{"waterway":"canal","name":null},"geometry":{"type":"LineString","coordinates":[[43.6831,40.1593],[43.6642,40.1525]]}},{"type":"Feature","properties":{"waterway":"canal","name":null},"geometry":{"type":"LineString","coordinates":[[43.7304,40.1589],[43.7218,40.1544],[43.7174,40.1483],[43.7214,40.1364],[43.725,40.1357]]}},{"type":"Feature","properties":{"waterway":"canal","name":null},"geometry":{"type":"LineString","coordinates":[[43.7394,40.1954],[43.7323,40.1854]]}},{"type":"Feature","properties":{"waterway":"canal","name":null},"geometry":{"type":"LineString","coordinates":[[43.7296,40.1837],[43.7246,40.1797],[43.7289,40.1712]]}},{"type":"Feature","properties":{"waterway":"canal","name":null},"geometry":{"type":"LineString","coordinates":[[43.9233,40.0818],[43.9336,40.083]]}},{"type":"Feature","properties":{"waterway":"canal","name":null},"geometry":{"type":"LineString","coordinates":[[43.9336,40.083],[43.9337,40.083]]}},{"type":"Feature","properties":{"waterway":"canal","name":"Արտաշատի ջրանցք"},"geometry":{"type":"LineString","coordinates":[[44.5148,40.1356],[44.515,40.1346]]}},{"type":"Feature","properties":{"waterway":"canal","name":"Արտաշատի ջրանցք"},"geometry":{"type":"LineString","coordinates":[[44.5147,40.1357],[44.5148,40.1356]]}},{"type":"Feature","properties":{"waterway":"canal","name":null},"geometry":{"type":"LineString","coordinates":[[44.3704,40.2752],[44.3691,40.2755]]}},{"type":"Feature","properties":{"waterway":"canal","name":null},"geometry":{"type":"LineString","coordinates":[[44.3705,40.2753],[44.3704,40.2752]]}},{"type":"Feature","properties":{"waterway":"canal","name":null},"geometry":{"type":"LineString","coordinates":[[44.3733,40.2757],[44.3705,40.2753]]}},{"type":"Feature","properties":{"waterway":"canal","name":null},"geometry":{"type":"LineString","coordinates":[[44.3734,40.2757],[44.3733,40.2757]]}},{"type":"Feature","properties":{"waterway":"canal","name":"Դվին ջրանցք"},"geometry":{"type":"LineString","coordinates":[[44.5856,40.0445],[44.5861,40.0444]]}},{"type":"Feature","properties":{"waterway":"canal","name":"Դվին ջրանցք"},"geometry":{"type":"LineString","coordinates":[[44.5849,40.0452],[44.5856,40.0445]]}},{"type":"Feature","properties":{"waterway":"canal","name":"Դվին ջրանցք"},"geometry":{"type":"LineString","coordinates":[[44.5861,40.0444],[44.5861,40.0443]]}},{"type":"Feature","properties":{"waterway":"canal","name":"Դվին ջրանցք"},"geometry":{"type":"LineString","coordinates":[[44.584,40.0459],[44.5849,40.0452]]}},{"type":"Feature","properties":{"waterway":"river","name":null},"geometry":{"type":"LineString","coordinates":[[45.0442,39.8361],[45.0428,39.8304]]}},{"type":"Feature","properties":{"waterway":"river","name":null},"geometry":{"type":"LineString","coordinates":[[45.0444,39.8362],[45.0442,39.8361]]}},{"type":"Feature","properties":{"waterway":"river","name":null},"geometry":{"type":"LineString","coordinates":[[45.0512,39.8408],[45.0511,39.8406]]}},{"type":"Feature","properties":{"waterway":"river","name":null},"geometry":{"type":"LineString","coordinates":[[45.0534,39.8438],[45.0512,39.8408]]}},{"type":"Feature","properties":{"waterway":"canal","name":null},"geometry":{"type":"LineString","coordinates":[[43.7191,40.3357],[43.7271,40.3356],[43.7366,40.3399]]}},{"type":"Feature","properties":{"waterway":"canal","name":null},"geometry":{"type":"LineString","coordinates":[[43.7157,40.3355],[43.7189,40.3358]]}},{"type":"Feature","properties":{"waterway":"canal","name":null},"geometry":{"type":"LineString","coordinates":[[43.7189,40.3358],[43.7191,40.3357]]}},{"type":"Feature","properties":{"waterway":"canal","name":null},"geometry":{"type":"LineString","coordinates":[[44.4865,40.1666],[44.4865,40.1665]]}},{"type":"Feature","properties":{"waterway":"canal","name":null},"geometry":{"type":"LineString","coordinates":[[44.6231,40.3827],[44.6228,40.3827]]}},{"type":"Feature","properties":{"waterway":"canal","name":null},"geometry":{"type":"LineString","coordinates":[[44.6211,40.3829],[44.6207,40.383]]}},{"type":"Feature","properties":{"waterway":"canal","name":null},"geometry":{"type":"LineString","coordinates":[[44.1564,40.256],[44.1563,40.255]]}},{"type":"Feature","properties":{"waterway":"canal","name":null},"geometry":{"type":"LineString","coordinates":[[44.1529,40.2621],[44.153,40.2621]]}},{"type":"Feature","properties":{"waterway":"canal","name":null},"geometry":{"type":"LineString","coordinates":[[44.1529,40.2622],[44.1529,40.2621]]}},{"type":"Feature","properties":{"waterway":"canal","name":null},"geometry":{"type":"LineString","coordinates":[[44.153,40.2621],[44.1566,40.2598],[44.1564,40.256]]}},{"type":"Feature","properties":{"waterway":"river","name":null},"geometry":{"type":"LineString","coordinates":[[44.6301,41.0864],[44.6319,41.0854]]}},{"type":"Feature","properties":{"waterway":"river","name":null},"geometry":{"type":"LineString","coordinates":[[44.63,41.0864],[44.6301,41.0864]]}},{"type":"Feature","properties":{"waterway":"river","name":null},"geometry":{"type":"LineString","coordinates":[[44.632,41.0853],[44.6328,41.0847]]}},{"type":"Feature","properties":{"waterway":"river","name":null},"geometry":{"type":"LineString","coordinates":[[44.6319,41.0854],[44.632,41.0853]]}},{"type":"Feature","properties":{"waterway":"river","name":"Բերդաջուր"},"geometry":{"type":"LineString","coordinates":[[44.7441,41.1168],[44.744,41.1172]]}},{"type":"Feature","properties":{"waterway":"river","name":"Բերդաջուր"},"geometry":{"type":"LineString","coordinates":[[44.7441,41.1164],[44.7441,41.1168]]}},{"type":"Feature","properties":{"waterway":"canal","name":null},"geometry":{"type":"LineString","coordinates":[[44.0901,40.1515],[44.09,40.1515]]}},{"type":"Feature","properties":{"waterway":"canal","name":null},"geometry":{"type":"LineString","coordinates":[[44.1092,40.1528],[44.1048,40.1506],[44.0901,40.1515]]}},{"type":"Feature","properties":{"waterway":"river","name":"Ողջաբերդ"},"geometry":{"type":"LineString","coordinates":[[44.5459,40.144],[44.5429,40.1434]]}},{"type":"Feature","properties":{"waterway":"river","name":"Ողջաբերդ"},"geometry":{"type":"LineString","coordinates":[[44.5568,40.1467],[44.5499,40.1451]]}},{"type":"Feature","properties":{"waterway":"river","name":"Հրազդան"},"geometry":{"type":"LineString","coordinates":[[44.4944,40.158],[44.487,40.1599],[44.4894,40.1638],[44.4862,40.1662],[44.481,40.1598],[44.4724,40.1571]]}},{"type":"Feature","properties":{"waterway":"canal","name":null},"geometry":{"type":"LineString","coordinates":[[44.4239,40.3814],[44.4238,40.3813]]}},{"type":"Feature","properties":{"waterway":"canal","name":null},"geometry":{"type":"LineString","coordinates":[[44.4239,40.3815],[44.4239,40.3814]]}},{"type":"Feature","properties":{"waterway":"canal","name":null},"geometry":{"type":"LineString","coordinates":[[44.5837,40.0582],[44.5839,40.0582]]}},{"type":"Feature","properties":{"waterway":"canal","name":"Այրում - Ճոճկան ջրանցք"},"geometry":{"type":"LineString","coordinates":[[44.8489,41.1906],[44.8498,41.1944],[44.8524,41.1945]]}},{"type":"Feature","properties":{"waterway":"canal","name":"Այրում - Ճոճկան ջրանցք"},"geometry":{"type":"LineString","coordinates":[[44.8524,41.1947],[44.8535,41.2015]]}},{"type":"Feature","properties":{"waterway":"canal","name":"Այրում - Ճոճկան ջրանցք"},"geometry":{"type":"LineString","coordinates":[[44.8524,41.1945],[44.8524,41.1947]]}},{"type":"Feature","properties":{"waterway":"canal","name":"Այրում - Ճոճկան ջրանցք"},"geometry":{"type":"LineString","coordinates":[[44.8535,41.2016],[44.8522,41.2041],[44.8561,41.2058]]}},{"type":"Feature","properties":{"waterway":"canal","name":"Այրում - Ճոճկան ջրանցք"},"geometry":{"type":"LineString","coordinates":[[44.8535,41.2015],[44.8535,41.2016]]}},{"type":"Feature","properties":{"waterway":"canal","name":"Այրում - Ճոճկան ջրանցք"},"geometry":{"type":"LineString","coordinates":[[44.8158,41.1629],[44.8156,41.1683]]}},{"type":"Feature","properties":{"waterway":"canal","name":"Այրում - Ճոճկան ջրանցք"},"geometry":{"type":"LineString","coordinates":[[44.8007,41.1529],[44.8073,41.1557]]}},{"type":"Feature","properties":{"waterway":"canal","name":"Այրում - Ճոճկան ջրանցք"},"geometry":{"type":"LineString","coordinates":[[44.8128,41.1582],[44.8129,41.1582]]}},{"type":"Feature","properties":{"waterway":"canal","name":"Այրում - Ճոճկան ջրանցք"},"geometry":{"type":"LineString","coordinates":[[44.8412,41.1805],[44.8457,41.1839]]}},{"type":"Feature","properties":{"waterway":"canal","name":"Այրում - Ճոճկան ջրանցք"},"geometry":{"type":"LineString","coordinates":[[44.8129,41.1582],[44.8159,41.1628]]}},{"type":"Feature","properties":{"waterway":"canal","name":"Այրում - Ճոճկան ջրանցք"},"geometry":{"type":"LineString","coordinates":[[44.8159,41.1628],[44.8158,41.1629]]}},{"type":"Feature","properties":{"waterway":"canal","name":"Այրում - Ճոճկան ջրանցք"},"geometry":{"type":"LineString","coordinates":[[44.8074,41.1558],[44.8128,41.1582]]}},{"type":"Feature","properties":{"waterway":"canal","name":"Այրում - Ճոճկան ջրանցք"},"geometry":{"type":"LineString","coordinates":[[44.8073,41.1557],[44.8074,41.1558]]}},{"type":"Feature","properties":{"waterway":"canal","name":null},"geometry":{"type":"LineString","coordinates":[[44.8018,41.1575],[44.8078,41.159],[44.8069,41.1613],[44.8101,41.1668]]}},{"type":"Feature","properties":{"waterway":"river","name":"Չիչկան"},"geometry":{"type":"LineString","coordinates":[[44.0806,40.9146],[44.0834,40.9154]]}},{"type":"Feature","properties":{"waterway":"canal","name":"Չիչկան"},"geometry":{"type":"LineString","coordinates":[[44.0747,40.917],[44.0749,40.9171]]}},{"type":"Feature","properties":{"waterway":"canal","name":"Չիչկան"},"geometry":{"type":"LineString","coordinates":[[44.0751,40.9171],[44.0762,40.9167]]}},{"type":"Feature","properties":{"waterway":"canal","name":null},"geometry":{"type":"LineString","coordinates":[[44.0932,40.306],[44.092,40.3047]]}},{"type":"Feature","properties":{"waterway":"canal","name":null},"geometry":{"type":"LineString","coordinates":[[44.1225,40.304],[44.1282,40.3]]}},{"type":"Feature","properties":{"waterway":"canal","name":null},"geometry":{"type":"LineString","coordinates":[[44.5069,40.5796],[44.4923,40.5774]]}},{"type":"Feature","properties":{"waterway":"canal","name":"Փարաքար ջրանցք"},"geometry":{"type":"LineString","coordinates":[[44.4295,40.1616],[44.4303,40.1618]]}},{"type":"Feature","properties":{"waterway":"canal","name":"Փարաքար ջրանցք"},"geometry":{"type":"LineString","coordinates":[[44.4294,40.1615],[44.4295,40.1616]]}},{"type":"Feature","properties":{"waterway":"river","name":"Արագետ"},"geometry":{"type":"LineString","coordinates":[[44.528,40.4414],[44.5308,40.4391],[44.5289,40.4263]]}},{"type":"Feature","properties":{"waterway":"river","name":"Արագետ"},"geometry":{"type":"LineString","coordinates":[[44.5261,40.4492],[44.528,40.4414]]}},{"type":"Feature","properties":{"waterway":"river","name":"Հրազդան"},"geometry":{"type":"LineString","coordinates":[[44.6071,40.38],[44.6044,40.3726],[44.6014,40.3718],[44.6034,40.368],[44.6009,40.361],[44.6034,40.3505],[44.5877,40.3332],[44.5863,40.3198]]}},{"type":"Feature","properties":{"waterway":"river","name":"Խոսրով"},"geometry":{"type":"LineString","coordinates":[[44.8747,39.9518],[44.8748,39.9515]]}},{"type":"Feature","properties":{"waterway":"river","name":"Խոսրով"},"geometry":{"type":"LineString","coordinates":[[44.8746,39.9519],[44.8747,39.9518]]}},{"type":"Feature","properties":{"waterway":"canal","name":null},"geometry":{"type":"LineString","coordinates":[[43.7647,40.7676],[43.7644,40.7633],[43.7688,40.7592]]}},{"type":"Feature","properties":{"waterway":"canal","name":null},"geometry":{"type":"LineString","coordinates":[[43.7647,40.7677],[43.7647,40.7676]]}},{"type":"Feature","properties":{"waterway":"river","name":"Ամբերդ"},"geometry":{"type":"LineString","coordinates":[[44.2338,40.3859],[44.2346,40.3859]]}},{"type":"Feature","properties":{"waterway":"canal","name":"Ամբերդ"},"geometry":{"type":"LineString","coordinates":[[44.2346,40.3859],[44.2355,40.3856]]}},{"type":"Feature","properties":{"waterway":"canal","name":null},"geometry":{"type":"LineString","coordinates":[[43.8582,40.1319],[43.8518,40.1273],[43.8471,40.1186]]}},{"type":"Feature","properties":{"waterway":"canal","name":null},"geometry":{"type":"LineString","coordinates":[[43.8964,40.1735],[43.9165,40.1729]]}},{"type":"Feature","properties":{"waterway":"canal","name":null},"geometry":{"type":"LineString","coordinates":[[43.8962,40.1735],[43.8964,40.1735]]}},{"type":"Feature","properties":{"waterway":"canal","name":null},"geometry":{"type":"LineString","coordinates":[[43.874,40.1654],[43.9046,40.1524]]}},{"type":"Feature","properties":{"waterway":"canal","name":null},"geometry":{"type":"LineString","coordinates":[[43.8636,40.1712],[43.8636,40.1711]]}},{"type":"Feature","properties":{"waterway":"canal","name":null},"geometry":{"type":"LineString","coordinates":[[43.8635,40.1712],[43.8636,40.1712]]}},{"type":"Feature","properties":{"waterway":"canal","name":null},"geometry":{"type":"LineString","coordinates":[[43.8636,40.1711],[43.8686,40.1653]]}},{"type":"Feature","properties":{"waterway":"canal","name":null},"geometry":{"type":"LineString","coordinates":[[43.8686,40.1653],[43.8688,40.1653]]}},{"type":"Feature","properties":{"waterway":"canal","name":null},"geometry":{"type":"LineString","coordinates":[[43.8688,40.1653],[43.871,40.1649]]}},{"type":"Feature","properties":{"waterway":"canal","name":null},"geometry":{"type":"LineString","coordinates":[[43.871,40.1649],[43.8712,40.1649]]}},{"type":"Feature","properties":{"waterway":"canal","name":null},"geometry":{"type":"LineString","coordinates":[[43.8712,40.1649],[43.8739,40.1653]]}},{"type":"Feature","properties":{"waterway":"canal","name":null},"geometry":{"type":"LineString","coordinates":[[43.8739,40.1653],[43.874,40.1654]]}},{"type":"Feature","properties":{"waterway":"river","name":"Կարկաչան"},"geometry":{"type":"LineString","coordinates":[[43.8258,40.7031],[43.817,40.7099]]}},{"type":"Feature","properties":{"waterway":"river","name":"Կարկաչան"},"geometry":{"type":"LineString","coordinates":[[43.817,40.7099],[43.8169,40.71]]}},{"type":"Feature","properties":{"waterway":"canal","name":"Ստորին Հրազդանի ջրանցք"},"geometry":{"type":"LineString","coordinates":[[44.4908,40.1718],[44.4848,40.1701]]}},{"type":"Feature","properties":{"waterway":"canal","name":"Ստորին Հրազդանի ջրանցք"},"geometry":{"type":"LineString","coordinates":[[44.4848,40.1701],[44.4845,40.17]]}},{"type":"Feature","properties":{"waterway":"canal","name":null},"geometry":{"type":"LineString","coordinates":[[43.79,40.1661],[43.7941,40.1677],[43.7972,40.1729]]}},{"type":"Feature","properties":{"waterway":"canal","name":null},"geometry":{"type":"LineString","coordinates":[[43.7972,40.1729],[43.7973,40.1729]]}},{"type":"Feature","properties":{"waterway":"canal","name":null},"geometry":{"type":"LineString","coordinates":[[43.8226,40.1665],[43.829,40.1705]]}},{"type":"Feature","properties":{"waterway":"canal","name":null},"geometry":{"type":"LineString","coordinates":[[43.8166,40.1649],[43.8166,40.1648]]}},{"type":"Feature","properties":{"waterway":"canal","name":null},"geometry":{"type":"LineString","coordinates":[[43.8166,40.1648],[43.8225,40.1665]]}},{"type":"Feature","properties":{"waterway":"canal","name":null},"geometry":{"type":"LineString","coordinates":[[43.8225,40.1665],[43.8226,40.1665]]}},{"type":"Feature","properties":{"waterway":"canal","name":null},"geometry":{"type":"LineString","coordinates":[[43.8167,40.1642],[43.8089,40.1618],[43.8077,40.1574]]}},{"type":"Feature","properties":{"waterway":"canal","name":null},"geometry":{"type":"LineString","coordinates":[[43.8076,40.1573],[43.805,40.1492]]}},{"type":"Feature","properties":{"waterway":"canal","name":null},"geometry":{"type":"LineString","coordinates":[[43.8077,40.1574],[43.8076,40.1573]]}},{"type":"Feature","properties":{"waterway":"canal","name":null},"geometry":{"type":"LineString","coordinates":[[43.8143,40.1592],[43.8192,40.1477]]}},{"type":"Feature","properties":{"waterway":"canal","name":null},"geometry":{"type":"LineString","coordinates":[[43.8122,40.1628],[43.8142,40.1592]]}},{"type":"Feature","properties":{"waterway":"canal","name":null},"geometry":{"type":"LineString","coordinates":[[43.8142,40.1592],[43.8143,40.1592]]}},{"type":"Feature","properties":{"waterway":"river","name":"Աղստև"},"geometry":{"type":"LineString","coordinates":[[44.8671,40.7403],[44.8803,40.755],[44.9115,40.76],[44.922,40.7684],[44.9234,40.7751],[44.9323,40.7777]]}},{"type":"Feature","properties":{"waterway":"canal","name":null},"geometry":{"type":"LineString","coordinates":[[44.2789,40.2889],[44.2812,40.2836]]}},{"type":"Feature","properties":{"waterway":"river","name":"Աճանան"},"geometry":{"type":"LineString","coordinates":[[46.4308,39.2303],[46.4442,39.2214],[46.4437,39.218],[46.4477,39.2127],[46.458,39.2051],[46.4681,39.2013],[46.4673,39.1983]]}},{"type":"Feature","properties":{"waterway":"river","name":"Աճանան"},"geometry":{"type":"LineString","coordinates":[[46.4307,39.2303],[46.4308,39.2303]]}},{"type":"Feature","properties":{"waterway":"river","name":"Աճանան"},"geometry":{"type":"LineString","coordinates":[[46.4271,39.2331],[46.4307,39.2303]]}},{"type":"Feature","properties":{"waterway":"river","name":"Աճանան"},"geometry":{"type":"LineString","coordinates":[[46.427,39.2332],[46.4271,39.2331]]}},{"type":"Feature","properties":{"waterway":"river","name":"Հրազդան"},"geometry":{"type":"LineString","coordinates":[[44.4808,40.1935],[44.4844,40.1911]]}},{"type":"Feature","properties":{"waterway":"river","name":"Հրազդան"},"geometry":{"type":"LineString","coordinates":[[44.4844,40.1911],[44.4846,40.1911]]}},{"type":"Feature","properties":{"waterway":"river","name":"Լիճք"},"geometry":{"type":"LineString","coordinates":[[45.2414,40.1605],[45.2416,40.1648]]}},{"type":"Feature","properties":{"waterway":"river","name":"Լիճք"},"geometry":{"type":"LineString","coordinates":[[45.2417,40.1649],[45.2427,40.1658]]}},{"type":"Feature","properties":{"waterway":"river","name":"Լիճք"},"geometry":{"type":"LineString","coordinates":[[45.2416,40.1648],[45.2417,40.1649]]}},{"type":"Feature","properties":{"waterway":"river","name":"Լիճք"},"geometry":{"type":"LineString","coordinates":[[45.2428,40.166],[45.2431,40.1665]]}},{"type":"Feature","properties":{"waterway":"river","name":"Լիճք"},"geometry":{"type":"LineString","coordinates":[[45.2427,40.1658],[45.2428,40.166]]}},{"type":"Feature","properties":{"waterway":"river","name":"Լիճք"},"geometry":{"type":"LineString","coordinates":[[45.2443,40.1568],[45.2413,40.1604]]}},{"type":"Feature","properties":{"waterway":"river","name":"Լիճք"},"geometry":{"type":"LineString","coordinates":[[45.2413,40.1604],[45.2414,40.1605]]}},{"type":"Feature","properties":{"waterway":"river","name":"Ձորագյուղ"},"geometry":{"type":"LineString","coordinates":[[45.1852,40.1702],[45.1996,40.1733]]}},{"type":"Feature","properties":{"waterway":"river","name":"Ձորագյուղ"},"geometry":{"type":"LineString","coordinates":[[45.1996,40.1733],[45.1997,40.1734]]}},{"type":"Feature","properties":{"waterway":"river","name":"Ձորագյուղ"},"geometry":{"type":"LineString","coordinates":[[45.1997,40.1734],[45.2043,40.1777]]}},{"type":"Feature","properties":{"waterway":"river","name":"Ձորագյուղ"},"geometry":{"type":"LineString","coordinates":[[45.2043,40.1777],[45.2044,40.1778]]}},{"type":"Feature","properties":{"waterway":"river","name":"Ձորագյուղ"},"geometry":{"type":"LineString","coordinates":[[45.1451,40.1834],[45.1603,40.1732],[45.1722,40.1744],[45.1776,40.1716]]}},{"type":"Feature","properties":{"waterway":"river","name":"Որդնավ"},"geometry":{"type":"LineString","coordinates":[[44.2209,40.7845],[44.2185,40.803],[44.2217,40.8065]]}},{"type":"Feature","properties":{"waterway":"river","name":"Որդնավ"},"geometry":{"type":"LineString","coordinates":[[44.224,40.7759],[44.2228,40.779]]}},{"type":"Feature","properties":{"waterway":"river","name":"Որդնավ"},"geometry":{"type":"LineString","coordinates":[[44.2208,40.7844],[44.2209,40.7845]]}},{"type":"Feature","properties":{"waterway":"river","name":"Որդնավ"},"geometry":{"type":"LineString","coordinates":[[44.2212,40.782],[44.2208,40.7844]]}},{"type":"Feature","properties":{"waterway":"river","name":"Որդնավ"},"geometry":{"type":"LineString","coordinates":[[44.2213,40.7819],[44.2212,40.782]]}},{"type":"Feature","properties":{"waterway":"river","name":"Արծվանիստ"},"geometry":{"type":"LineString","coordinates":[[45.5101,40.1471],[45.5104,40.1478]]}},{"type":"Feature","properties":{"waterway":"river","name":"Արծվանիստ"},"geometry":{"type":"LineString","coordinates":[[45.5099,40.1464],[45.51,40.1465]]}},{"type":"Feature","properties":{"waterway":"river","name":"Արծվանիստ"},"geometry":{"type":"LineString","coordinates":[[45.5104,40.1478],[45.5107,40.1481]]}},{"type":"Feature","properties":{"waterway":"river","name":"Արծվանիստ"},"geometry":{"type":"LineString","coordinates":[[45.51,40.1465],[45.5101,40.147]]}},{"type":"Feature","properties":{"waterway":"river","name":"Արծվանիստ"},"geometry":{"type":"LineString","coordinates":[[45.5101,40.147],[45.5101,40.1471]]}},{"type":"Feature","properties":{"waterway":"river","name":"Գոշ"},"geometry":{"type":"LineString","coordinates":[[45.0261,40.7415],[45.0268,40.7418]]}},{"type":"Feature","properties":{"waterway":"river","name":"Գոշ"},"geometry":{"type":"LineString","coordinates":[[45.0252,40.7413],[45.0253,40.7413]]}},{"type":"Feature","properties":{"waterway":"river","name":"Գոշ"},"geometry":{"type":"LineString","coordinates":[[45.0253,40.7413],[45.0259,40.7415]]}},{"type":"Feature","properties":{"waterway":"river","name":"Գոշ"},"geometry":{"type":"LineString","coordinates":[[45.0259,40.7415],[45.0261,40.7415]]}},{"type":"Feature","properties":{"waterway":"canal","name":null},"geometry":{"type":"LineString","coordinates":[[45.7279,40.1605],[45.7344,40.1616],[45.7361,40.1665]]}},{"type":"Feature","properties":{"waterway":"canal","name":null},"geometry":{"type":"LineString","coordinates":[[45.7363,40.1682],[45.7435,40.1737]]}},{"type":"Feature","properties":{"waterway":"canal","name":null},"geometry":{"type":"LineString","coordinates":[[45.7361,40.1665],[45.7361,40.1667]]}},{"type":"Feature","properties":{"waterway":"canal","name":null},"geometry":{"type":"LineString","coordinates":[[45.7361,40.1667],[45.7362,40.1681]]}},{"type":"Feature","properties":{"waterway":"canal","name":null},"geometry":{"type":"LineString","coordinates":[[45.7362,40.1681],[45.7363,40.1682]]}},{"type":"Feature","properties":{"waterway":"canal","name":null},"geometry":{"type":"LineString","coordinates":[[45.7465,40.1777],[45.7565,40.1829],[45.7743,40.1838],[45.7739,40.1854]]}},{"type":"Feature","properties":{"waterway":"canal","name":null},"geometry":{"type":"LineString","coordinates":[[45.7435,40.1737],[45.7436,40.1738]]}},{"type":"Feature","properties":{"waterway":"canal","name":null},"geometry":{"type":"LineString","coordinates":[[45.7436,40.1738],[45.7464,40.1776]]}},{"type":"Feature","properties":{"waterway":"canal","name":null},"geometry":{"type":"LineString","coordinates":[[45.7464,40.1776],[45.7465,40.1777]]}},{"type":"Feature","properties":{"waterway":"canal","name":null},"geometry":{"type":"LineString","coordinates":[[45.7738,40.1855],[45.7779,40.1883]]}},{"type":"Feature","properties":{"waterway":"canal","name":null},"geometry":{"type":"LineString","coordinates":[[45.7739,40.1854],[45.7738,40.1855]]}},{"type":"Feature","properties":{"waterway":"river","name":"Աղբերք"},"geometry":{"type":"LineString","coordinates":[[45.2205,40.5342],[45.2169,40.5321]]}},{"type":"Feature","properties":{"waterway":"river","name":"Աղբերք"},"geometry":{"type":"LineString","coordinates":[[45.2208,40.5343],[45.2205,40.5342]]}},{"type":"Feature","properties":{"waterway":"river","name":"Աղբերք"},"geometry":{"type":"LineString","coordinates":[[45.2209,40.5344],[45.2208,40.5343]]}},{"type":"Feature","properties":{"waterway":"river","name":"Աղբերք"},"geometry":{"type":"LineString","coordinates":[[45.2211,40.5345],[45.2209,40.5344]]}},{"type":"Feature","properties":{"waterway":"canal","name":null},"geometry":{"type":"LineString","coordinates":[[45.0554,39.846],[45.0551,39.8455]]}},{"type":"Feature","properties":{"waterway":"canal","name":null},"geometry":{"type":"LineString","coordinates":[[45.0556,39.8465],[45.0554,39.846]]}},{"type":"Feature","properties":{"waterway":"canal","name":null},"geometry":{"type":"LineString","coordinates":[[44.397,40.1174],[44.3948,40.1174]]}},{"type":"Feature","properties":{"waterway":"canal","name":null},"geometry":{"type":"LineString","coordinates":[[44.3987,40.1219],[44.3979,40.1199]]}},{"type":"Feature","properties":{"waterway":"canal","name":null},"geometry":{"type":"LineString","coordinates":[[44.3979,40.1199],[44.3977,40.1191]]}},{"type":"Feature","properties":{"waterway":"canal","name":null},"geometry":{"type":"LineString","coordinates":[[44.3977,40.1191],[44.3976,40.119]]}},{"type":"Feature","properties":{"waterway":"canal","name":null},"geometry":{"type":"LineString","coordinates":[[44.3947,40.1174],[44.3922,40.1173]]}},{"type":"Feature","properties":{"waterway":"canal","name":null},"geometry":{"type":"LineString","coordinates":[[44.3948,40.1174],[44.3947,40.1174]]}},{"type":"Feature","properties":{"waterway":"canal","name":null},"geometry":{"type":"LineString","coordinates":[[44.3976,40.119],[44.3971,40.1175]]}},{"type":"Feature","properties":{"waterway":"canal","name":null},"geometry":{"type":"LineString","coordinates":[[44.3971,40.1175],[44.397,40.1174]]}},{"type":"Feature","properties":{"waterway":"river","name":"Գետիկ"},"geometry":{"type":"LineString","coordinates":[[45.019,40.7622],[45.0186,40.7636]]}},{"type":"Feature","properties":{"waterway":"canal","name":"Ստորին Հրազդանի ջրանցք"},"geometry":{"type":"LineString","coordinates":[[44.4323,40.1873],[44.4265,40.1895]]}},{"type":"Feature","properties":{"waterway":"canal","name":"Ստորին Հրազդանի ջրանցք"},"geometry":{"type":"LineString","coordinates":[[44.4488,40.1846],[44.4441,40.1859]]}},{"type":"Feature","properties":{"waterway":"river","name":"Բարեբեր"},"geometry":{"type":"LineString","coordinates":[[45.1156,40.6704],[45.1194,40.6818],[45.1279,40.6835],[45.1287,40.6868]]}},{"type":"Feature","properties":{"waterway":"river","name":"Բարեբեր"},"geometry":{"type":"LineString","coordinates":[[45.1156,40.6702],[45.1156,40.6704]]}},{"type":"Feature","properties":{"waterway":"river","name":"Բարեբեր"},"geometry":{"type":"LineString","coordinates":[[45.1287,40.6868],[45.129,40.6869]]}},{"type":"Feature","properties":{"waterway":"river","name":"Բարեբեր"},"geometry":{"type":"LineString","coordinates":[[45.129,40.6869],[45.1295,40.687]]}},{"type":"Feature","properties":{"waterway":"canal","name":null},"geometry":{"type":"LineString","coordinates":[[44.3975,40.216],[44.3979,40.2148]]}},{"type":"Feature","properties":{"waterway":"river","name":"Ուրթիջուր"},"geometry":{"type":"LineString","coordinates":[[45.1575,40.8495],[45.153,40.856],[45.1537,40.8599],[45.1569,40.8618],[45.1586,40.8702],[45.1435,40.8736]]}},{"type":"Feature","properties":{"waterway":"river","name":"Օձիձոր"},"geometry":{"type":"LineString","coordinates":[[44.2774,40.8317],[44.2774,40.8314]]}},{"type":"Feature","properties":{"waterway":"river","name":"Օձիձոր"},"geometry":{"type":"LineString","coordinates":[[44.2775,40.8319],[44.2774,40.8317]]}},{"type":"Feature","properties":{"waterway":"river","name":"Օձիձոր"},"geometry":{"type":"LineString","coordinates":[[44.2752,40.8644],[44.2813,40.8504]]}},{"type":"Feature","properties":{"waterway":"river","name":"Օձիձոր"},"geometry":{"type":"LineString","coordinates":[[44.2751,40.8646],[44.2752,40.8644]]}},{"type":"Feature","properties":{"waterway":"canal","name":"Ստորին Հրազդանի ջրանցք"},"geometry":{"type":"LineString","coordinates":[[44.4989,40.1791],[44.4978,40.1784]]}},{"type":"Feature","properties":{"waterway":"canal","name":"Ստորին Հրազդանի ջրանցք"},"geometry":{"type":"LineString","coordinates":[[44.4978,40.1784],[44.4978,40.1784]]}},{"type":"Feature","properties":{"waterway":"canal","name":null},"geometry":{"type":"LineString","coordinates":[[44.2325,40.1557],[44.221,40.1592]]}},{"type":"Feature","properties":{"waterway":"canal","name":null},"geometry":{"type":"LineString","coordinates":[[43.9971,40.3527],[43.9992,40.349],[44.0114,40.3506],[44.0227,40.3462]]}},{"type":"Feature","properties":{"waterway":"canal","name":null},"geometry":{"type":"LineString","coordinates":[[44.0227,40.3461],[44.0275,40.3422]]}},{"type":"Feature","properties":{"waterway":"canal","name":null},"geometry":{"type":"LineString","coordinates":[[44.0227,40.3462],[44.0227,40.3461]]}},{"type":"Feature","properties":{"waterway":"canal","name":null},"geometry":{"type":"LineString","coordinates":[[43.9957,40.3489],[43.9918,40.3446]]}},{"type":"Feature","properties":{"waterway":"canal","name":null},"geometry":{"type":"LineString","coordinates":[[43.9977,40.3526],[43.9971,40.3527]]}},{"type":"Feature","properties":{"waterway":"canal","name":null},"geometry":{"type":"LineString","coordinates":[[44.0051,40.3505],[44.0034,40.3392]]}},{"type":"Feature","properties":{"waterway":"canal","name":null},"geometry":{"type":"LineString","coordinates":[[43.9882,40.3785],[43.9839,40.3801],[43.9781,40.3743]]}},{"type":"Feature","properties":{"waterway":"canal","name":null},"geometry":{"type":"LineString","coordinates":[[44.0304,40.3388],[44.0314,40.3329],[44.0379,40.325]]}},{"type":"Feature","properties":{"waterway":"canal","name":null},"geometry":{"type":"LineString","coordinates":[[44.0276,40.3417],[44.0303,40.3389]]}},{"type":"Feature","properties":{"waterway":"canal","name":null},"geometry":{"type":"LineString","coordinates":[[44.0303,40.3389],[44.0304,40.3388]]}},{"type":"Feature","properties":{"waterway":"canal","name":null},"geometry":{"type":"LineString","coordinates":[[44.0378,40.3249],[44.0371,40.3197]]}},{"type":"Feature","properties":{"waterway":"canal","name":null},"geometry":{"type":"LineString","coordinates":[[44.0379,40.325],[44.0378,40.3249]]}},{"type":"Feature","properties":{"waterway":"canal","name":"Կոտայքի ջրանցք"},"geometry":{"type":"LineString","coordinates":[[44.6498,40.3165],[44.6611,40.3127],[44.6662,40.3146]]}},{"type":"Feature","properties":{"waterway":"canal","name":"Կոտայքի ջրանցք"},"geometry":{"type":"LineString","coordinates":[[44.6497,40.3167],[44.6498,40.3165]]}},{"type":"Feature","properties":{"waterway":"river","name":"Ողջաբերդ"},"geometry":{"type":"LineString","coordinates":[[44.5497,40.1451],[44.5486,40.1445]]}},{"type":"Feature","properties":{"waterway":"river","name":"Ողջաբերդ"},"geometry":{"type":"LineString","coordinates":[[44.5499,40.1451],[44.5497,40.1451]]}},{"type":"Feature","properties":{"waterway":"canal","name":null},"geometry":{"type":"LineString","coordinates":[[44.1528,40.148],[44.1519,40.1491]]}},{"type":"Feature","properties":{"waterway":"canal","name":null},"geometry":{"type":"LineString","coordinates":[[44.1558,40.1426],[44.1558,40.1428]]}},{"type":"Feature","properties":{"waterway":"canal","name":null},"geometry":{"type":"LineString","coordinates":[[44.1646,40.0513],[44.1858,40.0623]]}},{"type":"Feature","properties":{"waterway":"canal","name":null},"geometry":{"type":"LineString","coordinates":[[44.1641,40.0514],[44.164,40.0451]]}},{"type":"Feature","properties":{"waterway":"canal","name":null},"geometry":{"type":"LineString","coordinates":[[44.164,40.0515],[44.1641,40.0514]]}},{"type":"Feature","properties":{"waterway":"canal","name":null},"geometry":{"type":"LineString","coordinates":[[44.1338,40.0743],[44.132,40.0745],[44.1293,40.0651]]}},{"type":"Feature","properties":{"waterway":"canal","name":"Արզնի ջրանցք"},"geometry":{"type":"LineString","coordinates":[[44.487,40.2921],[44.4815,40.2895]]}},{"type":"Feature","properties":{"waterway":"canal","name":"Արզնի ջրանցք"},"geometry":{"type":"LineString","coordinates":[[44.4797,40.2872],[44.4795,40.2869]]}},{"type":"Feature","properties":{"waterway":"canal","name":"Արզնի ջրանցք"},"geometry":{"type":"LineString","coordinates":[[44.4888,40.293],[44.4872,40.2922]]}},{"type":"Feature","properties":{"waterway":"canal","name":"Արզնի ջրանցք"},"geometry":{"type":"LineString","coordinates":[[44.4872,40.2922],[44.487,40.2921]]}},{"type":"Feature","properties":{"waterway":"canal","name":"Արզնի ջրանցք"},"geometry":{"type":"LineString","coordinates":[[44.4813,40.2894],[44.4801,40.288]]}},{"type":"Feature","properties":{"waterway":"canal","name":"Արզնի ջրանցք"},"geometry":{"type":"LineString","coordinates":[[44.4815,40.2895],[44.4813,40.2894]]}},{"type":"Feature","properties":{"waterway":"canal","name":"Արզնի ջրանցք"},"geometry":{"type":"LineString","coordinates":[[44.4799,40.2877],[44.4797,40.2872]]}},{"type":"Feature","properties":{"waterway":"canal","name":"Արզնի ջրանցք"},"geometry":{"type":"LineString","coordinates":[[44.4801,40.288],[44.4799,40.2877]]}},{"type":"Feature","properties":{"waterway":"canal","name":null},"geometry":{"type":"LineString","coordinates":[[44.4555,40.2886],[44.4529,40.288],[44.4537,40.2854],[44.4485,40.2844],[44.4504,40.2793],[44.4545,40.2778]]}},{"type":"Feature","properties":{"waterway":"canal","name":"Կոտայք ջրանցք"},"geometry":{"type":"LineString","coordinates":[[44.6166,40.2017],[44.6169,40.1987]]}},{"type":"Feature","properties":{"waterway":"canal","name":"Կոտայք ջրանցք"},"geometry":{"type":"LineString","coordinates":[[44.6166,40.2018],[44.6166,40.2017]]}},{"type":"Feature","properties":{"waterway":"canal","name":null},"geometry":{"type":"LineString","coordinates":[[44.2793,40.2941],[44.2793,40.2907]]}},{"type":"Feature","properties":{"waterway":"canal","name":null},"geometry":{"type":"LineString","coordinates":[[44.2793,40.2907],[44.2793,40.2906]]}},{"type":"Feature","properties":{"waterway":"canal","name":null},"geometry":{"type":"LineString","coordinates":[[44.2795,40.2482],[44.2828,40.2388]]}},{"type":"Feature","properties":{"waterway":"canal","name":null},"geometry":{"type":"LineString","coordinates":[[44.2796,40.2476],[44.2842,40.2388]]}},{"type":"Feature","properties":{"waterway":"canal","name":null},"geometry":{"type":"LineString","coordinates":[[44.2742,40.2304],[44.2737,40.2267]]}},{"type":"Feature","properties":{"waterway":"canal","name":null},"geometry":{"type":"LineString","coordinates":[[44.2614,40.1897],[44.2622,40.1856]]}},{"type":"Feature","properties":{"waterway":"canal","name":null},"geometry":{"type":"LineString","coordinates":[[44.2601,40.2025],[44.2606,40.1943]]}},{"type":"Feature","properties":{"waterway":"canal","name":null},"geometry":{"type":"LineString","coordinates":[[44.2606,40.1943],[44.2606,40.1942]]}},{"type":"Feature","properties":{"waterway":"canal","name":null},"geometry":{"type":"LineString","coordinates":[[44.2606,40.1942],[44.2609,40.1927]]}},{"type":"Feature","properties":{"waterway":"canal","name":null},"geometry":{"type":"LineString","coordinates":[[44.2609,40.1927],[44.2609,40.1926]]}},{"type":"Feature","properties":{"waterway":"canal","name":null},"geometry":{"type":"LineString","coordinates":[[44.2609,40.1926],[44.2614,40.1898]]}},{"type":"Feature","properties":{"waterway":"canal","name":null},"geometry":{"type":"LineString","coordinates":[[44.2614,40.1898],[44.2614,40.1897]]}},{"type":"Feature","properties":{"waterway":"canal","name":null},"geometry":{"type":"LineString","coordinates":[[44.2563,40.1739],[44.2548,40.1714],[44.2573,40.1689],[44.2546,40.166]]}},{"type":"Feature","properties":{"waterway":"canal","name":null},"geometry":{"type":"LineString","coordinates":[[44.2521,40.1848],[44.2448,40.1644]]}},{"type":"Feature","properties":{"waterway":"canal","name":null},"geometry":{"type":"LineString","coordinates":[[44.2304,40.4009],[44.2305,40.4008]]}},{"type":"Feature","properties":{"waterway":"canal","name":null},"geometry":{"type":"LineString","coordinates":[[44.2305,40.4008],[44.2306,40.4007]]}},{"type":"Feature","properties":{"waterway":"canal","name":null},"geometry":{"type":"LineString","coordinates":[[44.2305,40.4007],[44.2306,40.4006]]}},{"type":"Feature","properties":{"waterway":"canal","name":null},"geometry":{"type":"LineString","coordinates":[[44.2407,40.3515],[44.2402,40.3512]]}},{"type":"Feature","properties":{"waterway":"canal","name":null},"geometry":{"type":"LineString","coordinates":[[44.2407,40.3517],[44.2407,40.3515]]}},{"type":"Feature","properties":{"waterway":"river","name":"Արթիկջուր"},"geometry":{"type":"LineString","coordinates":[[43.9577,40.6199],[43.9557,40.6211]]}},{"type":"Feature","properties":{"waterway":"river","name":"Արթիկջուր"},"geometry":{"type":"LineString","coordinates":[[43.9557,40.6211],[43.9555,40.6211]]}},{"type":"Feature","properties":{"waterway":"canal","name":null},"geometry":{"type":"LineString","coordinates":[[43.9292,40.6404],[43.9247,40.6428]]}},{"type":"Feature","properties":{"waterway":"canal","name":null},"geometry":{"type":"LineString","coordinates":[[43.9247,40.6428],[43.9246,40.6429]]}},{"type":"Feature","properties":{"waterway":"river","name":"Արթիկջուր"},"geometry":{"type":"LineString","coordinates":[[43.9809,40.6086],[43.9735,40.6127]]}},{"type":"Feature","properties":{"waterway":"river","name":"Արթիկջուր"},"geometry":{"type":"LineString","coordinates":[[43.9985,40.5867],[43.9949,40.5942],[43.9811,40.6085]]}},{"type":"Feature","properties":{"waterway":"river","name":"Արթիկջուր"},"geometry":{"type":"LineString","coordinates":[[43.9811,40.6085],[43.9809,40.6086]]}},{"type":"Feature","properties":{"waterway":"river","name":"Արթիկջուր"},"geometry":{"type":"LineString","coordinates":[[44.0011,40.5853],[43.9985,40.5867]]}},{"type":"Feature","properties":{"waterway":"river","name":"Արթիկջուր"},"geometry":{"type":"LineString","coordinates":[[44.0013,40.5852],[44.0011,40.5853]]}},{"type":"Feature","properties":{"waterway":"canal","name":null},"geometry":{"type":"LineString","coordinates":[[44.0293,40.6027],[44.0188,40.5979]]}},{"type":"Feature","properties":{"waterway":"canal","name":null},"geometry":{"type":"LineString","coordinates":[[44.0296,40.6027],[44.0293,40.6027]]}},{"type":"Feature","properties":{"waterway":"canal","name":null},"geometry":{"type":"LineString","coordinates":[[44.0068,40.5946],[43.9996,40.5938]]}},{"type":"Feature","properties":{"waterway":"canal","name":null},"geometry":{"type":"LineString","coordinates":[[44.0069,40.5945],[44.0068,40.5946]]}},{"type":"Feature","properties":{"waterway":"canal","name":null},"geometry":{"type":"LineString","coordinates":[[44.0087,40.5948],[44.008,40.5947]]}},{"type":"Feature","properties":{"waterway":"canal","name":null},"geometry":{"type":"LineString","coordinates":[[44.0088,40.5948],[44.0087,40.5948]]}},{"type":"Feature","properties":{"waterway":"canal","name":null},"geometry":{"type":"LineString","coordinates":[[44.0074,40.5946],[44.0069,40.5945]]}},{"type":"Feature","properties":{"waterway":"canal","name":null},"geometry":{"type":"LineString","coordinates":[[44.008,40.5947],[44.0074,40.5946]]}},{"type":"Feature","properties":{"waterway":"canal","name":null},"geometry":{"type":"LineString","coordinates":[[44.0182,40.5979],[44.0108,40.5947]]}},{"type":"Feature","properties":{"waterway":"canal","name":null},"geometry":{"type":"LineString","coordinates":[[44.0184,40.5979],[44.0182,40.5979]]}},{"type":"Feature","properties":{"waterway":"canal","name":null},"geometry":{"type":"LineString","coordinates":[[44.0464,40.6139],[44.0406,40.6123],[44.0296,40.6027]]}},{"type":"Feature","properties":{"waterway":"canal","name":null},"geometry":{"type":"LineString","coordinates":[[44.0476,40.6142],[44.0475,40.6141]]}},{"type":"Feature","properties":{"waterway":"canal","name":null},"geometry":{"type":"LineString","coordinates":[[44.0475,40.6141],[44.0467,40.6139]]}},{"type":"Feature","properties":{"waterway":"canal","name":null},"geometry":{"type":"LineString","coordinates":[[44.0467,40.6139],[44.0464,40.6139]]}},{"type":"Feature","properties":{"waterway":"canal","name":null},"geometry":{"type":"LineString","coordinates":[[44.0089,40.5931],[44.0078,40.5945]]}},{"type":"Feature","properties":{"waterway":"canal","name":null},"geometry":{"type":"LineString","coordinates":[[44.009,40.593],[44.0089,40.5931]]}},{"type":"Feature","properties":{"waterway":"canal","name":null},"geometry":{"type":"LineString","coordinates":[[44.0097,40.591],[44.009,40.593]]}},{"type":"Feature","properties":{"waterway":"canal","name":null},"geometry":{"type":"LineString","coordinates":[[44.0097,40.5909],[44.0097,40.591]]}},{"type":"Feature","properties":{"waterway":"river","name":null},"geometry":{"type":"LineString","coordinates":[[44.0078,40.5945],[43.9991,40.6059]]}},{"type":"Feature","properties":{"waterway":"river","name":"Մանթաշ"},"geometry":{"type":"LineString","coordinates":[[43.955,40.6639],[43.9544,40.6638]]}},{"type":"Feature","properties":{"waterway":"river","name":"Կարկաչան"},"geometry":{"type":"LineString","coordinates":[[43.7977,40.7321],[43.7785,40.7344]]}},{"type":"Feature","properties":{"waterway":"river","name":"Ջաջուռ"},"geometry":{"type":"LineString","coordinates":[[43.8394,40.7293],[43.8349,40.7247]]}},{"type":"Feature","properties":{"waterway":"canal","name":null},"geometry":{"type":"LineString","coordinates":[[44.0151,40.6632],[44.0018,40.6671],[43.9801,40.6666]]}},{"type":"Feature","properties":{"waterway":"canal","name":null},"geometry":{"type":"LineString","coordinates":[[43.9745,40.6673],[43.974,40.6679]]}},{"type":"Feature","properties":{"waterway":"canal","name":null},"geometry":{"type":"LineString","coordinates":[[43.9746,40.6673],[43.9745,40.6673]]}},{"type":"Feature","properties":{"waterway":"canal","name":null},"geometry":{"type":"LineString","coordinates":[[44.0258,40.6738],[44.0046,40.6754]]}},{"type":"Feature","properties":{"waterway":"canal","name":null},"geometry":{"type":"LineString","coordinates":[[44.0502,40.6124],[44.0496,40.6136]]}},{"type":"Feature","properties":{"waterway":"canal","name":null},"geometry":{"type":"LineString","coordinates":[[44.0494,40.6137],[44.0494,40.6148]]}},{"type":"Feature","properties":{"waterway":"canal","name":null},"geometry":{"type":"LineString","coordinates":[[44.0496,40.6136],[44.0494,40.6137]]}},{"type":"Feature","properties":{"waterway":"canal","name":null},"geometry":{"type":"LineString","coordinates":[[44.0188,40.5979],[44.0185,40.5978]]}},{"type":"Feature","properties":{"waterway":"canal","name":null},"geometry":{"type":"LineString","coordinates":[[44.0185,40.5978],[44.0184,40.5979]]}},{"type":"Feature","properties":{"waterway":"canal","name":null},"geometry":{"type":"LineString","coordinates":[[44.0105,40.5945],[44.0088,40.5948]]}},{"type":"Feature","properties":{"waterway":"canal","name":null},"geometry":{"type":"LineString","coordinates":[[44.0108,40.5947],[44.0105,40.5945]]}},{"type":"Feature","properties":{"waterway":"river","name":null},"geometry":{"type":"LineString","coordinates":[[43.9853,40.6183],[43.9846,40.6186]]}},{"type":"Feature","properties":{"waterway":"canal","name":null},"geometry":{"type":"LineString","coordinates":[[46.2204,38.9237],[46.2242,38.9199]]}},{"type":"Feature","properties":{"waterway":"canal","name":"Շիրակամուտ"},"geometry":{"type":"LineString","coordinates":[[44.1143,40.8601],[44.1118,40.8601]]}},{"type":"Feature","properties":{"waterway":"canal","name":"Շիրակամուտ"},"geometry":{"type":"LineString","coordinates":[[44.1144,40.8601],[44.1143,40.8601]]}},{"type":"Feature","properties":{"waterway":"canal","name":"Էջմիածնի ջրանցք"},"geometry":{"type":"LineString","coordinates":[[44.3929,40.1654],[44.3893,40.1653]]}},{"type":"Feature","properties":{"waterway":"canal","name":"Էջմիածնի ջրանցք"},"geometry":{"type":"LineString","coordinates":[[44.3893,40.1653],[44.3891,40.1653]]}},{"type":"Feature","properties":{"waterway":"canal","name":"Փարաքար ջրանցք"},"geometry":{"type":"LineString","coordinates":[[44.3968,40.1678],[44.3903,40.1663]]}},{"type":"Feature","properties":{"waterway":"canal","name":"Փարաքար ջրանցք"},"geometry":{"type":"LineString","coordinates":[[44.3903,40.1663],[44.3902,40.1663]]}},{"type":"Feature","properties":{"waterway":"canal","name":null},"geometry":{"type":"LineString","coordinates":[[44.1943,40.401],[44.1946,40.401]]}},{"type":"Feature","properties":{"waterway":"canal","name":"Քասաղ"},"geometry":{"type":"LineString","coordinates":[[44.4043,40.4039],[44.4039,40.403]]}},{"type":"Feature","properties":{"waterway":"canal","name":null},"geometry":{"type":"LineString","coordinates":[[44.3667,40.3875],[44.366,40.3848],[44.3724,40.3762]]}},{"type":"Feature","properties":{"waterway":"canal","name":null},"geometry":{"type":"LineString","coordinates":[[44.3668,40.3876],[44.3667,40.3875]]}},{"type":"Feature","properties":{"waterway":"canal","name":null},"geometry":{"type":"LineString","coordinates":[[44.3668,40.3876],[44.3668,40.3876]]}},{"type":"Feature","properties":{"waterway":"canal","name":"Քասաղ"},"geometry":{"type":"LineString","coordinates":[[44.4253,40.3806],[44.4298,40.3798],[44.4305,40.3774]]}},{"type":"Feature","properties":{"waterway":"canal","name":"Արզնի Շամիրամ ջրանցք"},"geometry":{"type":"LineString","coordinates":[[44.4455,40.3304],[44.4401,40.3279]]}},{"type":"Feature","properties":{"waterway":"canal","name":"Արզնի Շամիրամ ջրանցք"},"geometry":{"type":"LineString","coordinates":[[44.4464,40.331],[44.4455,40.3304]]}},{"type":"Feature","properties":{"waterway":"river","name":"Հրազդան"},"geometry":{"type":"LineString","coordinates":[[44.5006,40.164],[44.498,40.1586],[44.4944,40.158]]}},{"type":"Feature","properties":{"waterway":"river","name":null},"geometry":{"type":"LineString","coordinates":[[46.0469,39.5126],[46.047,39.5129]]}},{"type":"Feature","properties":{"waterway":"river","name":null},"geometry":{"type":"LineString","coordinates":[[46.0469,39.5125],[46.0469,39.5126]]}},{"type":"Feature","properties":{"waterway":"canal","name":null},"geometry":{"type":"LineString","coordinates":[[44.2125,40.0657],[44.2158,40.0653],[44.2195,40.0593]]}},{"type":"Feature","properties":{"waterway":"canal","name":null},"geometry":{"type":"LineString","coordinates":[[44.2283,40.0886],[44.2246,40.0812],[44.2293,40.0756]]}},{"type":"Feature","properties":{"waterway":"river","name":"Արտաբուն"},"geometry":{"type":"LineString","coordinates":[[45.251,39.8953],[45.2512,39.8952]]}},{"type":"Feature","properties":{"waterway":"river","name":"Արտաբուն"},"geometry":{"type":"LineString","coordinates":[[45.2432,39.9087],[45.2456,39.9002],[45.251,39.8953]]}},{"type":"Feature","properties":{"waterway":"canal","name":null},"geometry":{"type":"LineString","coordinates":[[44.4057,40.2194],[44.407,40.2192]]}},{"type":"Feature","properties":{"waterway":"canal","name":null},"geometry":{"type":"LineString","coordinates":[[44.4056,40.2194],[44.4057,40.2194]]}},{"type":"Feature","properties":{"waterway":"canal","name":null},"geometry":{"type":"LineString","coordinates":[[44.8942,39.7604],[44.8963,39.7618],[44.9053,39.7588],[44.9063,39.7609]]}},{"type":"Feature","properties":{"waterway":"canal","name":null},"geometry":{"type":"LineString","coordinates":[[44.4842,40.1697],[44.4818,40.1679]]}},{"type":"Feature","properties":{"waterway":"canal","name":null},"geometry":{"type":"LineString","coordinates":[[44.4843,40.17],[44.4842,40.1697]]}},{"type":"Feature","properties":{"waterway":"canal","name":null},"geometry":{"type":"LineString","coordinates":[[44.0387,40.0805],[44.0451,40.0836]]}},{"type":"Feature","properties":{"waterway":"canal","name":null},"geometry":{"type":"LineString","coordinates":[[44.0387,40.0805],[44.0387,40.0805]]}},{"type":"Feature","properties":{"waterway":"canal","name":"Կոտայքի ջրանցք"},"geometry":{"type":"LineString","coordinates":[[44.6319,40.3419],[44.6315,40.3406]]}},{"type":"Feature","properties":{"waterway":"canal","name":null},"geometry":{"type":"LineString","coordinates":[[44.6286,40.3386],[44.6272,40.3356],[44.6234,40.3347]]}},{"type":"Feature","properties":{"waterway":"canal","name":null},"geometry":{"type":"LineString","coordinates":[[44.6315,40.3406],[44.6286,40.3387]]}},{"type":"Feature","properties":{"waterway":"canal","name":null},"geometry":{"type":"LineString","coordinates":[[44.6286,40.3387],[44.6286,40.3386]]}},{"type":"Feature","properties":{"waterway":"canal","name":null},"geometry":{"type":"LineString","coordinates":[[44.6208,40.3345],[44.6195,40.335]]}},{"type":"Feature","properties":{"waterway":"canal","name":null},"geometry":{"type":"LineString","coordinates":[[44.621,40.3345],[44.6208,40.3345]]}},{"type":"Feature","properties":{"waterway":"canal","name":null},"geometry":{"type":"LineString","coordinates":[[44.6233,40.3347],[44.621,40.3345]]}},{"type":"Feature","properties":{"waterway":"canal","name":null},"geometry":{"type":"LineString","coordinates":[[44.6234,40.3347],[44.6233,40.3347]]}},{"type":"Feature","properties":{"waterway":"river","name":"Ողջաբերդ"},"geometry":{"type":"LineString","coordinates":[[44.5072,40.1505],[44.5035,40.1509]]}},{"type":"Feature","properties":{"waterway":"canal","name":null},"geometry":{"type":"LineString","coordinates":[[45.183,40.9812],[45.1829,40.9815]]}},{"type":"Feature","properties":{"waterway":"river","name":"Ծակքար"},"geometry":{"type":"LineString","coordinates":[[45.2407,40.1896],[45.2424,40.1886]]}},{"type":"Feature","properties":{"waterway":"river","name":"Ծակքար"},"geometry":{"type":"LineString","coordinates":[[45.2407,40.1896],[45.2422,40.1906]]}},{"type":"Feature","properties":{"waterway":"river","name":"Ծակքար"},"geometry":{"type":"LineString","coordinates":[[45.2395,40.1895],[45.2407,40.1896]]}},{"type":"Feature","properties":{"waterway":"canal","name":null},"geometry":{"type":"LineString","coordinates":[[44.2645,40.8507],[44.2689,40.8471]]}},{"type":"Feature","properties":{"waterway":"canal","name":null},"geometry":{"type":"LineString","coordinates":[[44.2716,40.8457],[44.2771,40.8453]]}},{"type":"Feature","properties":{"waterway":"canal","name":null},"geometry":{"type":"LineString","coordinates":[[44.2689,40.8471],[44.269,40.8471]]}},{"type":"Feature","properties":{"waterway":"canal","name":null},"geometry":{"type":"LineString","coordinates":[[44.269,40.8471],[44.2715,40.8457]]}},{"type":"Feature","properties":{"waterway":"canal","name":null},"geometry":{"type":"LineString","coordinates":[[44.2715,40.8457],[44.2716,40.8457]]}},{"type":"Feature","properties":{"waterway":"river","name":"Աղանձուգետ"},"geometry":{"type":"LineString","coordinates":[[46.2353,39.3565],[46.2454,39.3668]]}},{"type":"Feature","properties":{"waterway":"river","name":"Աղանձուգետ"},"geometry":{"type":"LineString","coordinates":[[46.2352,39.3565],[46.2353,39.3565]]}},{"type":"Feature","properties":{"waterway":"river","name":"Karahan Çayı"},"geometry":{"type":"LineString","coordinates":[[43.739,40.7156],[43.7353,40.7121],[43.7401,40.7121],[43.7422,40.7086]]}},{"type":"Feature","properties":{"waterway":"river","name":"Որոտան"},"geometry":{"type":"LineString","coordinates":[[46.219,39.4194],[46.223,39.421],[46.2291,39.4179],[46.2451,39.4183],[46.2494,39.4164],[46.2518,39.4182],[46.2576,39.4159],[46.2612,39.4088],[46.2577,39.402],[46.2599,39.4001],[46.2583,39.3963]]}},{"type":"Feature","properties":{"waterway":"river","name":"Որոտան"},"geometry":{"type":"LineString","coordinates":[[46.2581,39.3957],[46.2576,39.3954]]}},{"type":"Feature","properties":{"waterway":"canal","name":null},"geometry":{"type":"LineString","coordinates":[[44.78,39.7545],[44.789,39.7624]]}},{"type":"Feature","properties":{"waterway":"canal","name":null},"geometry":{"type":"LineString","coordinates":[[44.7891,39.7625],[44.791,39.7641]]}},{"type":"Feature","properties":{"waterway":"canal","name":null},"geometry":{"type":"LineString","coordinates":[[44.789,39.7624],[44.7891,39.7625]]}},{"type":"Feature","properties":{"waterway":"river","name":"Դարբ"},"geometry":{"type":"LineString","coordinates":[[45.6908,39.6794],[45.6821,39.6853],[45.6834,39.6926],[45.6816,39.695]]}},{"type":"Feature","properties":{"waterway":"river","name":"Դարբ"},"geometry":{"type":"LineString","coordinates":[[45.6816,39.695],[45.6815,39.695]]}},{"type":"Feature","properties":{"waterway":"river","name":"Որոտան"},"geometry":{"type":"LineString","coordinates":[[46.2583,39.3963],[46.2581,39.3957]]}},{"type":"Feature","properties":{"waterway":"river","name":"Որոտան"},"geometry":{"type":"LineString","coordinates":[[46.2583,39.3963],[46.2583,39.3963]]}},{"type":"Feature","properties":{"waterway":"river","name":"Քասախ"},"geometry":{"type":"LineString","coordinates":[[44.3307,40.6182],[44.3323,40.6121],[44.3291,40.6115],[44.3254,40.6056]]}},{"type":"Feature","properties":{"waterway":"river","name":"Քասախ"},"geometry":{"type":"LineString","coordinates":[[44.3309,40.6182],[44.3307,40.6182]]}},{"type":"Feature","properties":{"waterway":"canal","name":null},"geometry":{"type":"LineString","coordinates":[[45.2418,40.6733],[45.241,40.673]]}},{"type":"Feature","properties":{"waterway":"canal","name":null},"geometry":{"type":"LineString","coordinates":[[45.2386,40.6717],[45.2384,40.6713]]}},{"type":"Feature","properties":{"waterway":"river","name":"Թութկաջուր"},"geometry":{"type":"LineString","coordinates":[[44.563,41.0143],[44.543,41.0121],[44.5348,41.0086],[44.5334,40.9977],[44.5355,40.9902],[44.5335,40.9886]]}},{"type":"Feature","properties":{"waterway":"river","name":"Թութկաջուր"},"geometry":{"type":"LineString","coordinates":[[44.5335,40.9886],[44.5335,40.9885]]}},{"type":"Feature","properties":{"waterway":"canal","name":"Լոռվա ջրանցք"},"geometry":{"type":"LineString","coordinates":[[44.526,40.9874],[44.526,40.9874]]}},{"type":"Feature","properties":{"waterway":"canal","name":"Լոռվա ջրանցք"},"geometry":{"type":"LineString","coordinates":[[44.5151,40.9964],[44.526,40.9874]]}},{"type":"Feature","properties":{"waterway":"river","name":"Անտառամուտ"},"geometry":{"type":"LineString","coordinates":[[44.5645,40.9302],[44.567,40.9304]]}},{"type":"Feature","properties":{"waterway":"river","name":"Անտառամուտ"},"geometry":{"type":"LineString","coordinates":[[44.5644,40.9302],[44.5645,40.9302]]}},{"type":"Feature","properties":{"waterway":"river","name":"Քասաղ"},"geometry":{"type":"LineString","coordinates":[[44.2919,40.6736],[44.2907,40.6719]]}},{"type":"Feature","properties":{"waterway":"river","name":"Քասախ"},"geometry":{"type":"LineString","coordinates":[[44.2997,40.6597],[44.2999,40.6598]]}},{"type":"Feature","properties":{"waterway":"river","name":"Քասաղ"},"geometry":{"type":"LineString","coordinates":[[44.2907,40.6719],[44.2921,40.6652],[44.2997,40.6597]]}},{"type":"Feature","properties":{"waterway":"canal","name":null},"geometry":{"type":"LineString","coordinates":[[43.9388,40.1766],[43.9387,40.1764]]}},{"type":"Feature","properties":{"waterway":"canal","name":null},"geometry":{"type":"LineString","coordinates":[[43.9435,40.1839],[43.9433,40.1799],[43.9388,40.1766]]}},{"type":"Feature","properties":{"waterway":"river","name":"Սևջուր"},"geometry":{"type":"LineString","coordinates":[[44.2967,40.057],[44.3009,40.0595]]}},{"type":"Feature","properties":{"waterway":"river","name":"Սևջուր"},"geometry":{"type":"LineString","coordinates":[[44.2967,40.0569],[44.2967,40.057]]}},{"type":"Feature","properties":{"waterway":"river","name":"Ոսկեպար"},"geometry":{"type":"LineString","coordinates":[[45.0695,41.0719],[45.0697,41.0719]]}},{"type":"Feature","properties":{"waterway":"river","name":"Ողջաբերդ"},"geometry":{"type":"LineString","coordinates":[[44.5096,40.1507],[44.5078,40.1505]]}},{"type":"Feature","properties":{"waterway":"river","name":"Ողջաբերդ"},"geometry":{"type":"LineString","coordinates":[[44.5078,40.1505],[44.5072,40.1505]]}},{"type":"Feature","properties":{"waterway":"river","name":"Աղստև"},"geometry":{"type":"LineString","coordinates":[[44.8662,40.7403],[44.8671,40.7403]]}},{"type":"Feature","properties":{"waterway":"canal","name":"Քասաղ"},"geometry":{"type":"LineString","coordinates":[[44.4234,40.3817],[44.4253,40.3806]]}},{"type":"Feature","properties":{"waterway":"canal","name":"Քասաղ"},"geometry":{"type":"LineString","coordinates":[[44.4253,40.3806],[44.4253,40.3806]]}},{"type":"Feature","properties":{"waterway":"river","name":"Աղստև"},"geometry":{"type":"LineString","coordinates":[[44.9491,40.7732],[44.9796,40.7746],[44.9963,40.7681],[45.0135,40.7695],[45.0194,40.7662]]}},{"type":"Feature","properties":{"waterway":"river","name":"Աղստև"},"geometry":{"type":"LineString","coordinates":[[44.9337,40.7775],[44.9338,40.7776]]}},{"type":"Feature","properties":{"waterway":"river","name":"Աղստև"},"geometry":{"type":"LineString","coordinates":[[44.9325,40.7776],[44.9337,40.7775]]}},{"type":"Feature","properties":{"waterway":"river","name":"Աղստև"},"geometry":{"type":"LineString","coordinates":[[44.9323,40.7777],[44.9325,40.7776]]}},{"type":"Feature","properties":{"waterway":"river","name":"Աղստև"},"geometry":{"type":"LineString","coordinates":[[44.9491,40.7734],[44.9491,40.7732]]}},{"type":"Feature","properties":{"waterway":"river","name":"Աղստև"},"geometry":{"type":"LineString","coordinates":[[44.9338,40.7776],[44.9491,40.7734]]}},{"type":"Feature","properties":{"waterway":"canal","name":"Քասաղ"},"geometry":{"type":"LineString","coordinates":[[44.4141,40.3431],[44.3953,40.3323]]}},{"type":"Feature","properties":{"waterway":"canal","name":"Քասաղ"},"geometry":{"type":"LineString","coordinates":[[44.4141,40.3432],[44.4141,40.3431]]}},{"type":"Feature","properties":{"waterway":"canal","name":"Քասաղ"},"geometry":{"type":"LineString","coordinates":[[44.417,40.3552],[44.4141,40.3432]]}},{"type":"Feature","properties":{"waterway":"canal","name":"Քասաղ"},"geometry":{"type":"LineString","coordinates":[[44.417,40.3553],[44.417,40.3552]]}},{"type":"Feature","properties":{"waterway":"canal","name":"Քասաղ"},"geometry":{"type":"LineString","coordinates":[[44.4234,40.3817],[44.4234,40.3816]]}},{"type":"Feature","properties":{"waterway":"canal","name":"Քասաղ"},"geometry":{"type":"LineString","coordinates":[[44.4234,40.3817],[44.4234,40.3817]]}},{"type":"Feature","properties":{"waterway":"river","name":"Գեղարոտ"},"geometry":{"type":"LineString","coordinates":[[44.4293,40.5003],[44.4299,40.4992]]}},{"type":"Feature","properties":{"waterway":"river","name":"Հաղարծին"},"geometry":{"type":"LineString","coordinates":[[44.891,40.8085],[44.8924,40.806]]}},{"type":"Feature","properties":{"waterway":"river","name":"Հաղարծին"},"geometry":{"type":"LineString","coordinates":[[44.8924,40.806],[44.8923,40.806]]}},{"type":"Feature","properties":{"waterway":"river","name":"Հանքավան"},"geometry":{"type":"LineString","coordinates":[[44.4744,40.63],[44.4843,40.6354]]}},{"type":"Feature","properties":{"waterway":"river","name":"Հանքավան"},"geometry":{"type":"LineString","coordinates":[[44.4673,40.622],[44.4673,40.6221]]}},{"type":"Feature","properties":{"waterway":"river","name":"Հանքավան"},"geometry":{"type":"LineString","coordinates":[[44.4673,40.6221],[44.4702,40.6253]]}},{"type":"Feature","properties":{"waterway":"river","name":"Հանքավան"},"geometry":{"type":"LineString","coordinates":[[44.4702,40.6253],[44.4704,40.6253]]}},{"type":"Feature","properties":{"waterway":"river","name":"Հանքավան"},"geometry":{"type":"LineString","coordinates":[[44.4704,40.6253],[44.4721,40.6276]]}},{"type":"Feature","properties":{"waterway":"river","name":"Հանքավան"},"geometry":{"type":"LineString","coordinates":[[44.4721,40.6276],[44.4722,40.6277]]}},{"type":"Feature","properties":{"waterway":"river","name":"Հանքավան"},"geometry":{"type":"LineString","coordinates":[[44.4722,40.6277],[44.4742,40.6299]]}},{"type":"Feature","properties":{"waterway":"river","name":"Հանքավան"},"geometry":{"type":"LineString","coordinates":[[44.4742,40.6299],[44.4742,40.63]]}},{"type":"Feature","properties":{"waterway":"river","name":"Հանքավան"},"geometry":{"type":"LineString","coordinates":[[44.4743,40.63],[44.4744,40.63]]}},{"type":"Feature","properties":{"waterway":"river","name":"Հանքավան"},"geometry":{"type":"LineString","coordinates":[[44.4742,40.63],[44.4743,40.63]]}},{"type":"Feature","properties":{"waterway":"canal","name":null},"geometry":{"type":"LineString","coordinates":[[44.4424,40.1112],[44.4417,40.1099]]}},{"type":"Feature","properties":{"waterway":"canal","name":null},"geometry":{"type":"LineString","coordinates":[[44.4417,40.1099],[44.4416,40.1098]]}},{"type":"Feature","properties":{"waterway":"canal","name":null},"geometry":{"type":"LineString","coordinates":[[44.3185,40.1446],[44.3131,40.1446],[44.3077,40.1411]]}},{"type":"Feature","properties":{"waterway":"canal","name":null},"geometry":{"type":"LineString","coordinates":[[44.3079,40.1564],[44.3057,40.155]]}},{"type":"Feature","properties":{"waterway":"canal","name":null},"geometry":{"type":"LineString","coordinates":[[44.3119,40.1592],[44.308,40.1565]]}},{"type":"Feature","properties":{"waterway":"canal","name":null},"geometry":{"type":"LineString","coordinates":[[44.308,40.1565],[44.3079,40.1564]]}},{"type":"Feature","properties":{"waterway":"canal","name":null},"geometry":{"type":"LineString","coordinates":[[44.3169,40.1717],[44.317,40.1666]]}},{"type":"Feature","properties":{"waterway":"canal","name":null},"geometry":{"type":"LineString","coordinates":[[44.3169,40.1719],[44.3169,40.1718]]}},{"type":"Feature","properties":{"waterway":"canal","name":null},"geometry":{"type":"LineString","coordinates":[[44.3169,40.1718],[44.3169,40.1717]]}},{"type":"Feature","properties":{"waterway":"canal","name":null},"geometry":{"type":"LineString","coordinates":[[44.3155,40.1652],[44.3138,40.1611]]}},{"type":"Feature","properties":{"waterway":"canal","name":null},"geometry":{"type":"LineString","coordinates":[[44.312,40.1593],[44.3119,40.1592]]}},{"type":"Feature","properties":{"waterway":"canal","name":null},"geometry":{"type":"LineString","coordinates":[[44.3134,40.16],[44.312,40.1593]]}},{"type":"Feature","properties":{"waterway":"canal","name":null},"geometry":{"type":"LineString","coordinates":[[44.3136,40.16],[44.3134,40.16]]}},{"type":"Feature","properties":{"waterway":"canal","name":null},"geometry":{"type":"LineString","coordinates":[[44.3139,40.161],[44.3136,40.16]]}},{"type":"Feature","properties":{"waterway":"canal","name":null},"geometry":{"type":"LineString","coordinates":[[44.3138,40.1611],[44.3139,40.161]]}},{"type":"Feature","properties":{"waterway":"canal","name":null},"geometry":{"type":"LineString","coordinates":[[44.317,40.1666],[44.3153,40.1661]]}},{"type":"Feature","properties":{"waterway":"canal","name":null},"geometry":{"type":"LineString","coordinates":[[44.3155,40.1653],[44.3155,40.1652]]}},{"type":"Feature","properties":{"waterway":"canal","name":null},"geometry":{"type":"LineString","coordinates":[[44.3153,40.1661],[44.3155,40.1653]]}},{"type":"Feature","properties":{"waterway":"canal","name":null},"geometry":{"type":"LineString","coordinates":[[44.4102,40.0789],[44.4101,40.0787]]}},{"type":"Feature","properties":{"waterway":"river","name":"Ուրթիջուր"},"geometry":{"type":"LineString","coordinates":[[45.1578,40.8372],[45.1598,40.8391]]}},{"type":"Feature","properties":{"waterway":"river","name":"Ուրթիջուր"},"geometry":{"type":"LineString","coordinates":[[45.1577,40.8371],[45.1578,40.8372]]}},{"type":"Feature","properties":{"waterway":"river","name":"Ուրթիջուր"},"geometry":{"type":"LineString","coordinates":[[45.1599,40.8391],[45.1603,40.8423]]}},{"type":"Feature","properties":{"waterway":"river","name":"Ուրթիջուր"},"geometry":{"type":"LineString","coordinates":[[45.1598,40.8391],[45.1599,40.8391]]}},{"type":"Feature","properties":{"waterway":"river","name":"Ուրթիջուր"},"geometry":{"type":"LineString","coordinates":[[45.1577,40.8493],[45.1575,40.8495]]}},{"type":"Feature","properties":{"waterway":"river","name":"Ուրթիջուր"},"geometry":{"type":"LineString","coordinates":[[45.1593,40.845],[45.1577,40.8493]]}},{"type":"Feature","properties":{"waterway":"river","name":"Ուրթիջուր"},"geometry":{"type":"LineString","coordinates":[[45.1594,40.8449],[45.1593,40.845]]}},{"type":"Feature","properties":{"waterway":"river","name":"Ուրթիջուր"},"geometry":{"type":"LineString","coordinates":[[45.1603,40.8424],[45.1594,40.8449]]}},{"type":"Feature","properties":{"waterway":"river","name":"Ուրթիջուր"},"geometry":{"type":"LineString","coordinates":[[45.1603,40.8423],[45.1603,40.8424]]}},{"type":"Feature","properties":{"waterway":"canal","name":null},"geometry":{"type":"LineString","coordinates":[[44.4537,40.4831],[44.4537,40.4831]]}},{"type":"Feature","properties":{"waterway":"canal","name":null},"geometry":{"type":"LineString","coordinates":[[44.4526,40.4836],[44.4537,40.4831]]}},{"type":"Feature","properties":{"waterway":"canal","name":null},"geometry":{"type":"LineString","coordinates":[[44.4557,40.4802],[44.457,40.4795]]}},{"type":"Feature","properties":{"waterway":"canal","name":null},"geometry":{"type":"LineString","coordinates":[[44.4556,40.4803],[44.4557,40.4802]]}},{"type":"Feature","properties":{"waterway":"canal","name":null},"geometry":{"type":"LineString","coordinates":[[44.4511,40.4842],[44.4522,40.4838]]}},{"type":"Feature","properties":{"waterway":"canal","name":null},"geometry":{"type":"LineString","coordinates":[[44.4509,40.4843],[44.4511,40.4842]]}},{"type":"Feature","properties":{"waterway":"canal","name":null},"geometry":{"type":"LineString","coordinates":[[44.4522,40.4838],[44.4526,40.4836]]}},{"type":"Feature","properties":{"waterway":"canal","name":null},"geometry":{"type":"LineString","coordinates":[[44.4434,40.4808],[44.4509,40.4843]]}},{"type":"Feature","properties":{"waterway":"canal","name":null},"geometry":{"type":"LineString","coordinates":[[43.695,40.3296],[43.6899,40.3306],[43.684,40.3273]]}},{"type":"Feature","properties":{"waterway":"river","name":"Մաստարա"},"geometry":{"type":"LineString","coordinates":[[43.8697,40.234],[43.8898,40.2303],[43.8937,40.2235],[43.8943,40.2172],[43.901,40.2067]]}},{"type":"Feature","properties":{"waterway":"river","name":"Մաստարա"},"geometry":{"type":"LineString","coordinates":[[43.869,40.234],[43.8697,40.234]]}},{"type":"Feature","properties":{"waterway":"river","name":"Մաստարա"},"geometry":{"type":"LineString","coordinates":[[43.9011,40.2066],[43.9009,40.2049]]}},{"type":"Feature","properties":{"waterway":"river","name":"Մաստարա"},"geometry":{"type":"LineString","coordinates":[[43.901,40.2067],[43.9011,40.2066]]}},{"type":"Feature","properties":{"waterway":"river","name":"Մաստարա"},"geometry":{"type":"LineString","coordinates":[[43.9008,40.2048],[43.9006,40.2039]]}},{"type":"Feature","properties":{"waterway":"river","name":"Մաստարա"},"geometry":{"type":"LineString","coordinates":[[43.9009,40.2049],[43.9008,40.2048]]}},{"type":"Feature","properties":{"waterway":"river","name":null},"geometry":{"type":"LineString","coordinates":[[45.5066,40.7548],[45.5128,40.7601],[45.5083,40.7679],[45.5103,40.771]]}},{"type":"Feature","properties":{"waterway":"canal","name":null},"geometry":{"type":"LineString","coordinates":[[44.8424,41.1651],[44.8641,41.1806]]}},{"type":"Feature","properties":{"waterway":"canal","name":null},"geometry":{"type":"LineString","coordinates":[[44.8641,41.1811],[44.864,41.182]]}},{"type":"Feature","properties":{"waterway":"canal","name":null},"geometry":{"type":"LineString","coordinates":[[44.8641,41.1806],[44.8641,41.1811]]}},{"type":"Feature","properties":{"waterway":"canal","name":null},"geometry":{"type":"LineString","coordinates":[[43.7572,40.186],[43.7591,40.1885]]}},{"type":"Feature","properties":{"waterway":"canal","name":null},"geometry":{"type":"LineString","coordinates":[[43.7568,40.1857],[43.7572,40.186]]}},{"type":"Feature","properties":{"waterway":"canal","name":null},"geometry":{"type":"LineString","coordinates":[[43.7456,40.1901],[43.7461,40.1897]]}},{"type":"Feature","properties":{"waterway":"canal","name":null},"geometry":{"type":"LineString","coordinates":[[43.75,40.182],[43.7498,40.1819]]}},{"type":"Feature","properties":{"waterway":"canal","name":null},"geometry":{"type":"LineString","coordinates":[[43.7591,40.1677],[43.7594,40.1675]]}},{"type":"Feature","properties":{"waterway":"canal","name":null},"geometry":{"type":"LineString","coordinates":[[43.7699,40.1662],[43.7711,40.1658]]}},{"type":"Feature","properties":{"waterway":"canal","name":null},"geometry":{"type":"LineString","coordinates":[[43.787,40.1485],[43.7972,40.1469]]}},{"type":"Feature","properties":{"waterway":"river","name":"Չայզամի"},"geometry":{"type":"LineString","coordinates":[[46.4123,39.3375],[46.4249,39.3368],[46.4298,39.3408],[46.4461,39.3379]]}},{"type":"Feature","properties":{"waterway":"river","name":"Արփա"},"geometry":{"type":"LineString","coordinates":[[45.1575,39.7224],[45.1454,39.7179]]}},{"type":"Feature","properties":{"waterway":"canal","name":"Դվին ջրանցք"},"geometry":{"type":"LineString","coordinates":[[44.6244,40.0126],[44.6245,40.0125]]}},{"type":"Feature","properties":{"waterway":"canal","name":"Դվին ջրանցք"},"geometry":{"type":"LineString","coordinates":[[44.6245,40.0125],[44.6254,40.0117]]}},{"type":"Feature","properties":{"waterway":"river","name":"Կումայրի"},"geometry":{"type":"LineString","coordinates":[[43.8424,40.8484],[43.8413,40.8472]]}},{"type":"Feature","properties":{"waterway":"river","name":"Կումայրի"},"geometry":{"type":"LineString","coordinates":[[43.8413,40.8472],[43.8413,40.847]]}},{"type":"Feature","properties":{"waterway":"canal","name":null},"geometry":{"type":"LineString","coordinates":[[44.4993,40.0632],[44.4992,40.0631]]}},{"type":"Feature","properties":{"waterway":"canal","name":null},"geometry":{"type":"LineString","coordinates":[[44.506,40.0862],[44.5015,40.0841]]}},{"type":"Feature","properties":{"waterway":"canal","name":null},"geometry":{"type":"LineString","coordinates":[[44.5065,40.0863],[44.5063,40.0862]]}},{"type":"Feature","properties":{"waterway":"canal","name":null},"geometry":{"type":"LineString","coordinates":[[44.5065,40.0863],[44.5065,40.0863]]}},{"type":"Feature","properties":{"waterway":"canal","name":null},"geometry":{"type":"LineString","coordinates":[[44.4369,40.0834],[44.4373,40.0792]]}},{"type":"Feature","properties":{"waterway":"canal","name":null},"geometry":{"type":"LineString","coordinates":[[44.4573,40.2561],[44.4562,40.249]]}},{"type":"Feature","properties":{"waterway":"canal","name":null},"geometry":{"type":"LineString","coordinates":[[44.4572,40.2561],[44.4503,40.2577]]}},{"type":"Feature","properties":{"waterway":"canal","name":null},"geometry":{"type":"LineString","coordinates":[[44.4573,40.2563],[44.4572,40.2561]]}},{"type":"Feature","properties":{"waterway":"canal","name":null},"geometry":{"type":"LineString","coordinates":[[44.4574,40.2563],[44.4573,40.2561]]}},{"type":"Feature","properties":{"waterway":"canal","name":null},"geometry":{"type":"LineString","coordinates":[[44.3907,40.1206],[44.3841,40.1195]]}},{"type":"Feature","properties":{"waterway":"canal","name":null},"geometry":{"type":"LineString","coordinates":[[44.3881,40.1222],[44.3861,40.1218]]}},{"type":"Feature","properties":{"waterway":"canal","name":null},"geometry":{"type":"LineString","coordinates":[[44.3862,40.131],[44.386,40.1281]]}},{"type":"Feature","properties":{"waterway":"canal","name":null},"geometry":{"type":"LineString","coordinates":[[44.3965,40.135],[44.3958,40.1336]]}},{"type":"Feature","properties":{"waterway":"canal","name":null},"geometry":{"type":"LineString","coordinates":[[44.3965,40.1351],[44.3965,40.135]]}},{"type":"Feature","properties":{"waterway":"canal","name":null},"geometry":{"type":"LineString","coordinates":[[44.3969,40.1357],[44.3965,40.1351]]}},{"type":"Feature","properties":{"waterway":"canal","name":null},"geometry":{"type":"LineString","coordinates":[[44.3951,40.1322],[44.3951,40.1321]]}},{"type":"Feature","properties":{"waterway":"canal","name":null},"geometry":{"type":"LineString","coordinates":[[44.3958,40.1335],[44.3951,40.1322]]}},{"type":"Feature","properties":{"waterway":"canal","name":null},"geometry":{"type":"LineString","coordinates":[[44.3958,40.1336],[44.3958,40.1335]]}},{"type":"Feature","properties":{"waterway":"canal","name":null},"geometry":{"type":"LineString","coordinates":[[44.3857,40.1066],[44.3824,40.1028]]}},{"type":"Feature","properties":{"waterway":"canal","name":null},"geometry":{"type":"LineString","coordinates":[[44.3822,40.1027],[44.3831,40.0967]]}},{"type":"Feature","properties":{"waterway":"canal","name":null},"geometry":{"type":"LineString","coordinates":[[44.3824,40.0957],[44.3817,40.0946]]}},{"type":"Feature","properties":{"waterway":"canal","name":null},"geometry":{"type":"LineString","coordinates":[[44.3831,40.0967],[44.3825,40.0957]]}},{"type":"Feature","properties":{"waterway":"canal","name":null},"geometry":{"type":"LineString","coordinates":[[44.3825,40.0957],[44.3824,40.0957]]}},{"type":"Feature","properties":{"waterway":"canal","name":null},"geometry":{"type":"LineString","coordinates":[[44.3789,40.1012],[44.3822,40.0905]]}},{"type":"Feature","properties":{"waterway":"canal","name":null},"geometry":{"type":"LineString","coordinates":[[44.3932,40.0982],[44.3922,40.0963]]}},{"type":"Feature","properties":{"waterway":"canal","name":null},"geometry":{"type":"LineString","coordinates":[[44.392,40.1015],[44.3925,40.0989]]}},{"type":"Feature","properties":{"waterway":"canal","name":null},"geometry":{"type":"LineString","coordinates":[[44.393,40.0982],[44.3932,40.0982]]}},{"type":"Feature","properties":{"waterway":"canal","name":null},"geometry":{"type":"LineString","coordinates":[[44.3925,40.0988],[44.393,40.0982]]}},{"type":"Feature","properties":{"waterway":"canal","name":null},"geometry":{"type":"LineString","coordinates":[[44.3925,40.0989],[44.3925,40.0988]]}},{"type":"Feature","properties":{"waterway":"canal","name":null},"geometry":{"type":"LineString","coordinates":[[44.4003,40.1063],[44.3965,40.1053]]}},{"type":"Feature","properties":{"waterway":"canal","name":null},"geometry":{"type":"LineString","coordinates":[[44.3874,40.0989],[44.3879,40.0986]]}},{"type":"Feature","properties":{"waterway":"canal","name":null},"geometry":{"type":"LineString","coordinates":[[44.3865,40.0996],[44.3868,40.0994]]}},{"type":"Feature","properties":{"waterway":"canal","name":null},"geometry":{"type":"LineString","coordinates":[[44.3868,40.0994],[44.3868,40.0993]]}},{"type":"Feature","properties":{"waterway":"canal","name":null},"geometry":{"type":"LineString","coordinates":[[44.3868,40.0993],[44.3873,40.099]]}},{"type":"Feature","properties":{"waterway":"canal","name":null},"geometry":{"type":"LineString","coordinates":[[44.3873,40.099],[44.3874,40.0989]]}},{"type":"Feature","properties":{"waterway":"canal","name":null},"geometry":{"type":"LineString","coordinates":[[44.3882,40.0983],[44.3885,40.0981]]}},{"type":"Feature","properties":{"waterway":"canal","name":null},"geometry":{"type":"LineString","coordinates":[[44.3879,40.0986],[44.388,40.0985]]}},{"type":"Feature","properties":{"waterway":"canal","name":null},"geometry":{"type":"LineString","coordinates":[[44.3889,40.0978],[44.3891,40.0977]]}},{"type":"Feature","properties":{"waterway":"canal","name":null},"geometry":{"type":"LineString","coordinates":[[44.3888,40.0979],[44.3889,40.0978]]}},{"type":"Feature","properties":{"waterway":"canal","name":null},"geometry":{"type":"LineString","coordinates":[[44.3885,40.0981],[44.3888,40.0979]]}},{"type":"Feature","properties":{"waterway":"canal","name":null},"geometry":{"type":"LineString","coordinates":[[44.388,40.0985],[44.3882,40.0983]]}},{"type":"Feature","properties":{"waterway":"canal","name":null},"geometry":{"type":"LineString","coordinates":[[44.4591,40.0803],[44.4602,40.0744]]}},{"type":"Feature","properties":{"waterway":"canal","name":null},"geometry":{"type":"LineString","coordinates":[[44.458,40.0826],[44.4576,40.0816]]}},{"type":"Feature","properties":{"waterway":"canal","name":null},"geometry":{"type":"LineString","coordinates":[[44.4576,40.0816],[44.4575,40.0815]]}},{"type":"Feature","properties":{"waterway":"canal","name":null},"geometry":{"type":"LineString","coordinates":[[44.4549,40.0861],[44.4557,40.084]]}},{"type":"Feature","properties":{"waterway":"canal","name":null},"geometry":{"type":"LineString","coordinates":[[44.4582,40.0899],[44.4578,40.0895]]}},{"type":"Feature","properties":{"waterway":"canal","name":null},"geometry":{"type":"LineString","coordinates":[[44.455,40.0862],[44.4549,40.0861]]}},{"type":"Feature","properties":{"waterway":"canal","name":null},"geometry":{"type":"LineString","coordinates":[[44.4554,40.0867],[44.455,40.0862]]}},{"type":"Feature","properties":{"waterway":"canal","name":null},"geometry":{"type":"LineString","coordinates":[[44.4554,40.0868],[44.4554,40.0867]]}},{"type":"Feature","properties":{"waterway":"canal","name":null},"geometry":{"type":"LineString","coordinates":[[44.4558,40.0872],[44.4554,40.0868]]}},{"type":"Feature","properties":{"waterway":"canal","name":null},"geometry":{"type":"LineString","coordinates":[[44.4559,40.0873],[44.4558,40.0872]]}},{"type":"Feature","properties":{"waterway":"canal","name":null},"geometry":{"type":"LineString","coordinates":[[44.4563,40.0878],[44.4559,40.0873]]}},{"type":"Feature","properties":{"waterway":"canal","name":null},"geometry":{"type":"LineString","coordinates":[[44.4564,40.0879],[44.4563,40.0878]]}},{"type":"Feature","properties":{"waterway":"canal","name":null},"geometry":{"type":"LineString","coordinates":[[44.4568,40.0883],[44.4564,40.0879]]}},{"type":"Feature","properties":{"waterway":"canal","name":null},"geometry":{"type":"LineString","coordinates":[[44.4569,40.0884],[44.4568,40.0883]]}},{"type":"Feature","properties":{"waterway":"canal","name":null},"geometry":{"type":"LineString","coordinates":[[44.4572,40.0889],[44.4569,40.0884]]}},{"type":"Feature","properties":{"waterway":"canal","name":null},"geometry":{"type":"LineString","coordinates":[[44.4573,40.089],[44.4572,40.0889]]}},{"type":"Feature","properties":{"waterway":"canal","name":null},"geometry":{"type":"LineString","coordinates":[[44.4577,40.0894],[44.4573,40.089]]}},{"type":"Feature","properties":{"waterway":"canal","name":null},"geometry":{"type":"LineString","coordinates":[[44.4578,40.0895],[44.4577,40.0894]]}},{"type":"Feature","properties":{"waterway":"canal","name":null},"geometry":{"type":"LineString","coordinates":[[44.4575,40.0815],[44.457,40.0805]]}},{"type":"Feature","properties":{"waterway":"canal","name":null},"geometry":{"type":"LineString","coordinates":[[44.457,40.0801],[44.4563,40.0799]]}},{"type":"Feature","properties":{"waterway":"canal","name":null},"geometry":{"type":"LineString","coordinates":[[44.457,40.0805],[44.457,40.0801]]}},{"type":"Feature","properties":{"waterway":"canal","name":null},"geometry":{"type":"LineString","coordinates":[[44.457,40.0801],[44.4591,40.0803]]}},{"type":"Feature","properties":{"waterway":"canal","name":null},"geometry":{"type":"LineString","coordinates":[[44.4591,40.0803],[44.4591,40.0803]]}},{"type":"Feature","properties":{"waterway":"canal","name":null},"geometry":{"type":"LineString","coordinates":[[44.4591,40.0803],[44.4603,40.0804]]}},{"type":"Feature","properties":{"waterway":"canal","name":null},"geometry":{"type":"LineString","coordinates":[[44.4604,40.0804],[44.4616,40.0805]]}},{"type":"Feature","properties":{"waterway":"canal","name":null},"geometry":{"type":"LineString","coordinates":[[44.4603,40.0804],[44.4604,40.0804]]}},{"type":"Feature","properties":{"waterway":"canal","name":null},"geometry":{"type":"LineString","coordinates":[[44.4474,40.0919],[44.4541,40.0908]]}},{"type":"Feature","properties":{"waterway":"river","name":"Ամբերդ"},"geometry":{"type":"LineString","coordinates":[[44.1947,40.4007],[44.2087,40.3895],[44.2338,40.3859]]}},{"type":"Feature","properties":{"waterway":"river","name":"Ամբերդ"},"geometry":{"type":"LineString","coordinates":[[44.1947,40.4007],[44.1947,40.4007]]}},{"type":"Feature","properties":{"waterway":"canal","name":null},"geometry":{"type":"LineString","coordinates":[[44.4928,40.0837],[44.4928,40.0838]]}},{"type":"Feature","properties":{"waterway":"canal","name":null},"geometry":{"type":"LineString","coordinates":[[44.4276,40.1335],[44.4278,40.1334]]}},{"type":"Feature","properties":{"waterway":"canal","name":null},"geometry":{"type":"LineString","coordinates":[[44.4275,40.1336],[44.4276,40.1335]]}},{"type":"Feature","properties":{"waterway":"canal","name":null},"geometry":{"type":"LineString","coordinates":[[44.4141,40.1096],[44.4138,40.1091]]}},{"type":"Feature","properties":{"waterway":"canal","name":null},"geometry":{"type":"LineString","coordinates":[[44.4151,40.1113],[44.4141,40.1096]]}},{"type":"Feature","properties":{"waterway":"canal","name":null},"geometry":{"type":"LineString","coordinates":[[44.4141,40.1096],[44.4141,40.1096]]}},{"type":"Feature","properties":{"waterway":"canal","name":null},"geometry":{"type":"LineString","coordinates":[[44.4137,40.1113],[44.413,40.11]]}},{"type":"Feature","properties":{"waterway":"canal","name":null},"geometry":{"type":"LineString","coordinates":[[44.4073,40.1068],[44.405,40.1071]]}},{"type":"Feature","properties":{"waterway":"canal","name":null},"geometry":{"type":"LineString","coordinates":[[44.4069,40.1064],[44.4071,40.1055]]}},{"type":"Feature","properties":{"waterway":"canal","name":null},"geometry":{"type":"LineString","coordinates":[[44.4146,40.1083],[44.4105,40.1074]]}},{"type":"Feature","properties":{"waterway":"canal","name":null},"geometry":{"type":"LineString","coordinates":[[44.4075,40.1069],[44.4073,40.1068]]}},{"type":"Feature","properties":{"waterway":"canal","name":null},"geometry":{"type":"LineString","coordinates":[[44.4104,40.1074],[44.4075,40.1069]]}},{"type":"Feature","properties":{"waterway":"canal","name":null},"geometry":{"type":"LineString","coordinates":[[44.4105,40.1074],[44.4104,40.1074]]}},{"type":"Feature","properties":{"waterway":"canal","name":null},"geometry":{"type":"LineString","coordinates":[[44.4071,40.1055],[44.4071,40.1053]]}},{"type":"Feature","properties":{"waterway":"canal","name":null},"geometry":{"type":"LineString","coordinates":[[44.4156,40.1095],[44.4149,40.1084]]}},{"type":"Feature","properties":{"waterway":"canal","name":null},"geometry":{"type":"LineString","coordinates":[[44.4158,40.1097],[44.4156,40.1095]]}},{"type":"Feature","properties":{"waterway":"river","name":"Karahan Çayı"},"geometry":{"type":"LineString","coordinates":[[43.6198,40.9788],[43.6278,40.9844]]}},{"type":"Feature","properties":{"waterway":"river","name":"Karahan Çayı"},"geometry":{"type":"LineString","coordinates":[[43.6278,40.9844],[43.6279,40.9846]]}},{"type":"Feature","properties":{"waterway":"river","name":"Karahan Çayı"},"geometry":{"type":"LineString","coordinates":[[43.6279,40.9846],[43.6295,40.9861]]}},{"type":"Feature","properties":{"waterway":"river","name":"Karahan Çayı"},"geometry":{"type":"LineString","coordinates":[[43.6295,40.9861],[43.6296,40.9862]]}},{"type":"Feature","properties":{"waterway":"river","name":"Karahan Çayı"},"geometry":{"type":"LineString","coordinates":[[43.6296,40.9862],[43.6316,40.9952]]}},{"type":"Feature","properties":{"waterway":"canal","name":null},"geometry":{"type":"LineString","coordinates":[[43.7663,40.9415],[43.7665,40.94]]}},{"type":"Feature","properties":{"waterway":"canal","name":null},"geometry":{"type":"LineString","coordinates":[[44.4699,40.1025],[44.4699,40.1021]]}},{"type":"Feature","properties":{"waterway":"canal","name":null},"geometry":{"type":"LineString","coordinates":[[44.4699,40.1021],[44.4698,40.1018]]}},{"type":"Feature","properties":{"waterway":"canal","name":null},"geometry":{"type":"LineString","coordinates":[[44.4698,40.1018],[44.4698,40.1009]]}},{"type":"Feature","properties":{"waterway":"canal","name":null},"geometry":{"type":"LineString","coordinates":[[44.4698,40.1008],[44.4697,40.0995]]}},{"type":"Feature","properties":{"waterway":"canal","name":null},"geometry":{"type":"LineString","coordinates":[[44.4697,40.0993],[44.4696,40.0989]]}},{"type":"Feature","properties":{"waterway":"canal","name":null},"geometry":{"type":"LineString","coordinates":[[44.4695,40.098],[44.4694,40.0969]]}},{"type":"Feature","properties":{"waterway":"river","name":"Kirants"},"geometry":{"type":"LineString","coordinates":[[45.0186,41.0189],[45.0441,41.0212],[45.0486,41.0252],[45.0595,41.0263],[45.0711,41.0328],[45.0876,41.0354],[45.1017,41.0461]]}},{"type":"Feature","properties":{"waterway":"canal","name":"Տկահան ջրանցք"},"geometry":{"type":"LineString","coordinates":[[44.3926,40.2284],[44.393,40.2287]]}},{"type":"Feature","properties":{"waterway":"canal","name":"Տկահան ջրանցք"},"geometry":{"type":"LineString","coordinates":[[44.3925,40.2283],[44.3926,40.2284]]}},{"type":"Feature","properties":{"waterway":"canal","name":null},"geometry":{"type":"LineString","coordinates":[[44.3822,40.1391],[44.3798,40.1377]]}},{"type":"Feature","properties":{"waterway":"canal","name":null},"geometry":{"type":"LineString","coordinates":[[44.3829,40.1404],[44.3823,40.1392]]}},{"type":"Feature","properties":{"waterway":"canal","name":null},"geometry":{"type":"LineString","coordinates":[[44.3835,40.1416],[44.3829,40.1405]]}},{"type":"Feature","properties":{"waterway":"canal","name":null},"geometry":{"type":"LineString","coordinates":[[44.3841,40.1431],[44.3835,40.1417]]}},{"type":"Feature","properties":{"waterway":"canal","name":null},"geometry":{"type":"LineString","coordinates":[[44.3499,40.3423],[44.3356,40.3317]]}},{"type":"Feature","properties":{"waterway":"canal","name":null},"geometry":{"type":"LineString","coordinates":[[44.3499,40.3424],[44.3499,40.3423]]}},{"type":"Feature","properties":{"waterway":"canal","name":null},"geometry":{"type":"LineString","coordinates":[[44.35,40.3424],[44.3499,40.3424]]}},{"type":"Feature","properties":{"waterway":"river","name":"Մասրիկ"},"geometry":{"type":"LineString","coordinates":[[45.8093,40.1719],[45.8095,40.1839],[45.805,40.2042]]}},{"type":"Feature","properties":{"waterway":"river","name":"Մասրիկ"},"geometry":{"type":"LineString","coordinates":[[45.8093,40.1718],[45.8093,40.1719]]}},{"type":"Feature","properties":{"waterway":"river","name":"Մասրիկ"},"geometry":{"type":"LineString","coordinates":[[45.8373,40.1112],[45.8225,40.1208],[45.8182,40.1327],[45.8129,40.1379],[45.8155,40.1511],[45.8111,40.1573],[45.8093,40.1718]]}},{"type":"Feature","properties":{"waterway":"river","name":"Շողվակ"},"geometry":{"type":"LineString","coordinates":[[45.2115,40.189],[45.2115,40.189]]}},{"type":"Feature","properties":{"waterway":"river","name":"Շողվակ"},"geometry":{"type":"LineString","coordinates":[[45.2066,40.1841],[45.2115,40.189]]}},{"type":"Feature","properties":{"waterway":"canal","name":null},"geometry":{"type":"LineString","coordinates":[[44.3896,40.0974],[44.3897,40.0974]]}},{"type":"Feature","properties":{"waterway":"canal","name":null},"geometry":{"type":"LineString","coordinates":[[44.3894,40.0975],[44.3896,40.0974]]}},{"type":"Feature","properties":{"waterway":"canal","name":null},"geometry":{"type":"LineString","coordinates":[[43.874,40.0647],[43.8895,40.0713]]}},{"type":"Feature","properties":{"waterway":"canal","name":null},"geometry":{"type":"LineString","coordinates":[[43.8896,40.0713],[43.8959,40.074]]}},{"type":"Feature","properties":{"waterway":"canal","name":null},"geometry":{"type":"LineString","coordinates":[[43.8895,40.0713],[43.8896,40.0713]]}},{"type":"Feature","properties":{"waterway":"canal","name":null},"geometry":{"type":"LineString","coordinates":[[43.8522,40.0554],[43.8645,40.0606]]}},{"type":"Feature","properties":{"waterway":"canal","name":null},"geometry":{"type":"LineString","coordinates":[[43.8645,40.0606],[43.8646,40.0607]]}},{"type":"Feature","properties":{"waterway":"canal","name":null},"geometry":{"type":"LineString","coordinates":[[43.8646,40.0607],[43.8739,40.0646]]}},{"type":"Feature","properties":{"waterway":"canal","name":null},"geometry":{"type":"LineString","coordinates":[[43.8739,40.0646],[43.874,40.0647]]}},{"type":"Feature","properties":{"waterway":"canal","name":null},"geometry":{"type":"LineString","coordinates":[[43.8497,40.0569],[43.8521,40.0555]]}},{"type":"Feature","properties":{"waterway":"canal","name":null},"geometry":{"type":"LineString","coordinates":[[43.8521,40.0555],[43.8522,40.0554]]}},{"type":"Feature","properties":{"waterway":"canal","name":null},"geometry":{"type":"LineString","coordinates":[[43.8961,40.074],[43.9014,40.076]]}},{"type":"Feature","properties":{"waterway":"canal","name":null},"geometry":{"type":"LineString","coordinates":[[43.8959,40.074],[43.8961,40.074]]}},{"type":"Feature","properties":{"waterway":"canal","name":null},"geometry":{"type":"LineString","coordinates":[[43.8864,40.1061],[43.8862,40.0985],[43.884,40.0985]]}},{"type":"Feature","properties":{"waterway":"canal","name":null},"geometry":{"type":"LineString","coordinates":[[43.8745,40.0993],[43.8739,40.0992]]}},{"type":"Feature","properties":{"waterway":"canal","name":null},"geometry":{"type":"LineString","coordinates":[[43.8756,40.0988],[43.8745,40.0993]]}},{"type":"Feature","properties":{"waterway":"canal","name":null},"geometry":{"type":"LineString","coordinates":[[43.8757,40.0987],[43.8756,40.0988]]}},{"type":"Feature","properties":{"waterway":"canal","name":null},"geometry":{"type":"LineString","coordinates":[[43.8838,40.0985],[43.8757,40.0987]]}},{"type":"Feature","properties":{"waterway":"canal","name":null},"geometry":{"type":"LineString","coordinates":[[43.884,40.0985],[43.8838,40.0985]]}},{"type":"Feature","properties":{"waterway":"canal","name":null},"geometry":{"type":"LineString","coordinates":[[43.8864,40.1087],[43.8864,40.1062]]}},{"type":"Feature","properties":{"waterway":"canal","name":null},"geometry":{"type":"LineString","coordinates":[[43.8864,40.1062],[43.8864,40.1061]]}},{"type":"Feature","properties":{"waterway":"canal","name":null},"geometry":{"type":"LineString","coordinates":[[44.6475,39.8676],[44.6408,39.8584],[44.6285,39.8512]]}},{"type":"Feature","properties":{"waterway":"canal","name":null},"geometry":{"type":"LineString","coordinates":[[43.926,40.7564],[43.9261,40.7563]]}},{"type":"Feature","properties":{"waterway":"canal","name":null},"geometry":{"type":"LineString","coordinates":[[43.9259,40.761],[43.926,40.7564]]}},{"type":"Feature","properties":{"waterway":"canal","name":"Լոռվա ջրանցք"},"geometry":{"type":"LineString","coordinates":[[44.3898,41.0435],[44.3903,41.0434]]}},{"type":"Feature","properties":{"waterway":"canal","name":"Լոռվա ջրանցք"},"geometry":{"type":"LineString","coordinates":[[44.3903,41.0434],[44.4026,41.0354]]}},{"type":"Feature","properties":{"waterway":"canal","name":"Լոռվա ջրանցք"},"geometry":{"type":"LineString","coordinates":[[44.4026,41.0354],[44.4027,41.0354]]}},{"type":"Feature","properties":{"waterway":"canal","name":"Արմավիրի մայր ջրանցք"},"geometry":{"type":"LineString","coordinates":[[43.9297,40.1614],[43.9306,40.1628]]}},{"type":"Feature","properties":{"waterway":"canal","name":"Արմավիրի մայր ջրանցք"},"geometry":{"type":"LineString","coordinates":[[43.9296,40.1614],[43.9297,40.1614]]}},{"type":"Feature","properties":{"waterway":"canal","name":"Արմավիրի մայր ջրանցք"},"geometry":{"type":"LineString","coordinates":[[43.9276,40.16],[43.9296,40.1614]]}},{"type":"Feature","properties":{"waterway":"canal","name":"Արմավիրի մայր ջրանցք"},"geometry":{"type":"LineString","coordinates":[[43.9277,40.1598],[43.9276,40.16]]}},{"type":"Feature","properties":{"waterway":"canal","name":"Արմավիրի մայր ջրանցք"},"geometry":{"type":"LineString","coordinates":[[43.9373,40.1402],[43.9323,40.1429]]}},{"type":"Feature","properties":{"waterway":"canal","name":"Արմավիրի մայր ջրանցք"},"geometry":{"type":"LineString","coordinates":[[43.9321,40.1432],[43.9315,40.1439]]}},{"type":"Feature","properties":{"waterway":"canal","name":"Արմավիրի մայր ջրանցք"},"geometry":{"type":"LineString","coordinates":[[43.9323,40.1429],[43.9321,40.1432]]}},{"type":"Feature","properties":{"waterway":"canal","name":"Արմավիրի մայր ջրանցք"},"geometry":{"type":"LineString","coordinates":[[43.9315,40.1439],[43.9313,40.1441]]}},{"type":"Feature","properties":{"waterway":"river","name":"Տանձուտ"},"geometry":{"type":"LineString","coordinates":[[44.4985,40.8135],[44.4974,40.8152],[44.4994,40.816]]}},{"type":"Feature","properties":{"waterway":"river","name":"Տանձուտ"},"geometry":{"type":"LineString","coordinates":[[44.4987,40.8133],[44.4985,40.8135]]}},{"type":"Feature","properties":{"waterway":"canal","name":"Արզնի ջրանցք"},"geometry":{"type":"LineString","coordinates":[[44.3628,40.2684],[44.3627,40.2684]]}},{"type":"Feature","properties":{"waterway":"canal","name":null},"geometry":{"type":"LineString","coordinates":[[44.3585,40.2494],[44.3613,40.2396]]}},{"type":"Feature","properties":{"waterway":"canal","name":null},"geometry":{"type":"LineString","coordinates":[[44.3614,40.2394],[44.3616,40.2375]]}},{"type":"Feature","properties":{"waterway":"canal","name":null},"geometry":{"type":"LineString","coordinates":[[44.3613,40.2396],[44.3614,40.2394]]}},{"type":"Feature","properties":{"waterway":"canal","name":null},"geometry":{"type":"LineString","coordinates":[[44.4196,40.2598],[44.4207,40.2583]]}},{"type":"Feature","properties":{"waterway":"canal","name":null},"geometry":{"type":"LineString","coordinates":[[44.4209,40.261],[44.4204,40.2609]]}},{"type":"Feature","properties":{"waterway":"canal","name":null},"geometry":{"type":"LineString","coordinates":[[44.5263,40.2845],[44.5261,40.2792]]}},{"type":"Feature","properties":{"waterway":"canal","name":null},"geometry":{"type":"LineString","coordinates":[[44.5266,40.2846],[44.5263,40.2845]]}},{"type":"Feature","properties":{"waterway":"canal","name":null},"geometry":{"type":"LineString","coordinates":[[44.5587,40.0629],[44.5517,40.0572]]}},{"type":"Feature","properties":{"waterway":"canal","name":null},"geometry":{"type":"LineString","coordinates":[[44.5516,40.0571],[44.5465,40.0545]]}},{"type":"Feature","properties":{"waterway":"canal","name":null},"geometry":{"type":"LineString","coordinates":[[44.5465,40.0546],[44.5462,40.0544]]}},{"type":"Feature","properties":{"waterway":"canal","name":null},"geometry":{"type":"LineString","coordinates":[[44.5461,40.0544],[44.5439,40.0533]]}},{"type":"Feature","properties":{"waterway":"canal","name":null},"geometry":{"type":"LineString","coordinates":[[44.3457,40.302],[44.345,40.3046],[44.3431,40.3018],[44.3394,40.3036],[44.3339,40.3004]]}},{"type":"Feature","properties":{"waterway":"canal","name":null},"geometry":{"type":"LineString","coordinates":[[44.301,40.1978],[44.3058,40.191]]}},{"type":"Feature","properties":{"waterway":"canal","name":null},"geometry":{"type":"LineString","coordinates":[[44.3009,40.1977],[44.2994,40.1901]]}},{"type":"Feature","properties":{"waterway":"canal","name":null},"geometry":{"type":"LineString","coordinates":[[44.2966,40.2027],[44.3009,40.1979]]}},{"type":"Feature","properties":{"waterway":"canal","name":null},"geometry":{"type":"LineString","coordinates":[[44.3009,40.1978],[44.301,40.1978]]}},{"type":"Feature","properties":{"waterway":"canal","name":null},"geometry":{"type":"LineString","coordinates":[[44.3009,40.1978],[44.3009,40.1977]]}},{"type":"Feature","properties":{"waterway":"canal","name":null},"geometry":{"type":"LineString","coordinates":[[44.3009,40.1979],[44.3009,40.1978]]}},{"type":"Feature","properties":{"waterway":"canal","name":null},"geometry":{"type":"LineString","coordinates":[[44.3009,40.1979],[44.3009,40.1978]]}},{"type":"Feature","properties":{"waterway":"canal","name":null},"geometry":{"type":"LineString","coordinates":[[44.3058,40.1909],[44.3054,40.187]]}},{"type":"Feature","properties":{"waterway":"canal","name":null},"geometry":{"type":"LineString","coordinates":[[44.3097,40.1973],[44.3098,40.1903]]}},{"type":"Feature","properties":{"waterway":"canal","name":null},"geometry":{"type":"LineString","coordinates":[[43.8198,41.1331],[43.8191,41.1324]]}},{"type":"Feature","properties":{"waterway":"river","name":"Ափնագետ"},"geometry":{"type":"LineString","coordinates":[[44.4017,40.434],[44.4055,40.4247]]}},{"type":"Feature","properties":{"waterway":"river","name":"Ափնագետ"},"geometry":{"type":"LineString","coordinates":[[44.391,40.4399],[44.3928,40.4369],[44.4017,40.434]]}},{"type":"Feature","properties":{"waterway":"river","name":"Տաշիր"},"geometry":{"type":"LineString","coordinates":[[44.2853,41.1414],[44.2864,41.1365],[44.2829,41.1276],[44.2982,41.1114],[44.2988,41.1097],[44.2956,41.1092]]}},{"type":"Feature","properties":{"waterway":"river","name":"Տաշիր"},"geometry":{"type":"LineString","coordinates":[[44.2956,41.1092],[44.2952,41.1091]]}},{"type":"Feature","properties":{"waterway":"canal","name":null},"geometry":{"type":"LineString","coordinates":[[44.4308,40.0838],[44.4285,40.0833]]}},{"type":"Feature","properties":{"waterway":"canal","name":null},"geometry":{"type":"LineString","coordinates":[[44.4308,40.0838],[44.4346,40.0816]]}},{"type":"Feature","properties":{"waterway":"canal","name":null},"geometry":{"type":"LineString","coordinates":[[44.4169,40.1114],[44.4165,40.1109]]}},{"type":"Feature","properties":{"waterway":"canal","name":null},"geometry":{"type":"LineString","coordinates":[[44.4165,40.1109],[44.4165,40.1108]]}},{"type":"Feature","properties":{"waterway":"canal","name":"Ողջի"},"geometry":{"type":"LineString","coordinates":[[46.217,39.1661],[46.2171,39.1665]]}},{"type":"Feature","properties":{"waterway":"canal","name":"Ողջի"},"geometry":{"type":"LineString","coordinates":[[46.2171,39.1665],[46.2369,39.1785]]}},{"type":"Feature","properties":{"waterway":"river","name":"Ողջի"},"geometry":{"type":"LineString","coordinates":[[46.073,39.128],[46.0905,39.1379],[46.1057,39.1575],[46.1327,39.1561],[46.1466,39.1505],[46.1565,39.1493],[46.1627,39.1512],[46.1669,39.1492],[46.1861,39.1514],[46.1913,39.15],[46.217,39.1661]]}},{"type":"Feature","properties":{"waterway":"canal","name":null},"geometry":{"type":"LineString","coordinates":[[43.8904,40.1732],[43.8927,40.1665]]}},{"type":"Feature","properties":{"waterway":"river","name":null},"geometry":{"type":"LineString","coordinates":[[44.3181,41.0937],[44.3216,41.0862]]}},{"type":"Feature","properties":{"waterway":"canal","name":null},"geometry":{"type":"LineString","coordinates":[[43.7128,40.2354],[43.7181,40.2375],[43.7351,40.2242]]}},{"type":"Feature","properties":{"waterway":"river","name":"Խաչբուլաղ"},"geometry":{"type":"LineString","coordinates":[[44.8842,40.8753],[44.8842,40.8752]]}},{"type":"Feature","properties":{"waterway":"river","name":"Խաչբուլաղ"},"geometry":{"type":"LineString","coordinates":[[44.8554,40.8579],[44.8648,40.8668],[44.8842,40.8753]]}},{"type":"Feature","properties":{"waterway":"canal","name":null},"geometry":{"type":"LineString","coordinates":[[44.6713,40.4408],[44.6587,40.4401],[44.6505,40.437]]}},{"type":"Feature","properties":{"waterway":"canal","name":null},"geometry":{"type":"LineString","coordinates":[[44.6817,40.4467],[44.6651,40.4465]]}},{"type":"Feature","properties":{"waterway":"canal","name":null},"geometry":{"type":"LineString","coordinates":[[44.665,40.4464],[44.6592,40.4456]]}},{"type":"Feature","properties":{"waterway":"canal","name":null},"geometry":{"type":"LineString","coordinates":[[44.6651,40.4465],[44.665,40.4464]]}},{"type":"Feature","properties":{"waterway":"canal","name":null},"geometry":{"type":"LineString","coordinates":[[44.6902,40.4467],[44.6838,40.4465]]}},{"type":"Feature","properties":{"waterway":"canal","name":null},"geometry":{"type":"LineString","coordinates":[[44.682,40.4467],[44.6817,40.4467]]}},{"type":"Feature","properties":{"waterway":"canal","name":null},"geometry":{"type":"LineString","coordinates":[[44.6838,40.4465],[44.682,40.4467]]}},{"type":"Feature","properties":{"waterway":"canal","name":null},"geometry":{"type":"LineString","coordinates":[[44.6838,40.4465],[44.6825,40.4396],[44.6783,40.438]]}},{"type":"Feature","properties":{"waterway":"canal","name":null},"geometry":{"type":"LineString","coordinates":[[44.6817,40.4533],[44.6724,40.4538]]}},{"type":"Feature","properties":{"waterway":"canal","name":null},"geometry":{"type":"LineString","coordinates":[[44.6902,40.4467],[44.688,40.4496]]}},{"type":"Feature","properties":{"waterway":"canal","name":null},"geometry":{"type":"LineString","coordinates":[[44.688,40.4496],[44.688,40.4497]]}},{"type":"Feature","properties":{"waterway":"canal","name":null},"geometry":{"type":"LineString","coordinates":[[44.6723,40.4539],[44.6642,40.4543],[44.6606,40.452]]}},{"type":"Feature","properties":{"waterway":"canal","name":null},"geometry":{"type":"LineString","coordinates":[[44.6724,40.4538],[44.6723,40.4539]]}},{"type":"Feature","properties":{"waterway":"river","name":null},"geometry":{"type":"LineString","coordinates":[[44.7205,40.1178],[44.7204,40.1177]]}},{"type":"Feature","properties":{"waterway":"river","name":null},"geometry":{"type":"LineString","coordinates":[[44.7285,40.1225],[44.7205,40.1178]]}},{"type":"Feature","properties":{"waterway":"canal","name":null},"geometry":{"type":"LineString","coordinates":[[44.3887,40.1223],[44.3882,40.1222]]}},{"type":"Feature","properties":{"waterway":"canal","name":null},"geometry":{"type":"LineString","coordinates":[[44.8217,41.2516],[44.8208,41.2596],[44.818,41.2606]]}},{"type":"Feature","properties":{"waterway":"canal","name":null},"geometry":{"type":"LineString","coordinates":[[44.8301,41.246],[44.83,41.2461]]}},{"type":"Feature","properties":{"waterway":"canal","name":null},"geometry":{"type":"LineString","coordinates":[[44.83,41.2461],[44.8218,41.2515]]}},{"type":"Feature","properties":{"waterway":"canal","name":null},"geometry":{"type":"LineString","coordinates":[[44.8218,41.2515],[44.8217,41.2516]]}},{"type":"Feature","properties":{"waterway":"canal","name":null},"geometry":{"type":"LineString","coordinates":[[44.8181,41.2606],[44.8173,41.2628]]}},{"type":"Feature","properties":{"waterway":"canal","name":null},"geometry":{"type":"LineString","coordinates":[[44.818,41.2606],[44.8181,41.2606]]}},{"type":"Feature","properties":{"waterway":"river","name":"Ձորագետ"},"geometry":{"type":"LineString","coordinates":[[44.4157,41.0061],[44.4308,40.9994],[44.4344,41.0022]]}},{"type":"Feature","properties":{"waterway":"river","name":"Ձորագետ"},"geometry":{"type":"LineString","coordinates":[[44.5792,40.962],[44.5829,40.9577],[44.5893,40.9555],[44.5973,40.9556],[44.6067,40.9599],[44.622,40.9562],[44.6325,40.9577]]}},{"type":"Feature","properties":{"waterway":"river","name":"Դեբեդ"},"geometry":{"type":"LineString","coordinates":[[44.8504,41.1724],[44.8563,41.1776]]}},{"type":"Feature","properties":{"waterway":"river","name":"Դեբեդ"},"geometry":{"type":"LineString","coordinates":[[44.6556,40.9909],[44.6521,40.999],[44.6462,41.0021]]}},{"type":"Feature","properties":{"waterway":"river","name":"Դեբեդ"},"geometry":{"type":"LineString","coordinates":[[44.6462,41.0021],[44.6387,41.0051]]}},{"type":"Feature","properties":{"waterway":"river","name":null},"geometry":{"type":"LineString","coordinates":[[44.3055,40.6513],[44.3057,40.651]]}},{"type":"Feature","properties":{"waterway":"river","name":"Ծաղկաձոր"},"geometry":{"type":"LineString","coordinates":[[44.6619,40.5114],[44.6822,40.5206]]}},{"type":"Feature","properties":{"waterway":"river","name":"Ծաղկաձոր"},"geometry":{"type":"LineString","coordinates":[[44.6822,40.5206],[44.6913,40.5243]]}},{"type":"Feature","properties":{"waterway":"river","name":"Հրազդան"},"geometry":{"type":"LineString","coordinates":[[44.7419,40.5008],[44.7362,40.4957],[44.7394,40.4944],[44.7386,40.4882],[44.7322,40.4864],[44.7364,40.4824],[44.7367,40.4781],[44.7282,40.4755],[44.7241,40.4783],[44.7171,40.4715],[44.7121,40.4722],[44.7064,40.4679],[44.6997,40.4671],[44.6938,40.4614],[44.6872,40.4605]]}},{"type":"Feature","properties":{"waterway":"river","name":"Հրազդան"},"geometry":{"type":"LineString","coordinates":[[44.6872,40.4605],[44.6819,40.4576],[44.6784,40.4599]]}},{"type":"Feature","properties":{"waterway":"river","name":"Հրազդան"},"geometry":{"type":"LineString","coordinates":[[44.5806,40.4072],[44.5862,40.4054],[44.5879,40.4016],[44.5898,40.4026],[44.5885,40.4045],[44.5937,40.403],[44.5929,40.4009]]}},{"type":"Feature","properties":{"waterway":"river","name":"Հրազդան"},"geometry":{"type":"LineString","coordinates":[[44.585,40.4115],[44.5806,40.4072]]}},{"type":"Feature","properties":{"waterway":"river","name":"Հրազդան"},"geometry":{"type":"LineString","coordinates":[[44.5981,40.4265],[44.593,40.416],[44.585,40.4115]]}},{"type":"Feature","properties":{"waterway":"river","name":"Հրազդան"},"geometry":{"type":"LineString","coordinates":[[44.5929,40.4009],[44.5948,40.3946],[44.5992,40.3941],[44.6021,40.3906],[44.6036,40.3818],[44.6071,40.38]]}},{"type":"Feature","properties":{"waterway":"river","name":"Հրազդան"},"geometry":{"type":"LineString","coordinates":[[44.5901,40.2885],[44.5906,40.2829],[44.5884,40.2797],[44.5755,40.2755],[44.5742,40.2696],[44.5674,40.2655]]}},{"type":"Feature","properties":{"waterway":"canal","name":"Կոտայք ջրանցք"},"geometry":{"type":"LineString","coordinates":[[44.6159,40.2137],[44.6032,40.2115],[44.6096,40.2062],[44.6136,40.206],[44.6166,40.2018]]}},{"type":"Feature","properties":{"waterway":"canal","name":"Կոտայք ջրանցք"},"geometry":{"type":"LineString","coordinates":[[44.6273,40.222],[44.6193,40.2192],[44.6159,40.2137]]}},{"type":"Feature","properties":{"waterway":"river","name":"Հրազդան"},"geometry":{"type":"LineString","coordinates":[[44.591,40.2911],[44.5901,40.2885]]}},{"type":"Feature","properties":{"waterway":"river","name":"Հրազդան"},"geometry":{"type":"LineString","coordinates":[[44.5861,40.3192],[44.5864,40.3146]]}},{"type":"Feature","properties":{"waterway":"canal","name":null},"geometry":{"type":"LineString","coordinates":[[44.0132,40.0538],[44.0263,40.0593]]}},{"type":"Feature","properties":{"waterway":"canal","name":null},"geometry":{"type":"LineString","coordinates":[[44.0263,40.0593],[44.0263,40.0594]]}},{"type":"Feature","properties":{"waterway":"canal","name":null},"geometry":{"type":"LineString","coordinates":[[44.4836,40.136],[44.4827,40.1312]]}},{"type":"Feature","properties":{"waterway":"canal","name":null},"geometry":{"type":"LineString","coordinates":[[44.6834,39.8872],[44.6885,39.8871]]}},{"type":"Feature","properties":{"waterway":"canal","name":null},"geometry":{"type":"LineString","coordinates":[[44.6786,39.8841],[44.6832,39.8872]]}},{"type":"Feature","properties":{"waterway":"canal","name":null},"geometry":{"type":"LineString","coordinates":[[44.6832,39.8872],[44.6834,39.8872]]}},{"type":"Feature","properties":{"waterway":"canal","name":null},"geometry":{"type":"LineString","coordinates":[[44.695,39.893],[44.6885,39.8871]]}},{"type":"Feature","properties":{"waterway":"canal","name":null},"geometry":{"type":"LineString","coordinates":[[44.6885,39.8871],[44.6815,39.8785]]}},{"type":"Feature","properties":{"waterway":"canal","name":null},"geometry":{"type":"LineString","coordinates":[[44.6885,39.8871],[44.6885,39.8871]]}},{"type":"Feature","properties":{"waterway":"canal","name":null},"geometry":{"type":"LineString","coordinates":[[44.6885,39.8871],[44.6885,39.8871]]}},{"type":"Feature","properties":{"waterway":"canal","name":null},"geometry":{"type":"LineString","coordinates":[[44.7046,39.8982],[44.7007,39.8958]]}},{"type":"Feature","properties":{"waterway":"canal","name":null},"geometry":{"type":"LineString","coordinates":[[44.7007,39.8958],[44.7006,39.8957]]}},{"type":"Feature","properties":{"waterway":"canal","name":null},"geometry":{"type":"LineString","coordinates":[[44.6951,39.8931],[44.695,39.893]]}},{"type":"Feature","properties":{"waterway":"river","name":null},"geometry":{"type":"LineString","coordinates":[[45.8898,39.4084],[45.897,39.4078],[45.9019,39.4044]]}},{"type":"Feature","properties":{"waterway":"river","name":null},"geometry":{"type":"LineString","coordinates":[[45.8654,39.375],[45.8732,39.3778],[45.8846,39.3918],[45.8983,39.3999],[45.9019,39.4044]]}},{"type":"Feature","properties":{"waterway":"river","name":null},"geometry":{"type":"LineString","coordinates":[[45.9019,39.4044],[45.9092,39.4065],[45.9205,39.4199],[45.9298,39.4225],[45.9395,39.4308],[45.9422,39.437],[45.9547,39.4396],[45.9565,39.4436],[45.9604,39.4444],[45.9707,39.4556],[45.9942,39.4708]]}},{"type":"Feature","properties":{"waterway":"canal","name":null},"geometry":{"type":"LineString","coordinates":[[43.8717,40.3495],[43.8711,40.3451]]}},{"type":"Feature","properties":{"waterway":"canal","name":null},"geometry":{"type":"LineString","coordinates":[[43.8717,40.3495],[43.8675,40.3503],[43.8653,40.3552]]}},{"type":"Feature","properties":{"waterway":"canal","name":null},"geometry":{"type":"LineString","coordinates":[[43.8644,40.3554],[43.8636,40.355]]}},{"type":"Feature","properties":{"waterway":"canal","name":null},"geometry":{"type":"LineString","coordinates":[[43.8627,40.3546],[43.8622,40.3544]]}},{"type":"Feature","properties":{"waterway":"canal","name":null},"geometry":{"type":"LineString","coordinates":[[43.8619,40.3543],[43.8602,40.3522]]}},{"type":"Feature","properties":{"waterway":"canal","name":null},"geometry":{"type":"LineString","coordinates":[[43.8522,40.4075],[43.8503,40.4056]]}},{"type":"Feature","properties":{"waterway":"canal","name":null},"geometry":{"type":"LineString","coordinates":[[43.8522,40.4076],[43.8522,40.4075]]}},{"type":"Feature","properties":{"waterway":"canal","name":"Գառնի ջրանցք"},"geometry":{"type":"LineString","coordinates":[[44.7072,40.1277],[44.7073,40.1296]]}},{"type":"Feature","properties":{"waterway":"river","name":"Արտաբուն"},"geometry":{"type":"LineString","coordinates":[[45.2956,39.8347],[45.2959,39.8301],[45.2987,39.828]]}},{"type":"Feature","properties":{"waterway":"river","name":"Արտաբուն"},"geometry":{"type":"LineString","coordinates":[[45.2951,39.8348],[45.2956,39.8347]]}},{"type":"Feature","properties":{"waterway":"river","name":"Ախուրյան"},"geometry":{"type":"LineString","coordinates":[[43.7221,40.6575],[43.7185,40.657],[43.7206,40.6543],[43.7179,40.6508],[43.7226,40.6427],[43.7177,40.6361],[43.712,40.6344],[43.7071,40.6194],[43.6998,40.6089],[43.6925,40.604],[43.6844,40.5879],[43.6761,40.5788],[43.668,40.5742],[43.6691,40.5675],[43.663,40.5635],[43.6561,40.5658],[43.6452,40.5628]]}},{"type":"Feature","properties":{"waterway":"canal","name":null},"geometry":{"type":"LineString","coordinates":[[44.8521,39.9335],[44.8388,39.933],[44.8361,39.9349],[44.8356,39.9306]]}},{"type":"Feature","properties":{"waterway":"canal","name":null},"geometry":{"type":"LineString","coordinates":[[44.3803,40.2503],[44.3734,40.2437],[44.3754,40.2396],[44.3711,40.2386]]}},{"type":"Feature","properties":{"waterway":"canal","name":null},"geometry":{"type":"LineString","coordinates":[[44.371,40.2385],[44.3719,40.2348]]}},{"type":"Feature","properties":{"waterway":"canal","name":null},"geometry":{"type":"LineString","coordinates":[[44.3711,40.2386],[44.371,40.2385]]}},{"type":"Feature","properties":{"waterway":"canal","name":null},"geometry":{"type":"LineString","coordinates":[[44.3719,40.2348],[44.3672,40.232]]}},{"type":"Feature","properties":{"waterway":"canal","name":null},"geometry":{"type":"LineString","coordinates":[[44.3719,40.2348],[44.3738,40.2321],[44.3721,40.2285]]}},{"type":"Feature","properties":{"waterway":"canal","name":null},"geometry":{"type":"LineString","coordinates":[[43.8177,40.4246],[43.8115,40.4267],[43.8123,40.4299],[43.8105,40.4302]]}},{"type":"Feature","properties":{"waterway":"canal","name":null},"geometry":{"type":"LineString","coordinates":[[43.8104,40.4302],[43.8052,40.4341]]}},{"type":"Feature","properties":{"waterway":"canal","name":null},"geometry":{"type":"LineString","coordinates":[[43.8105,40.4302],[43.8104,40.4302]]}},{"type":"Feature","properties":{"waterway":"canal","name":null},"geometry":{"type":"LineString","coordinates":[[43.82,40.4246],[43.8178,40.4245]]}},{"type":"Feature","properties":{"waterway":"canal","name":null},"geometry":{"type":"LineString","coordinates":[[43.8178,40.4245],[43.8177,40.4246]]}},{"type":"Feature","properties":{"waterway":"canal","name":null},"geometry":{"type":"LineString","coordinates":[[43.8051,40.4341],[43.802,40.4371]]}},{"type":"Feature","properties":{"waterway":"canal","name":null},"geometry":{"type":"LineString","coordinates":[[43.8052,40.4341],[43.8051,40.4341]]}},{"type":"Feature","properties":{"waterway":"canal","name":null},"geometry":{"type":"LineString","coordinates":[[44.4932,40.0037],[44.4961,40.0057]]}},{"type":"Feature","properties":{"waterway":"canal","name":null},"geometry":{"type":"LineString","coordinates":[[44.4961,40.0057],[44.4961,40.0058]]}},{"type":"Feature","properties":{"waterway":"canal","name":null},"geometry":{"type":"LineString","coordinates":[[44.4916,40.0402],[44.487,40.0372]]}},{"type":"Feature","properties":{"waterway":"canal","name":null},"geometry":{"type":"LineString","coordinates":[[44.4993,40.0453],[44.4946,40.0422]]}},{"type":"Feature","properties":{"waterway":"canal","name":null},"geometry":{"type":"LineString","coordinates":[[44.4917,40.0403],[44.4916,40.0402]]}},{"type":"Feature","properties":{"waterway":"canal","name":null},"geometry":{"type":"LineString","coordinates":[[44.4945,40.0421],[44.4917,40.0403]]}},{"type":"Feature","properties":{"waterway":"canal","name":null},"geometry":{"type":"LineString","coordinates":[[44.4946,40.0422],[44.4945,40.0421]]}},{"type":"Feature","properties":{"waterway":"river","name":"Գետար"},"geometry":{"type":"LineString","coordinates":[[44.5232,40.1782],[44.5219,40.1763]]}},{"type":"Feature","properties":{"waterway":"river","name":"Գետար"},"geometry":{"type":"LineString","coordinates":[[44.5233,40.1783],[44.5232,40.1782]]}},{"type":"Feature","properties":{"waterway":"river","name":"Գետար"},"geometry":{"type":"LineString","coordinates":[[44.5233,40.1785],[44.5233,40.1783]]}},{"type":"Feature","properties":{"waterway":"canal","name":null},"geometry":{"type":"LineString","coordinates":[[44.6189,39.9625],[44.6256,39.9665]]}},{"type":"Feature","properties":{"waterway":"canal","name":null},"geometry":{"type":"LineString","coordinates":[[44.6258,39.9667],[44.6256,39.9665]]}},{"type":"Feature","properties":{"waterway":"river","name":"Դալար"},"geometry":{"type":"LineString","coordinates":[[44.5633,40.5174],[44.5635,40.5173]]}},{"type":"Feature","properties":{"waterway":"river","name":"Դալար"},"geometry":{"type":"LineString","coordinates":[[44.5617,40.5183],[44.5633,40.5174]]}},{"type":"Feature","properties":{"waterway":"river","name":"Դալար"},"geometry":{"type":"LineString","coordinates":[[44.5615,40.5183],[44.5617,40.5183]]}},{"type":"Feature","properties":{"waterway":"river","name":"Դալար"},"geometry":{"type":"LineString","coordinates":[[44.5612,40.5189],[44.5615,40.5183]]}},{"type":"Feature","properties":{"waterway":"canal","name":null},"geometry":{"type":"LineString","coordinates":[[44.4876,40.273],[44.4836,40.2713]]}},{"type":"Feature","properties":{"waterway":"canal","name":null},"geometry":{"type":"LineString","coordinates":[[44.4921,40.272],[44.4878,40.2731]]}},{"type":"Feature","properties":{"waterway":"canal","name":null},"geometry":{"type":"LineString","coordinates":[[44.4878,40.2731],[44.4876,40.273]]}},{"type":"Feature","properties":{"waterway":"canal","name":null},"geometry":{"type":"LineString","coordinates":[[44.4614,40.3008],[44.456,40.2975]]}},{"type":"Feature","properties":{"waterway":"canal","name":null},"geometry":{"type":"LineString","coordinates":[[44.4894,40.3081],[44.4833,40.2994]]}},{"type":"Feature","properties":{"waterway":"river","name":"შულავერი / Շուլավեր"},"geometry":{"type":"LineString","coordinates":[[44.5871,41.1975],[44.5979,41.2022],[44.6017,41.2142],[44.6078,41.2203],[44.6026,41.2363],[44.6068,41.2411],[44.6196,41.2406],[44.6484,41.2336],[44.6574,41.2344],[44.6639,41.2382],[44.6751,41.2364],[44.6855,41.2404]]}},{"type":"Feature","properties":{"waterway":"canal","name":null},"geometry":{"type":"LineString","coordinates":[[44.4178,40.1247],[44.4182,40.1238]]}},{"type":"Feature","properties":{"waterway":"canal","name":null},"geometry":{"type":"LineString","coordinates":[[43.7071,40.5932],[43.7049,40.5935]]}},{"type":"Feature","properties":{"waterway":"canal","name":null},"geometry":{"type":"LineString","coordinates":[[43.7074,40.5931],[43.7071,40.5932]]}},{"type":"Feature","properties":{"waterway":"canal","name":null},"geometry":{"type":"LineString","coordinates":[[43.7089,40.5929],[43.7074,40.5931]]}},{"type":"Feature","properties":{"waterway":"canal","name":null},"geometry":{"type":"LineString","coordinates":[[43.7091,40.5929],[43.7089,40.5929]]}},{"type":"Feature","properties":{"waterway":"canal","name":null},"geometry":{"type":"LineString","coordinates":[[43.7038,40.594],[43.7002,40.5958]]}},{"type":"Feature","properties":{"waterway":"canal","name":null},"geometry":{"type":"LineString","coordinates":[[43.7043,40.5938],[43.7038,40.594]]}},{"type":"Feature","properties":{"waterway":"canal","name":null},"geometry":{"type":"LineString","coordinates":[[43.7044,40.5938],[43.7043,40.5938]]}},{"type":"Feature","properties":{"waterway":"canal","name":null},"geometry":{"type":"LineString","coordinates":[[43.7049,40.5935],[43.7044,40.5938]]}},{"type":"Feature","properties":{"waterway":"canal","name":null},"geometry":{"type":"LineString","coordinates":[[43.7116,40.595],[43.7091,40.5929]]}},{"type":"Feature","properties":{"waterway":"canal","name":null},"geometry":{"type":"LineString","coordinates":[[44.4054,40.2417],[44.3859,40.2298]]}},{"type":"Feature","properties":{"waterway":"canal","name":null},"geometry":{"type":"LineString","coordinates":[[44.4196,40.2335],[44.4183,40.2314]]}},{"type":"Feature","properties":{"waterway":"canal","name":null},"geometry":{"type":"LineString","coordinates":[[44.423,40.2382],[44.4205,40.2353]]}},{"type":"Feature","properties":{"waterway":"canal","name":null},"geometry":{"type":"LineString","coordinates":[[44.4205,40.2353],[44.4204,40.2352]]}},{"type":"Feature","properties":{"waterway":"canal","name":null},"geometry":{"type":"LineString","coordinates":[[44.4204,40.2352],[44.4196,40.2336]]}},{"type":"Feature","properties":{"waterway":"canal","name":null},"geometry":{"type":"LineString","coordinates":[[44.4196,40.2336],[44.4196,40.2335]]}},{"type":"Feature","properties":{"waterway":"canal","name":null},"geometry":{"type":"LineString","coordinates":[[44.4312,40.2271],[44.4298,40.2231]]}},{"type":"Feature","properties":{"waterway":"canal","name":null},"geometry":{"type":"LineString","coordinates":[[44.4325,40.2285],[44.4313,40.2272]]}},{"type":"Feature","properties":{"waterway":"canal","name":null},"geometry":{"type":"LineString","coordinates":[[44.4313,40.2272],[44.4312,40.2271]]}},{"type":"Feature","properties":{"waterway":"canal","name":null},"geometry":{"type":"LineString","coordinates":[[44.4315,40.2289],[44.4282,40.2278]]}},{"type":"Feature","properties":{"waterway":"canal","name":null},"geometry":{"type":"LineString","coordinates":[[45.1658,40.954],[45.1656,40.9541]]}},{"type":"Feature","properties":{"waterway":"canal","name":null},"geometry":{"type":"LineString","coordinates":[[45.1654,40.9506],[45.1658,40.954]]}},{"type":"Feature","properties":{"waterway":"canal","name":null},"geometry":{"type":"LineString","coordinates":[[45.1656,40.9541],[45.1665,40.9587],[45.1729,40.9658]]}},{"type":"Feature","properties":{"waterway":"canal","name":null},"geometry":{"type":"LineString","coordinates":[[45.1729,40.9658],[45.1728,40.9659]]}},{"type":"Feature","properties":{"waterway":"canal","name":null},"geometry":{"type":"LineString","coordinates":[[44.2463,40.1567],[44.2437,40.152]]}},{"type":"Feature","properties":{"waterway":"canal","name":null},"geometry":{"type":"LineString","coordinates":[[44.2546,40.166],[44.2547,40.1657]]}},{"type":"Feature","properties":{"waterway":"canal","name":null},"geometry":{"type":"LineString","coordinates":[[44.2547,40.1657],[44.2544,40.1656]]}},{"type":"Feature","properties":{"waterway":"canal","name":null},"geometry":{"type":"LineString","coordinates":[[44.2544,40.1656],[44.2542,40.1656]]}},{"type":"Feature","properties":{"waterway":"canal","name":null},"geometry":{"type":"LineString","coordinates":[[44.2542,40.1656],[44.2494,40.1621]]}},{"type":"Feature","properties":{"waterway":"canal","name":null},"geometry":{"type":"LineString","coordinates":[[44.2494,40.1621],[44.2494,40.162]]}},{"type":"Feature","properties":{"waterway":"canal","name":null},"geometry":{"type":"LineString","coordinates":[[44.261,40.1731],[44.2581,40.1671]]}},{"type":"Feature","properties":{"waterway":"canal","name":null},"geometry":{"type":"LineString","coordinates":[[44.2578,40.1659],[44.2542,40.1632]]}},{"type":"Feature","properties":{"waterway":"canal","name":null},"geometry":{"type":"LineString","coordinates":[[44.2576,40.1666],[44.2578,40.1659]]}},{"type":"Feature","properties":{"waterway":"canal","name":null},"geometry":{"type":"LineString","coordinates":[[44.2541,40.1631],[44.2532,40.1615]]}},{"type":"Feature","properties":{"waterway":"canal","name":null},"geometry":{"type":"LineString","coordinates":[[44.2542,40.1632],[44.2541,40.1631]]}},{"type":"Feature","properties":{"waterway":"canal","name":null},"geometry":{"type":"LineString","coordinates":[[44.2581,40.1671],[44.2576,40.1666]]}},{"type":"Feature","properties":{"waterway":"canal","name":null},"geometry":{"type":"LineString","coordinates":[[44.2588,40.1664],[44.2655,40.1675]]}},{"type":"Feature","properties":{"waterway":"canal","name":null},"geometry":{"type":"LineString","coordinates":[[44.2581,40.1671],[44.2585,40.1668]]}},{"type":"Feature","properties":{"waterway":"canal","name":null},"geometry":{"type":"LineString","coordinates":[[44.2585,40.1668],[44.2588,40.1664]]}},{"type":"Feature","properties":{"waterway":"canal","name":null},"geometry":{"type":"LineString","coordinates":[[44.2618,40.1669],[44.2617,40.1606]]}},{"type":"Feature","properties":{"waterway":"canal","name":null},"geometry":{"type":"LineString","coordinates":[[44.2506,40.165],[44.2502,40.1637]]}},{"type":"Feature","properties":{"waterway":"canal","name":null},"geometry":{"type":"LineString","coordinates":[[44.2487,40.1611],[44.2471,40.1585]]}},{"type":"Feature","properties":{"waterway":"canal","name":null},"geometry":{"type":"LineString","coordinates":[[44.2487,40.1612],[44.2487,40.1611]]}},{"type":"Feature","properties":{"waterway":"canal","name":null},"geometry":{"type":"LineString","coordinates":[[44.2494,40.1624],[44.2487,40.1612]]}},{"type":"Feature","properties":{"waterway":"canal","name":null},"geometry":{"type":"LineString","coordinates":[[44.2495,40.1625],[44.2494,40.1624]]}},{"type":"Feature","properties":{"waterway":"canal","name":null},"geometry":{"type":"LineString","coordinates":[[44.2501,40.1636],[44.2495,40.1625]]}},{"type":"Feature","properties":{"waterway":"canal","name":null},"geometry":{"type":"LineString","coordinates":[[44.2502,40.1637],[44.2501,40.1636]]}},{"type":"Feature","properties":{"waterway":"canal","name":null},"geometry":{"type":"LineString","coordinates":[[44.2494,40.162],[44.2489,40.1612]]}},{"type":"Feature","properties":{"waterway":"canal","name":null},"geometry":{"type":"LineString","coordinates":[[44.2489,40.1612],[44.2489,40.1611]]}},{"type":"Feature","properties":{"waterway":"canal","name":null},"geometry":{"type":"LineString","coordinates":[[44.2753,40.1734],[44.2735,40.1695]]}},{"type":"Feature","properties":{"waterway":"canal","name":null},"geometry":{"type":"LineString","coordinates":[[44.2735,40.1695],[44.2736,40.1692]]}},{"type":"Feature","properties":{"waterway":"canal","name":null},"geometry":{"type":"LineString","coordinates":[[44.2675,40.1623],[44.2611,40.1605],[44.261,40.1574]]}},{"type":"Feature","properties":{"waterway":"canal","name":null},"geometry":{"type":"LineString","coordinates":[[44.2676,40.1623],[44.2675,40.1623]]}},{"type":"Feature","properties":{"waterway":"canal","name":null},"geometry":{"type":"LineString","coordinates":[[44.261,40.1544],[44.2609,40.1503]]}},{"type":"Feature","properties":{"waterway":"canal","name":null},"geometry":{"type":"LineString","coordinates":[[44.261,40.1545],[44.261,40.1544]]}},{"type":"Feature","properties":{"waterway":"canal","name":null},"geometry":{"type":"LineString","coordinates":[[44.261,40.1573],[44.261,40.1545]]}},{"type":"Feature","properties":{"waterway":"canal","name":null},"geometry":{"type":"LineString","coordinates":[[44.261,40.1574],[44.261,40.1573]]}},{"type":"Feature","properties":{"waterway":"canal","name":null},"geometry":{"type":"LineString","coordinates":[[44.2608,40.1502],[44.2607,40.149]]}},{"type":"Feature","properties":{"waterway":"canal","name":null},"geometry":{"type":"LineString","coordinates":[[44.2609,40.1503],[44.2608,40.1502]]}},{"type":"Feature","properties":{"waterway":"canal","name":null},"geometry":{"type":"LineString","coordinates":[[44.222,40.1538],[44.2133,40.1441]]}},{"type":"Feature","properties":{"waterway":"canal","name":null},"geometry":{"type":"LineString","coordinates":[[44.3722,40.1516],[44.3689,40.1496]]}},{"type":"Feature","properties":{"waterway":"canal","name":null},"geometry":{"type":"LineString","coordinates":[[44.3731,40.1522],[44.373,40.1522]]}},{"type":"Feature","properties":{"waterway":"canal","name":null},"geometry":{"type":"LineString","coordinates":[[44.3738,40.1526],[44.3731,40.1522]]}},{"type":"Feature","properties":{"waterway":"canal","name":null},"geometry":{"type":"LineString","coordinates":[[44.3739,40.1527],[44.3738,40.1526]]}},{"type":"Feature","properties":{"waterway":"canal","name":null},"geometry":{"type":"LineString","coordinates":[[44.373,40.1522],[44.3723,40.1517]]}},{"type":"Feature","properties":{"waterway":"canal","name":null},"geometry":{"type":"LineString","coordinates":[[44.3723,40.1517],[44.3722,40.1516]]}},{"type":"Feature","properties":{"waterway":"canal","name":null},"geometry":{"type":"LineString","coordinates":[[44.3688,40.1496],[44.3657,40.1476]]}},{"type":"Feature","properties":{"waterway":"canal","name":null},"geometry":{"type":"LineString","coordinates":[[44.3689,40.1496],[44.3688,40.1496]]}},{"type":"Feature","properties":{"waterway":"canal","name":"Էջմիածնի ջրանցք"},"geometry":{"type":"LineString","coordinates":[[44.3891,40.1653],[44.3866,40.1656]]}},{"type":"Feature","properties":{"waterway":"canal","name":"Էջմիածնի ջրանցք"},"geometry":{"type":"LineString","coordinates":[[44.3866,40.1656],[44.3865,40.1656]]}},{"type":"Feature","properties":{"waterway":"canal","name":null},"geometry":{"type":"LineString","coordinates":[[44.3476,40.2011],[44.3473,40.1964]]}},{"type":"Feature","properties":{"waterway":"canal","name":null},"geometry":{"type":"LineString","coordinates":[[44.3476,40.2011],[44.3476,40.2011]]}},{"type":"Feature","properties":{"waterway":"canal","name":null},"geometry":{"type":"LineString","coordinates":[[44.3475,40.2012],[44.3476,40.2011]]}},{"type":"Feature","properties":{"waterway":"canal","name":null},"geometry":{"type":"LineString","coordinates":[[44.3471,40.1956],[44.3463,40.1947]]}},{"type":"Feature","properties":{"waterway":"canal","name":null},"geometry":{"type":"LineString","coordinates":[[44.3472,40.1957],[44.3471,40.1956]]}},{"type":"Feature","properties":{"waterway":"canal","name":null},"geometry":{"type":"LineString","coordinates":[[44.3473,40.1963],[44.3472,40.1957]]}},{"type":"Feature","properties":{"waterway":"canal","name":null},"geometry":{"type":"LineString","coordinates":[[44.3473,40.1964],[44.3473,40.1963]]}},{"type":"Feature","properties":{"waterway":"canal","name":null},"geometry":{"type":"LineString","coordinates":[[44.3453,40.1936],[44.3445,40.1927]]}},{"type":"Feature","properties":{"waterway":"canal","name":null},"geometry":{"type":"LineString","coordinates":[[44.3453,40.1937],[44.3453,40.1936]]}},{"type":"Feature","properties":{"waterway":"canal","name":null},"geometry":{"type":"LineString","coordinates":[[44.3462,40.1946],[44.3453,40.1937]]}},{"type":"Feature","properties":{"waterway":"canal","name":null},"geometry":{"type":"LineString","coordinates":[[44.3463,40.1947],[44.3462,40.1946]]}},{"type":"Feature","properties":{"waterway":"canal","name":null},"geometry":{"type":"LineString","coordinates":[[44.3436,40.1917],[44.3428,40.1908]]}},{"type":"Feature","properties":{"waterway":"canal","name":null},"geometry":{"type":"LineString","coordinates":[[44.3436,40.1917],[44.3436,40.1917]]}},{"type":"Feature","properties":{"waterway":"canal","name":null},"geometry":{"type":"LineString","coordinates":[[44.3444,40.1927],[44.3436,40.1917]]}},{"type":"Feature","properties":{"waterway":"canal","name":null},"geometry":{"type":"LineString","coordinates":[[44.3445,40.1927],[44.3444,40.1927]]}},{"type":"Feature","properties":{"waterway":"canal","name":null},"geometry":{"type":"LineString","coordinates":[[44.3428,40.1907],[44.342,40.19]]}},{"type":"Feature","properties":{"waterway":"canal","name":null},"geometry":{"type":"LineString","coordinates":[[44.3428,40.1908],[44.3428,40.1907]]}},{"type":"Feature","properties":{"waterway":"canal","name":null},"geometry":{"type":"LineString","coordinates":[[44.362,40.1917],[44.3618,40.187],[44.3578,40.1861]]}},{"type":"Feature","properties":{"waterway":"canal","name":null},"geometry":{"type":"LineString","coordinates":[[44.3627,40.1948],[44.362,40.1918]]}},{"type":"Feature","properties":{"waterway":"canal","name":null},"geometry":{"type":"LineString","coordinates":[[44.362,40.1918],[44.362,40.1917]]}},{"type":"Feature","properties":{"waterway":"canal","name":null},"geometry":{"type":"LineString","coordinates":[[44.4522,40.1089],[44.4586,40.1085]]}},{"type":"Feature","properties":{"waterway":"canal","name":null},"geometry":{"type":"LineString","coordinates":[[44.4487,40.1092],[44.4521,40.1089]]}},{"type":"Feature","properties":{"waterway":"canal","name":null},"geometry":{"type":"LineString","coordinates":[[44.4521,40.1089],[44.4522,40.1089]]}},{"type":"Feature","properties":{"waterway":"canal","name":null},"geometry":{"type":"LineString","coordinates":[[44.4905,40.0801],[44.4883,40.0799]]}},{"type":"Feature","properties":{"waterway":"canal","name":null},"geometry":{"type":"LineString","coordinates":[[44.4882,40.0799],[44.4859,40.0795]]}},{"type":"Feature","properties":{"waterway":"canal","name":null},"geometry":{"type":"LineString","coordinates":[[44.4883,40.0799],[44.4882,40.0799]]}},{"type":"Feature","properties":{"waterway":"canal","name":null},"geometry":{"type":"LineString","coordinates":[[44.4906,40.0801],[44.4905,40.0801]]}},{"type":"Feature","properties":{"waterway":"canal","name":null},"geometry":{"type":"LineString","coordinates":[[44.4907,40.0801],[44.4906,40.0801]]}},{"type":"Feature","properties":{"waterway":"canal","name":null},"geometry":{"type":"LineString","coordinates":[[44.6688,39.8379],[44.6692,39.8359]]}},{"type":"Feature","properties":{"waterway":"canal","name":null},"geometry":{"type":"LineString","coordinates":[[44.617,39.8978],[44.6116,39.8941]]}},{"type":"Feature","properties":{"waterway":"canal","name":null},"geometry":{"type":"LineString","coordinates":[[44.6211,39.9056],[44.6172,39.898]]}},{"type":"Feature","properties":{"waterway":"canal","name":null},"geometry":{"type":"LineString","coordinates":[[44.1181,40.2924],[44.1151,40.2873],[44.1169,40.2837]]}},{"type":"Feature","properties":{"waterway":"canal","name":null},"geometry":{"type":"LineString","coordinates":[[44.1182,40.295],[44.1182,40.2947]]}},{"type":"Feature","properties":{"waterway":"canal","name":null},"geometry":{"type":"LineString","coordinates":[[44.1158,40.2678],[44.1072,40.2694]]}},{"type":"Feature","properties":{"waterway":"canal","name":null},"geometry":{"type":"LineString","coordinates":[[44.1169,40.2837],[44.1169,40.2836]]}},{"type":"Feature","properties":{"waterway":"canal","name":null},"geometry":{"type":"LineString","coordinates":[[44.1169,40.2836],[44.1219,40.278]]}},{"type":"Feature","properties":{"waterway":"canal","name":null},"geometry":{"type":"LineString","coordinates":[[44.1219,40.278],[44.1219,40.2779]]}},{"type":"Feature","properties":{"waterway":"canal","name":null},"geometry":{"type":"LineString","coordinates":[[44.1247,40.2737],[44.1295,40.2695],[44.1403,40.2674]]}},{"type":"Feature","properties":{"waterway":"canal","name":null},"geometry":{"type":"LineString","coordinates":[[44.1219,40.278],[44.1219,40.278]]}},{"type":"Feature","properties":{"waterway":"canal","name":null},"geometry":{"type":"LineString","coordinates":[[44.1219,40.278],[44.1219,40.278]]}},{"type":"Feature","properties":{"waterway":"canal","name":null},"geometry":{"type":"LineString","coordinates":[[44.1219,40.278],[44.1246,40.2738]]}},{"type":"Feature","properties":{"waterway":"canal","name":null},"geometry":{"type":"LineString","coordinates":[[44.1246,40.2738],[44.1247,40.2737]]}},{"type":"Feature","properties":{"waterway":"canal","name":null},"geometry":{"type":"LineString","coordinates":[[44.1202,40.2743],[44.1175,40.2711]]}},{"type":"Feature","properties":{"waterway":"canal","name":null},"geometry":{"type":"LineString","coordinates":[[44.1175,40.2711],[44.1175,40.271]]}},{"type":"Feature","properties":{"waterway":"canal","name":null},"geometry":{"type":"LineString","coordinates":[[44.1219,40.2779],[44.1203,40.2744]]}},{"type":"Feature","properties":{"waterway":"canal","name":null},"geometry":{"type":"LineString","coordinates":[[44.1203,40.2744],[44.1202,40.2743]]}},{"type":"Feature","properties":{"waterway":"canal","name":null},"geometry":{"type":"LineString","coordinates":[[44.1175,40.271],[44.1159,40.2679]]}},{"type":"Feature","properties":{"waterway":"canal","name":null},"geometry":{"type":"LineString","coordinates":[[44.1159,40.2679],[44.1158,40.2678]]}},{"type":"Feature","properties":{"waterway":"canal","name":null},"geometry":{"type":"LineString","coordinates":[[43.9387,40.1764],[43.9323,40.1749],[43.9293,40.1628],[43.9268,40.1606]]}},{"type":"Feature","properties":{"waterway":"canal","name":null},"geometry":{"type":"LineString","coordinates":[[44.5517,40.2795],[44.556,40.2774],[44.5558,40.2684]]}},{"type":"Feature","properties":{"waterway":"canal","name":null},"geometry":{"type":"LineString","coordinates":[[44.552,40.2659],[44.5519,40.2659]]}},{"type":"Feature","properties":{"waterway":"canal","name":null},"geometry":{"type":"LineString","coordinates":[[44.5519,40.2659],[44.5459,40.2587]]}},{"type":"Feature","properties":{"waterway":"canal","name":null},"geometry":{"type":"LineString","coordinates":[[44.5459,40.2587],[44.5458,40.2586]]}},{"type":"Feature","properties":{"waterway":"canal","name":null},"geometry":{"type":"LineString","coordinates":[[44.5489,40.2546],[44.5462,40.2524]]}},{"type":"Feature","properties":{"waterway":"canal","name":null},"geometry":{"type":"LineString","coordinates":[[44.5489,40.2547],[44.5489,40.2546]]}},{"type":"Feature","properties":{"waterway":"canal","name":null},"geometry":{"type":"LineString","coordinates":[[44.5558,40.2683],[44.5569,40.2663],[44.552,40.2659]]}},{"type":"Feature","properties":{"waterway":"canal","name":null},"geometry":{"type":"LineString","coordinates":[[44.5558,40.2684],[44.5558,40.2683]]}},{"type":"Feature","properties":{"waterway":"canal","name":null},"geometry":{"type":"LineString","coordinates":[[44.5451,40.2807],[44.5491,40.2795]]}},{"type":"Feature","properties":{"waterway":"canal","name":null},"geometry":{"type":"LineString","coordinates":[[44.5491,40.2795],[44.5492,40.2795]]}},{"type":"Feature","properties":{"waterway":"canal","name":null},"geometry":{"type":"LineString","coordinates":[[44.5492,40.2795],[44.5503,40.2795]]}},{"type":"Feature","properties":{"waterway":"canal","name":null},"geometry":{"type":"LineString","coordinates":[[44.5503,40.2795],[44.5504,40.2795]]}},{"type":"Feature","properties":{"waterway":"canal","name":null},"geometry":{"type":"LineString","coordinates":[[44.5504,40.2795],[44.5516,40.2795]]}},{"type":"Feature","properties":{"waterway":"canal","name":null},"geometry":{"type":"LineString","coordinates":[[44.5516,40.2795],[44.5517,40.2795]]}},{"type":"Feature","properties":{"waterway":"canal","name":null},"geometry":{"type":"LineString","coordinates":[[44.2978,40.1502],[44.3019,40.1524]]}},{"type":"Feature","properties":{"waterway":"canal","name":null},"geometry":{"type":"LineString","coordinates":[[43.9312,40.7824],[43.9349,40.7799]]}},{"type":"Feature","properties":{"waterway":"canal","name":null},"geometry":{"type":"LineString","coordinates":[[43.9349,40.7798],[43.9302,40.7762]]}},{"type":"Feature","properties":{"waterway":"canal","name":null},"geometry":{"type":"LineString","coordinates":[[43.9349,40.7799],[43.9349,40.7798]]}},{"type":"Feature","properties":{"waterway":"canal","name":null},"geometry":{"type":"LineString","coordinates":[[43.9302,40.7762],[43.9307,40.7727]]}},{"type":"Feature","properties":{"waterway":"canal","name":null},"geometry":{"type":"LineString","coordinates":[[43.9302,40.7762],[43.9302,40.7762]]}},{"type":"Feature","properties":{"waterway":"canal","name":null},"geometry":{"type":"LineString","coordinates":[[43.8965,40.7974],[43.8922,40.7894]]}},{"type":"Feature","properties":{"waterway":"canal","name":null},"geometry":{"type":"LineString","coordinates":[[43.8922,40.7893],[43.8915,40.7877]]}},{"type":"Feature","properties":{"waterway":"canal","name":null},"geometry":{"type":"LineString","coordinates":[[43.8922,40.7894],[43.8922,40.7893]]}},{"type":"Feature","properties":{"waterway":"canal","name":null},"geometry":{"type":"LineString","coordinates":[[43.8993,40.8014],[43.8966,40.7975]]}},{"type":"Feature","properties":{"waterway":"canal","name":null},"geometry":{"type":"LineString","coordinates":[[43.8966,40.7975],[43.8965,40.7974]]}},{"type":"Feature","properties":{"waterway":"canal","name":null},"geometry":{"type":"LineString","coordinates":[[43.8809,40.8428],[43.879,40.8357],[43.8816,40.828],[43.881,40.8203]]}},{"type":"Feature","properties":{"waterway":"canal","name":null},"geometry":{"type":"LineString","coordinates":[[43.8811,40.8429],[43.881,40.8428]]}},{"type":"Feature","properties":{"waterway":"canal","name":null},"geometry":{"type":"LineString","coordinates":[[43.881,40.8428],[43.8809,40.8428]]}},{"type":"Feature","properties":{"waterway":"canal","name":null},"geometry":{"type":"LineString","coordinates":[[44.143,40.1082],[44.1392,40.1035],[44.1251,40.1046]]}},{"type":"Feature","properties":{"waterway":"canal","name":null},"geometry":{"type":"LineString","coordinates":[[44.1431,40.1083],[44.143,40.1082]]}},{"type":"Feature","properties":{"waterway":"canal","name":null},"geometry":{"type":"LineString","coordinates":[[44.1473,40.1139],[44.1474,40.1139]]}},{"type":"Feature","properties":{"waterway":"canal","name":null},"geometry":{"type":"LineString","coordinates":[[44.1465,40.1139],[44.1473,40.1139]]}},{"type":"Feature","properties":{"waterway":"canal","name":null},"geometry":{"type":"LineString","coordinates":[[44.1566,40.1134],[44.1576,40.113]]}},{"type":"Feature","properties":{"waterway":"canal","name":null},"geometry":{"type":"LineString","coordinates":[[44.1564,40.1135],[44.1566,40.1134]]}},{"type":"Feature","properties":{"waterway":"canal","name":null},"geometry":{"type":"LineString","coordinates":[[44.1474,40.1139],[44.1564,40.1135]]}},{"type":"Feature","properties":{"waterway":"canal","name":null},"geometry":{"type":"LineString","coordinates":[[44.1261,40.1212],[44.1475,40.1155],[44.1431,40.1083]]}},{"type":"Feature","properties":{"waterway":"canal","name":null},"geometry":{"type":"LineString","coordinates":[[44.2813,40.1392],[44.2748,40.135]]}},{"type":"Feature","properties":{"waterway":"canal","name":null},"geometry":{"type":"LineString","coordinates":[[44.284,40.1486],[44.2865,40.1427]]}},{"type":"Feature","properties":{"waterway":"canal","name":null},"geometry":{"type":"LineString","coordinates":[[44.2833,40.1499],[44.284,40.1487]]}},{"type":"Feature","properties":{"waterway":"canal","name":null},"geometry":{"type":"LineString","coordinates":[[44.284,40.1487],[44.284,40.1486]]}},{"type":"Feature","properties":{"waterway":"canal","name":null},"geometry":{"type":"LineString","coordinates":[[44.2839,40.1485],[44.2782,40.1447]]}},{"type":"Feature","properties":{"waterway":"canal","name":null},"geometry":{"type":"LineString","coordinates":[[44.284,40.1486],[44.2839,40.1485]]}},{"type":"Feature","properties":{"waterway":"canal","name":null},"geometry":{"type":"LineString","coordinates":[[44.284,40.1486],[44.284,40.1486]]}},{"type":"Feature","properties":{"waterway":"canal","name":null},"geometry":{"type":"LineString","coordinates":[[44.282,40.1519],[44.2766,40.1513]]}},{"type":"Feature","properties":{"waterway":"canal","name":null},"geometry":{"type":"LineString","coordinates":[[44.2781,40.1446],[44.2726,40.1409],[44.2755,40.1302]]}},{"type":"Feature","properties":{"waterway":"canal","name":null},"geometry":{"type":"LineString","coordinates":[[44.2764,40.1514],[44.2712,40.1488]]}},{"type":"Feature","properties":{"waterway":"canal","name":null},"geometry":{"type":"LineString","coordinates":[[44.2865,40.1425],[44.2814,40.1392]]}},{"type":"Feature","properties":{"waterway":"canal","name":null},"geometry":{"type":"LineString","coordinates":[[44.2814,40.1392],[44.2813,40.1392]]}},{"type":"Feature","properties":{"waterway":"canal","name":null},"geometry":{"type":"LineString","coordinates":[[44.2866,40.1426],[44.2873,40.1382]]}},{"type":"Feature","properties":{"waterway":"canal","name":null},"geometry":{"type":"LineString","coordinates":[[44.2865,40.1427],[44.2866,40.1426]]}},{"type":"Feature","properties":{"waterway":"canal","name":null},"geometry":{"type":"LineString","coordinates":[[44.287,40.1381],[44.2755,40.1301]]}},{"type":"Feature","properties":{"waterway":"canal","name":null},"geometry":{"type":"LineString","coordinates":[[44.2666,40.1458],[44.2685,40.1406]]}},{"type":"Feature","properties":{"waterway":"canal","name":null},"geometry":{"type":"LineString","coordinates":[[44.2667,40.1472],[44.2667,40.1459]]}},{"type":"Feature","properties":{"waterway":"canal","name":null},"geometry":{"type":"LineString","coordinates":[[44.2667,40.1459],[44.2666,40.1458]]}},{"type":"Feature","properties":{"waterway":"canal","name":null},"geometry":{"type":"LineString","coordinates":[[44.2666,40.1474],[44.2667,40.1472]]}},{"type":"Feature","properties":{"waterway":"canal","name":null},"geometry":{"type":"LineString","coordinates":[[44.2737,40.1563],[44.2743,40.1537]]}},{"type":"Feature","properties":{"waterway":"canal","name":null},"geometry":{"type":"LineString","coordinates":[[44.2586,40.1427],[44.2576,40.1417]]}},{"type":"Feature","properties":{"waterway":"canal","name":null},"geometry":{"type":"LineString","coordinates":[[44.2576,40.1417],[44.255,40.1398]]}},{"type":"Feature","properties":{"waterway":"canal","name":null},"geometry":{"type":"LineString","coordinates":[[44.2618,40.1469],[44.2587,40.1427]]}},{"type":"Feature","properties":{"waterway":"canal","name":null},"geometry":{"type":"LineString","coordinates":[[44.2607,40.1489],[44.255,40.1446]]}},{"type":"Feature","properties":{"waterway":"canal","name":null},"geometry":{"type":"LineString","coordinates":[[44.2604,40.1481],[44.2617,40.1471]]}},{"type":"Feature","properties":{"waterway":"canal","name":null},"geometry":{"type":"LineString","coordinates":[[44.2606,40.1489],[44.255,40.1468]]}},{"type":"Feature","properties":{"waterway":"canal","name":null},"geometry":{"type":"LineString","coordinates":[[44.2573,40.1567],[44.2528,40.1557]]}},{"type":"Feature","properties":{"waterway":"canal","name":null},"geometry":{"type":"LineString","coordinates":[[44.2609,40.1573],[44.2574,40.1567]]}},{"type":"Feature","properties":{"waterway":"canal","name":null},"geometry":{"type":"LineString","coordinates":[[44.2574,40.1567],[44.2573,40.1567]]}},{"type":"Feature","properties":{"waterway":"canal","name":null},"geometry":{"type":"LineString","coordinates":[[44.2533,40.1579],[44.2516,40.1434]]}},{"type":"Feature","properties":{"waterway":"canal","name":null},"geometry":{"type":"LineString","coordinates":[[44.2528,40.1551],[44.249,40.1535]]}},{"type":"Feature","properties":{"waterway":"canal","name":null},"geometry":{"type":"LineString","coordinates":[[44.6365,39.8724],[44.6375,39.8706]]}},{"type":"Feature","properties":{"waterway":"canal","name":null},"geometry":{"type":"LineString","coordinates":[[44.6375,39.8706],[44.6384,39.8687]]}},{"type":"Feature","properties":{"waterway":"canal","name":null},"geometry":{"type":"LineString","coordinates":[[44.6375,39.8706],[44.6375,39.8706]]}},{"type":"Feature","properties":{"waterway":"canal","name":null},"geometry":{"type":"LineString","coordinates":[[44.6344,39.8767],[44.6364,39.8725]]}},{"type":"Feature","properties":{"waterway":"canal","name":null},"geometry":{"type":"LineString","coordinates":[[43.7777,40.7179],[43.7834,40.7183]]}},{"type":"Feature","properties":{"waterway":"canal","name":null},"geometry":{"type":"LineString","coordinates":[[43.7834,40.7183],[43.7836,40.7184]]}},{"type":"Feature","properties":{"waterway":"canal","name":null},"geometry":{"type":"LineString","coordinates":[[44.8736,41.2189],[44.8717,41.2189]]}},{"type":"Feature","properties":{"waterway":"canal","name":"Զեյթուն-Հաղթանակ 2-րդ աստիճանի ջրանցք"},"geometry":{"type":"LineString","coordinates":[[44.8546,41.252],[44.8512,41.2531],[44.8474,41.25]]}},{"type":"Feature","properties":{"waterway":"canal","name":"Զեյթուն-Հաղթանակ 2-րդ աստիճանի ջրանցք"},"geometry":{"type":"LineString","coordinates":[[44.8547,41.252],[44.8546,41.252]]}},{"type":"Feature","properties":{"waterway":"canal","name":null},"geometry":{"type":"LineString","coordinates":[[43.8889,40.4109],[43.8721,40.4049],[43.8676,40.4044],[43.8632,40.4073]]}},{"type":"Feature","properties":{"waterway":"river","name":"Güney - Կիրանց"},"geometry":{"type":"LineString","coordinates":[[45.1017,41.0461],[45.1148,41.0493],[45.1206,41.0542]]}},{"type":"Feature","properties":{"waterway":"river","name":"Կողբ"},"geometry":{"type":"LineString","coordinates":[[45.0043,41.2013],[45.0046,41.2016]]}},{"type":"Feature","properties":{"waterway":"river","name":"Կողբ"},"geometry":{"type":"LineString","coordinates":[[45.0042,41.2013],[45.0043,41.2013]]}},{"type":"Feature","properties":{"waterway":"river","name":"Կողբ"},"geometry":{"type":"LineString","coordinates":[[45.0045,41.2017],[45.0065,41.2023]]}},{"type":"Feature","properties":{"waterway":"river","name":"Կողբ"},"geometry":{"type":"LineString","coordinates":[[45.0046,41.2016],[45.0045,41.2017]]}},{"type":"Feature","properties":{"waterway":"river","name":"Կողբ"},"geometry":{"type":"LineString","coordinates":[[45.0065,41.2023],[45.0069,41.2023]]}},{"type":"Feature","properties":{"waterway":"river","name":"Կողբ"},"geometry":{"type":"LineString","coordinates":[[45.0008,41.1989],[45.0042,41.2013]]}},{"type":"Feature","properties":{"waterway":"river","name":"Կողբ"},"geometry":{"type":"LineString","coordinates":[[45.0006,41.1989],[45.0008,41.1989]]}},{"type":"Feature","properties":{"waterway":"river","name":"Կողբ"},"geometry":{"type":"LineString","coordinates":[[44.9878,41.1912],[44.9878,41.1913]]}},{"type":"Feature","properties":{"waterway":"river","name":"Կողբ"},"geometry":{"type":"LineString","coordinates":[[44.9878,41.1913],[44.991,41.1954],[45.0006,41.1989]]}},{"type":"Feature","properties":{"waterway":"river","name":"Արծվանիստ"},"geometry":{"type":"LineString","coordinates":[[45.5097,40.1586],[45.5095,40.1587]]}},{"type":"Feature","properties":{"waterway":"river","name":"Արծվանիստ"},"geometry":{"type":"LineString","coordinates":[[45.5101,40.1559],[45.5097,40.1586]]}},{"type":"Feature","properties":{"waterway":"river","name":"Օձիձոր"},"geometry":{"type":"LineString","coordinates":[[44.2767,40.8357],[44.2769,40.8349]]}},{"type":"Feature","properties":{"waterway":"river","name":"Օձիձոր"},"geometry":{"type":"LineString","coordinates":[[44.2772,40.8336],[44.2772,40.8334]]}},{"type":"Feature","properties":{"waterway":"river","name":"Սեդվի"},"geometry":{"type":"LineString","coordinates":[[44.6171,41.0816],[44.6189,41.0818]]}},{"type":"Feature","properties":{"waterway":"river","name":"Սեդվի"},"geometry":{"type":"LineString","coordinates":[[44.6168,41.0817],[44.6171,41.0816]]}},{"type":"Feature","properties":{"waterway":"canal","name":null},"geometry":{"type":"LineString","coordinates":[[44.8711,41.2188],[44.871,41.2188]]}},{"type":"Feature","properties":{"waterway":"canal","name":null},"geometry":{"type":"LineString","coordinates":[[44.8717,41.2189],[44.8711,41.2188]]}},{"type":"Feature","properties":{"waterway":"canal","name":null},"geometry":{"type":"LineString","coordinates":[[44.8738,41.2188],[44.8736,41.2189]]}},{"type":"Feature","properties":{"waterway":"canal","name":null},"geometry":{"type":"LineString","coordinates":[[44.874,41.2182],[44.8738,41.2188]]}},{"type":"Feature","properties":{"waterway":"canal","name":null},"geometry":{"type":"LineString","coordinates":[[44.851,41.2289],[44.8467,41.2369]]}},{"type":"Feature","properties":{"waterway":"canal","name":"Զեյթուն-Հաղթանակ 1-ին աստիճանի ջրանցք"},"geometry":{"type":"LineString","coordinates":[[44.8217,41.2637],[44.819,41.2662]]}},{"type":"Feature","properties":{"waterway":"canal","name":null},"geometry":{"type":"LineString","coordinates":[[43.9801,40.6665],[43.9746,40.6673]]}},{"type":"Feature","properties":{"waterway":"canal","name":null},"geometry":{"type":"LineString","coordinates":[[43.9801,40.6666],[43.9801,40.6665]]}},{"type":"Feature","properties":{"waterway":"canal","name":"Գետառ"},"geometry":{"type":"LineString","coordinates":[[44.5219,40.1762],[44.5199,40.1737]]}},{"type":"Feature","properties":{"waterway":"canal","name":"Գետառ"},"geometry":{"type":"LineString","coordinates":[[44.5189,40.1732],[44.5175,40.1732]]}},{"type":"Feature","properties":{"waterway":"canal","name":"Գետառ"},"geometry":{"type":"LineString","coordinates":[[44.5158,40.1729],[44.5128,40.1703]]}},{"type":"Feature","properties":{"waterway":"canal","name":"Գետառ"},"geometry":{"type":"LineString","coordinates":[[44.5128,40.1703],[44.5113,40.1676]]}},{"type":"Feature","properties":{"waterway":"canal","name":null},"geometry":{"type":"LineString","coordinates":[[45.1856,40.9832],[45.1866,40.9845]]}},{"type":"Feature","properties":{"waterway":"canal","name":null},"geometry":{"type":"LineString","coordinates":[[45.1847,40.9833],[45.1856,40.9832]]}},{"type":"Feature","properties":{"waterway":"canal","name":"Գետառ"},"geometry":{"type":"LineString","coordinates":[[44.5113,40.1676],[44.5106,40.1654]]}},{"type":"Feature","properties":{"waterway":"canal","name":"Արտաշատի ջրանցք"},"geometry":{"type":"LineString","coordinates":[[44.5114,40.1422],[44.5116,40.1395]]}},{"type":"Feature","properties":{"waterway":"canal","name":"Արտաշատի ջրանցք"},"geometry":{"type":"LineString","coordinates":[[44.5116,40.1395],[44.5116,40.1394]]}},{"type":"Feature","properties":{"waterway":"canal","name":null},"geometry":{"type":"LineString","coordinates":[[43.832,40.1758],[43.8663,40.1811]]}},{"type":"Feature","properties":{"waterway":"river","name":"Ոսկեպար"},"geometry":{"type":"LineString","coordinates":[[45.0697,41.0719],[45.0735,41.0722]]}},{"type":"Feature","properties":{"waterway":"canal","name":null},"geometry":{"type":"LineString","coordinates":[[43.9599,40.0377],[43.9879,40.0444]]}},{"type":"Feature","properties":{"waterway":"canal","name":null},"geometry":{"type":"LineString","coordinates":[[43.9592,40.0342],[43.9598,40.0377]]}},{"type":"Feature","properties":{"waterway":"canal","name":null},"geometry":{"type":"LineString","coordinates":[[43.9598,40.0377],[43.9599,40.0377]]}},{"type":"Feature","properties":{"waterway":"canal","name":null},"geometry":{"type":"LineString","coordinates":[[43.9881,40.0444],[43.9976,40.0505]]}},{"type":"Feature","properties":{"waterway":"canal","name":null},"geometry":{"type":"LineString","coordinates":[[44.0117,40.0734],[44.0173,40.0723]]}},{"type":"Feature","properties":{"waterway":"canal","name":null},"geometry":{"type":"LineString","coordinates":[[44.0174,40.0721],[44.0209,40.0722]]}},{"type":"Feature","properties":{"waterway":"canal","name":null},"geometry":{"type":"LineString","coordinates":[[44.4894,40.3082],[44.4788,40.3017],[44.4784,40.2966]]}},{"type":"Feature","properties":{"waterway":"canal","name":"Բագարան - Երվանդաշատ ջրանցք"},"geometry":{"type":"LineString","coordinates":[[43.6641,40.1525],[43.663,40.1503]]}},{"type":"Feature","properties":{"waterway":"canal","name":null},"geometry":{"type":"LineString","coordinates":[[43.6642,40.1525],[43.6641,40.1525]]}},{"type":"Feature","properties":{"waterway":"canal","name":"Բագարան - Երվանդաշատ ջրանցք"},"geometry":{"type":"LineString","coordinates":[[43.6628,40.1498],[43.6619,40.1464]]}},{"type":"Feature","properties":{"waterway":"canal","name":null},"geometry":{"type":"LineString","coordinates":[[43.6619,40.1463],[43.6622,40.1449]]}},{"type":"Feature","properties":{"waterway":"canal","name":null},"geometry":{"type":"LineString","coordinates":[[43.6619,40.1464],[43.6619,40.1463]]}},{"type":"Feature","properties":{"waterway":"canal","name":null},"geometry":{"type":"LineString","coordinates":[[43.6627,40.142],[43.6614,40.1358],[43.6631,40.1312]]}},{"type":"Feature","properties":{"waterway":"canal","name":null},"geometry":{"type":"LineString","coordinates":[[43.6617,40.144],[43.6617,40.144]]}},{"type":"Feature","properties":{"waterway":"canal","name":null},"geometry":{"type":"LineString","coordinates":[[43.6622,40.1448],[43.6617,40.144]]}},{"type":"Feature","properties":{"waterway":"canal","name":null},"geometry":{"type":"LineString","coordinates":[[43.6622,40.1449],[43.6622,40.1448]]}},{"type":"Feature","properties":{"waterway":"canal","name":null},"geometry":{"type":"LineString","coordinates":[[43.6617,40.144],[43.6627,40.1421]]}},{"type":"Feature","properties":{"waterway":"canal","name":null},"geometry":{"type":"LineString","coordinates":[[43.6627,40.1421],[43.6627,40.142]]}},{"type":"Feature","properties":{"waterway":"canal","name":null},"geometry":{"type":"LineString","coordinates":[[43.6632,40.1311],[43.667,40.1282]]}},{"type":"Feature","properties":{"waterway":"canal","name":null},"geometry":{"type":"LineString","coordinates":[[43.6631,40.1312],[43.6632,40.1311]]}},{"type":"Feature","properties":{"waterway":"canal","name":null},"geometry":{"type":"LineString","coordinates":[[43.6671,40.1281],[43.6685,40.1265]]}},{"type":"Feature","properties":{"waterway":"canal","name":null},"geometry":{"type":"LineString","coordinates":[[43.667,40.1282],[43.6671,40.1281]]}},{"type":"Feature","properties":{"waterway":"canal","name":null},"geometry":{"type":"LineString","coordinates":[[43.6687,40.1265],[43.6743,40.1276],[43.6809,40.1217],[43.6791,40.1131]]}},{"type":"Feature","properties":{"waterway":"canal","name":null},"geometry":{"type":"LineString","coordinates":[[43.8989,40.0879],[43.9006,40.0793]]}},{"type":"Feature","properties":{"waterway":"canal","name":null},"geometry":{"type":"LineString","coordinates":[[43.7239,40.1341],[43.7199,40.1324],[43.7246,40.1279],[43.7244,40.1248],[43.7326,40.1215]]}},{"type":"Feature","properties":{"waterway":"canal","name":null},"geometry":{"type":"LineString","coordinates":[[44.4665,40.3074],[44.4643,40.304]]}},{"type":"Feature","properties":{"waterway":"canal","name":null},"geometry":{"type":"LineString","coordinates":[[44.3223,40.0407],[44.3275,40.0389]]}},{"type":"Feature","properties":{"waterway":"canal","name":null},"geometry":{"type":"LineString","coordinates":[[44.3277,40.0389],[44.3372,40.0359]]}},{"type":"Feature","properties":{"waterway":"canal","name":null},"geometry":{"type":"LineString","coordinates":[[44.2762,40.2427],[44.2747,40.2379]]}},{"type":"Feature","properties":{"waterway":"canal","name":null},"geometry":{"type":"LineString","coordinates":[[44.2761,40.2427],[44.2762,40.2427]]}},{"type":"Feature","properties":{"waterway":"canal","name":null},"geometry":{"type":"LineString","coordinates":[[44.5264,40.259],[44.5204,40.2552],[44.5156,40.2469]]}},{"type":"Feature","properties":{"waterway":"canal","name":null},"geometry":{"type":"LineString","coordinates":[[44.5265,40.2591],[44.5264,40.259]]}},{"type":"Feature","properties":{"waterway":"canal","name":null},"geometry":{"type":"LineString","coordinates":[[44.3888,40.1407],[44.3868,40.138]]}},{"type":"Feature","properties":{"waterway":"canal","name":null},"geometry":{"type":"LineString","coordinates":[[44.4017,40.1432],[44.4079,40.1446]]}},{"type":"Feature","properties":{"waterway":"canal","name":null},"geometry":{"type":"LineString","coordinates":[[44.4007,40.1435],[44.4038,40.1424]]}},{"type":"Feature","properties":{"waterway":"canal","name":null},"geometry":{"type":"LineString","coordinates":[[44.4005,40.1429],[44.4,40.1421]]}},{"type":"Feature","properties":{"waterway":"canal","name":null},"geometry":{"type":"LineString","coordinates":[[44.3954,40.1455],[44.4007,40.1435]]}},{"type":"Feature","properties":{"waterway":"canal","name":null},"geometry":{"type":"LineString","coordinates":[[44.4007,40.1435],[44.4005,40.143]]}},{"type":"Feature","properties":{"waterway":"canal","name":null},"geometry":{"type":"LineString","coordinates":[[44.4005,40.143],[44.4005,40.1429]]}},{"type":"Feature","properties":{"waterway":"canal","name":null},"geometry":{"type":"LineString","coordinates":[[44.2573,40.2571],[44.2567,40.2543]]}},{"type":"Feature","properties":{"waterway":"canal","name":null},"geometry":{"type":"LineString","coordinates":[[44.2566,40.254],[44.2559,40.2501]]}},{"type":"Feature","properties":{"waterway":"river","name":"Ողջաբերդ"},"geometry":{"type":"LineString","coordinates":[[44.5035,40.1509],[44.5021,40.1516]]}},{"type":"Feature","properties":{"waterway":"canal","name":null},"geometry":{"type":"LineString","coordinates":[[44.5001,40.1522],[44.4993,40.1525]]}},{"type":"Feature","properties":{"waterway":"river","name":"Ողջաբերդ"},"geometry":{"type":"LineString","coordinates":[[44.5017,40.1517],[44.5001,40.1522]]}},{"type":"Feature","properties":{"waterway":"river","name":"Ողջաբերդ"},"geometry":{"type":"LineString","coordinates":[[44.5021,40.1516],[44.5017,40.1517]]}},{"type":"Feature","properties":{"waterway":"canal","name":null},"geometry":{"type":"LineString","coordinates":[[43.7654,40.8048],[43.7744,40.8004]]}},{"type":"Feature","properties":{"waterway":"canal","name":null},"geometry":{"type":"LineString","coordinates":[[43.736,40.8163],[43.7307,40.8127]]}},{"type":"Feature","properties":{"waterway":"canal","name":null},"geometry":{"type":"LineString","coordinates":[[43.7303,40.8125],[43.7279,40.8058]]}},{"type":"Feature","properties":{"waterway":"canal","name":null},"geometry":{"type":"LineString","coordinates":[[44.6777,40.2865],[44.6861,40.2841],[44.688,40.2805]]}},{"type":"Feature","properties":{"waterway":"canal","name":null},"geometry":{"type":"LineString","coordinates":[[44.6693,40.3055],[44.6632,40.2921]]}},{"type":"Feature","properties":{"waterway":"canal","name":null},"geometry":{"type":"LineString","coordinates":[[44.666,40.3001],[44.6602,40.2992]]}},{"type":"Feature","properties":{"waterway":"canal","name":null},"geometry":{"type":"LineString","coordinates":[[44.668,40.3129],[44.6524,40.3035],[44.647,40.2974]]}},{"type":"Feature","properties":{"waterway":"canal","name":null},"geometry":{"type":"LineString","coordinates":[[46.0389,39.4856],[46.0407,39.4855]]}},{"type":"Feature","properties":{"waterway":"canal","name":null},"geometry":{"type":"LineString","coordinates":[[44.2744,40.8083],[44.2782,40.8143]]}},{"type":"Feature","properties":{"waterway":"canal","name":null},"geometry":{"type":"LineString","coordinates":[[44.3794,40.0912],[44.3698,40.0777]]}},{"type":"Feature","properties":{"waterway":"canal","name":null},"geometry":{"type":"LineString","coordinates":[[44.3799,40.0935],[44.3794,40.0913]]}},{"type":"Feature","properties":{"waterway":"canal","name":null},"geometry":{"type":"LineString","coordinates":[[44.3794,40.0913],[44.3794,40.0912]]}},{"type":"Feature","properties":{"waterway":"canal","name":null},"geometry":{"type":"LineString","coordinates":[[44.3809,40.104],[44.3807,40.1038]]}},{"type":"Feature","properties":{"waterway":"canal","name":null},"geometry":{"type":"LineString","coordinates":[[44.4105,40.114],[44.4015,40.1144]]}},{"type":"Feature","properties":{"waterway":"canal","name":null},"geometry":{"type":"LineString","coordinates":[[44.4068,40.1069],[44.4069,40.1065]]}},{"type":"Feature","properties":{"waterway":"canal","name":null},"geometry":{"type":"LineString","coordinates":[[44.4069,40.1065],[44.4069,40.1064]]}},{"type":"Feature","properties":{"waterway":"canal","name":null},"geometry":{"type":"LineString","coordinates":[[44.3958,40.1098],[44.3945,40.1079]]}},{"type":"Feature","properties":{"waterway":"canal","name":null},"geometry":{"type":"LineString","coordinates":[[44.3948,40.1173],[44.3939,40.1152]]}},{"type":"Feature","properties":{"waterway":"canal","name":null},"geometry":{"type":"LineString","coordinates":[[44.1989,41.1963],[44.1987,41.1949]]}},{"type":"Feature","properties":{"waterway":"canal","name":null},"geometry":{"type":"LineString","coordinates":[[44.369,40.2993],[44.3658,40.2989]]}},{"type":"Feature","properties":{"waterway":"canal","name":null},"geometry":{"type":"LineString","coordinates":[[44.3745,40.3007],[44.3695,40.2993]]}},{"type":"Feature","properties":{"waterway":"canal","name":null},"geometry":{"type":"LineString","coordinates":[[44.3695,40.2993],[44.369,40.2993]]}},{"type":"Feature","properties":{"waterway":"canal","name":null},"geometry":{"type":"LineString","coordinates":[[44.3651,40.3192],[44.364,40.3172]]}},{"type":"Feature","properties":{"waterway":"canal","name":null},"geometry":{"type":"LineString","coordinates":[[44.3637,40.3172],[44.3637,40.3169]]}},{"type":"Feature","properties":{"waterway":"canal","name":null},"geometry":{"type":"LineString","coordinates":[[44.3636,40.3168],[44.3591,40.314]]}},{"type":"Feature","properties":{"waterway":"canal","name":null},"geometry":{"type":"LineString","coordinates":[[44.359,40.314],[44.3554,40.3099]]}},{"type":"Feature","properties":{"waterway":"canal","name":null},"geometry":{"type":"LineString","coordinates":[[44.3677,40.3228],[44.3661,40.3214]]}},{"type":"Feature","properties":{"waterway":"canal","name":null},"geometry":{"type":"LineString","coordinates":[[44.3674,40.3258],[44.3678,40.3228]]}},{"type":"Feature","properties":{"waterway":"canal","name":null},"geometry":{"type":"LineString","coordinates":[[44.3674,40.3247],[44.3662,40.3231]]}},{"type":"Feature","properties":{"waterway":"canal","name":null},"geometry":{"type":"LineString","coordinates":[[44.3972,40.4012],[44.3951,40.395]]}},{"type":"Feature","properties":{"waterway":"canal","name":null},"geometry":{"type":"LineString","coordinates":[[44.6338,40.9598],[44.634,40.9597]]}},{"type":"Feature","properties":{"waterway":"canal","name":null},"geometry":{"type":"LineString","coordinates":[[44.6337,40.9598],[44.6338,40.9598]]}},{"type":"Feature","properties":{"waterway":"canal","name":null},"geometry":{"type":"LineString","coordinates":[[44.4677,40.0272],[44.4641,40.0277]]}},{"type":"Feature","properties":{"waterway":"canal","name":null},"geometry":{"type":"LineString","coordinates":[[44.4636,40.0277],[44.4616,40.028]]}},{"type":"Feature","properties":{"waterway":"canal","name":null},"geometry":{"type":"LineString","coordinates":[[44.4641,40.0277],[44.4636,40.0277]]}},{"type":"Feature","properties":{"waterway":"canal","name":null},"geometry":{"type":"LineString","coordinates":[[44.4608,40.0336],[44.4575,40.0352],[44.452,40.0316]]}},{"type":"Feature","properties":{"waterway":"canal","name":null},"geometry":{"type":"LineString","coordinates":[[44.4602,40.0339],[44.456,40.0318]]}},{"type":"Feature","properties":{"waterway":"canal","name":null},"geometry":{"type":"LineString","coordinates":[[44.4607,40.0335],[44.4594,40.0308]]}},{"type":"Feature","properties":{"waterway":"canal","name":null},"geometry":{"type":"LineString","coordinates":[[44.4615,40.0366],[44.4609,40.0337]]}},{"type":"Feature","properties":{"waterway":"canal","name":null},"geometry":{"type":"LineString","coordinates":[[44.452,40.086],[44.452,40.0831]]}},{"type":"Feature","properties":{"waterway":"canal","name":null},"geometry":{"type":"LineString","coordinates":[[44.4516,40.0859],[44.4472,40.0805]]}},{"type":"Feature","properties":{"waterway":"canal","name":null},"geometry":{"type":"LineString","coordinates":[[44.4532,40.0891],[44.4517,40.0859]]}},{"type":"Feature","properties":{"waterway":"canal","name":null},"geometry":{"type":"LineString","coordinates":[[43.732,40.4282],[43.7369,40.4266],[43.7404,40.4287],[43.7386,40.4248],[43.7433,40.4241]]}},{"type":"Feature","properties":{"waterway":"canal","name":null},"geometry":{"type":"LineString","coordinates":[[43.7319,40.4282],[43.7315,40.4261],[43.7279,40.4283],[43.7227,40.4268],[43.7181,40.4242],[43.7196,40.4215],[43.7172,40.4205]]}},{"type":"Feature","properties":{"waterway":"canal","name":null},"geometry":{"type":"LineString","coordinates":[[43.7268,40.4272],[43.7277,40.4233]]}},{"type":"Feature","properties":{"waterway":"canal","name":null},"geometry":{"type":"LineString","coordinates":[[43.7238,40.4268],[43.7245,40.4236]]}},{"type":"Feature","properties":{"waterway":"canal","name":null},"geometry":{"type":"LineString","coordinates":[[43.7254,40.4263],[43.7266,40.421]]}},{"type":"Feature","properties":{"waterway":"canal","name":null},"geometry":{"type":"LineString","coordinates":[[43.7205,40.4253],[43.7239,40.4212]]}},{"type":"Feature","properties":{"waterway":"canal","name":null},"geometry":{"type":"LineString","coordinates":[[43.7193,40.4244],[43.7217,40.4213]]}},{"type":"Feature","properties":{"waterway":"canal","name":null},"geometry":{"type":"LineString","coordinates":[[43.7435,40.4239],[43.7442,40.4205],[43.7488,40.4203],[43.7525,40.4165]]}},{"type":"Feature","properties":{"waterway":"canal","name":"Փարաքար ջրանցք"},"geometry":{"type":"LineString","coordinates":[[44.3746,40.1702],[44.3732,40.1695]]}},{"type":"Feature","properties":{"waterway":"canal","name":"Փարաքար ջրանցք"},"geometry":{"type":"LineString","coordinates":[[44.3749,40.1702],[44.3746,40.1702]]}},{"type":"Feature","properties":{"waterway":"river","name":"Çayzəmi"},"geometry":{"type":"LineString","coordinates":[[46.4461,39.3379],[46.4585,39.3397],[46.4676,39.3373]]}},{"type":"Feature","properties":{"waterway":"canal","name":null},"geometry":{"type":"LineString","coordinates":[[44.5024,40.0851],[44.5005,40.0832]]}},{"type":"Feature","properties":{"waterway":"canal","name":null},"geometry":{"type":"LineString","coordinates":[[44.4983,40.0811],[44.4949,40.0778]]}},{"type":"Feature","properties":{"waterway":"canal","name":null},"geometry":{"type":"LineString","coordinates":[[44.4984,40.0811],[44.4983,40.0811]]}},{"type":"Feature","properties":{"waterway":"canal","name":null},"geometry":{"type":"LineString","coordinates":[[44.5005,40.0831],[44.4984,40.0811]]}},{"type":"Feature","properties":{"waterway":"canal","name":null},"geometry":{"type":"LineString","coordinates":[[44.5005,40.0832],[44.5005,40.0831]]}},{"type":"Feature","properties":{"waterway":"canal","name":null},"geometry":{"type":"LineString","coordinates":[[44.4984,40.081],[44.495,40.0778]]}},{"type":"Feature","properties":{"waterway":"canal","name":null},"geometry":{"type":"LineString","coordinates":[[44.5005,40.0831],[44.4984,40.0811]]}},{"type":"Feature","properties":{"waterway":"canal","name":null},"geometry":{"type":"LineString","coordinates":[[44.4984,40.0811],[44.4984,40.081]]}},{"type":"Feature","properties":{"waterway":"canal","name":null},"geometry":{"type":"LineString","coordinates":[[44.5015,40.084],[44.5006,40.0831]]}},{"type":"Feature","properties":{"waterway":"canal","name":null},"geometry":{"type":"LineString","coordinates":[[44.5006,40.0831],[44.5005,40.0831]]}},{"type":"Feature","properties":{"waterway":"canal","name":null},"geometry":{"type":"LineString","coordinates":[[44.5015,40.0841],[44.5015,40.084]]}},{"type":"Feature","properties":{"waterway":"canal","name":null},"geometry":{"type":"LineString","coordinates":[[44.5038,40.0864],[44.5025,40.0851]]}},{"type":"Feature","properties":{"waterway":"canal","name":null},"geometry":{"type":"LineString","coordinates":[[44.5025,40.0851],[44.5024,40.0851]]}},{"type":"Feature","properties":{"waterway":"canal","name":null},"geometry":{"type":"LineString","coordinates":[[44.506,40.0862],[44.5042,40.0846]]}},{"type":"Feature","properties":{"waterway":"canal","name":null},"geometry":{"type":"LineString","coordinates":[[44.5063,40.0862],[44.506,40.0862]]}},{"type":"Feature","properties":{"waterway":"canal","name":null},"geometry":{"type":"LineString","coordinates":[[44.4918,40.0553],[44.4922,40.0539]]}},{"type":"Feature","properties":{"waterway":"canal","name":null},"geometry":{"type":"LineString","coordinates":[[44.4923,40.0538],[44.4929,40.0523],[44.4817,40.046]]}},{"type":"Feature","properties":{"waterway":"canal","name":null},"geometry":{"type":"LineString","coordinates":[[44.4922,40.0539],[44.4923,40.0538]]}},{"type":"Feature","properties":{"waterway":"canal","name":null},"geometry":{"type":"LineString","coordinates":[[44.486,40.0485],[44.4854,40.0499]]}},{"type":"Feature","properties":{"waterway":"canal","name":null},"geometry":{"type":"LineString","coordinates":[[44.4863,40.0506],[44.4888,40.0519]]}},{"type":"Feature","properties":{"waterway":"canal","name":null},"geometry":{"type":"LineString","coordinates":[[44.4926,40.0485],[44.4913,40.0477]]}},{"type":"Feature","properties":{"waterway":"canal","name":null},"geometry":{"type":"LineString","coordinates":[[44.4926,40.0485],[44.4916,40.0494]]}},{"type":"Feature","properties":{"waterway":"canal","name":null},"geometry":{"type":"LineString","coordinates":[[44.4936,40.0488],[44.4926,40.0485]]}},{"type":"Feature","properties":{"waterway":"canal","name":null},"geometry":{"type":"LineString","coordinates":[[44.4914,40.0494],[44.4857,40.0463]]}},{"type":"Feature","properties":{"waterway":"canal","name":null},"geometry":{"type":"LineString","coordinates":[[46.369,38.9345],[46.3691,38.9347]]}},{"type":"Feature","properties":{"waterway":"canal","name":null},"geometry":{"type":"LineString","coordinates":[[46.3688,38.9341],[46.369,38.9345]]}},{"type":"Feature","properties":{"waterway":"canal","name":null},"geometry":{"type":"LineString","coordinates":[[46.3691,38.9347],[46.3692,38.9348]]}},{"type":"Feature","properties":{"waterway":"canal","name":null},"geometry":{"type":"LineString","coordinates":[[44.6824,39.8965],[44.6867,39.8975]]}},{"type":"Feature","properties":{"waterway":"canal","name":null},"geometry":{"type":"LineString","coordinates":[[44.6869,39.8975],[44.6893,39.8985]]}},{"type":"Feature","properties":{"waterway":"canal","name":null},"geometry":{"type":"LineString","coordinates":[[44.6867,39.8975],[44.6868,39.8975]]}},{"type":"Feature","properties":{"waterway":"canal","name":null},"geometry":{"type":"LineString","coordinates":[[44.6868,39.8975],[44.6869,39.8975]]}},{"type":"Feature","properties":{"waterway":"canal","name":null},"geometry":{"type":"LineString","coordinates":[[44.6867,39.8975],[44.6867,39.8975]]}},{"type":"Feature","properties":{"waterway":"canal","name":null},"geometry":{"type":"LineString","coordinates":[[44.4677,39.9858],[44.4651,39.9835]]}},{"type":"Feature","properties":{"waterway":"canal","name":null},"geometry":{"type":"LineString","coordinates":[[44.4678,39.9859],[44.4677,39.9858]]}},{"type":"Feature","properties":{"waterway":"canal","name":null},"geometry":{"type":"LineString","coordinates":[[44.4797,39.9997],[44.4796,39.9996]]}},{"type":"Feature","properties":{"waterway":"river","name":"Արփա"},"geometry":{"type":"LineString","coordinates":[[45.3033,39.7338],[45.2942,39.7335]]}},{"type":"Feature","properties":{"waterway":"river","name":"Արփա"},"geometry":{"type":"LineString","coordinates":[[45.3649,39.7397],[45.3544,39.7436]]}},{"type":"Feature","properties":{"waterway":"river","name":null},"geometry":{"type":"LineString","coordinates":[[44.1902,41.2272],[44.1943,41.2232],[44.2012,41.2067],[44.1981,41.1994],[44.2008,41.1964]]}},{"type":"Feature","properties":{"waterway":"river","name":"Տաշիր"},"geometry":{"type":"LineString","coordinates":[[44.2008,41.1964],[44.2006,41.1962]]}},{"type":"Feature","properties":{"waterway":"canal","name":null},"geometry":{"type":"LineString","coordinates":[[43.9072,40.7327],[43.9064,40.7296],[43.9028,40.7285],[43.8987,40.7309]]}},{"type":"Feature","properties":{"waterway":"canal","name":null},"geometry":{"type":"LineString","coordinates":[[43.8987,40.7309],[43.8986,40.7308]]}},{"type":"Feature","properties":{"waterway":"canal","name":null},"geometry":{"type":"LineString","coordinates":[[44.3048,40.3146],[44.3018,40.3099]]}},{"type":"Feature","properties":{"waterway":"canal","name":null},"geometry":{"type":"LineString","coordinates":[[44.4696,40.0987],[44.4696,40.0985]]}},{"type":"Feature","properties":{"waterway":"canal","name":null},"geometry":{"type":"LineString","coordinates":[[44.4696,40.0985],[44.4696,40.0985]]}},{"type":"Feature","properties":{"waterway":"canal","name":null},"geometry":{"type":"LineString","coordinates":[[44.4695,40.0983],[44.4695,40.098]]}},{"type":"Feature","properties":{"waterway":"canal","name":null},"geometry":{"type":"LineString","coordinates":[[44.4696,40.0985],[44.4695,40.0983]]}},{"type":"Feature","properties":{"waterway":"river","name":"Լեջանջուր"},"geometry":{"type":"LineString","coordinates":[[44.4565,41.0105],[44.4548,41.0078],[44.458,41.0045]]}},{"type":"Feature","properties":{"waterway":"river","name":"Լեջանջուր"},"geometry":{"type":"LineString","coordinates":[[44.4566,41.0107],[44.4565,41.0105]]}},{"type":"Feature","properties":{"waterway":"canal","name":null},"geometry":{"type":"LineString","coordinates":[[43.9996,40.7709],[43.9981,40.7727]]}},{"type":"Feature","properties":{"waterway":"canal","name":null},"geometry":{"type":"LineString","coordinates":[[43.9911,40.7783],[43.9904,40.7748],[43.9842,40.7712]]}},{"type":"Feature","properties":{"waterway":"canal","name":null},"geometry":{"type":"LineString","coordinates":[[44.3935,40.1295],[44.391,40.13]]}},{"type":"Feature","properties":{"waterway":"canal","name":null},"geometry":{"type":"LineString","coordinates":[[44.391,40.13],[44.3878,40.1306]]}},{"type":"Feature","properties":{"waterway":"canal","name":null},"geometry":{"type":"LineString","coordinates":[[44.4001,40.1257],[44.3986,40.1261]]}},{"type":"Feature","properties":{"waterway":"canal","name":null},"geometry":{"type":"LineString","coordinates":[[44.3985,40.1262],[44.3975,40.1268]]}},{"type":"Feature","properties":{"waterway":"canal","name":null},"geometry":{"type":"LineString","coordinates":[[44.4018,40.1257],[44.4002,40.1258]]}},{"type":"Feature","properties":{"waterway":"canal","name":null},"geometry":{"type":"LineString","coordinates":[[44.4039,40.1256],[44.4023,40.1257]]}},{"type":"Feature","properties":{"waterway":"canal","name":"Ազատ"},"geometry":{"type":"LineString","coordinates":[[44.5946,40.0628],[44.5924,40.0629]]}},{"type":"Feature","properties":{"waterway":"canal","name":"Ազատ"},"geometry":{"type":"LineString","coordinates":[[44.5984,40.0642],[44.5946,40.0628]]}},{"type":"Feature","properties":{"waterway":"river","name":"Ազատ"},"geometry":{"type":"LineString","coordinates":[[44.5913,40.0638],[44.5916,40.0629]]}},{"type":"Feature","properties":{"waterway":"river","name":"Ազատ"},"geometry":{"type":"LineString","coordinates":[[44.5924,40.0629],[44.5916,40.0629]]}},{"type":"Feature","properties":{"waterway":"river","name":"Ազատ"},"geometry":{"type":"LineString","coordinates":[[44.5917,40.064],[44.5913,40.0638]]}},{"type":"Feature","properties":{"waterway":"canal","name":"Ազատ"},"geometry":{"type":"LineString","coordinates":[[44.5923,40.0672],[44.592,40.067]]}},{"type":"Feature","properties":{"waterway":"river","name":"Gorus çayı"},"geometry":{"type":"LineString","coordinates":[[46.3912,39.4452],[46.4145,39.4453],[46.4308,39.4387]]}},{"type":"Feature","properties":{"waterway":"river","name":null},"geometry":{"type":"LineString","coordinates":[[44.7456,39.7292],[44.749,39.7279],[44.7485,39.7239]]}},{"type":"Feature","properties":{"waterway":"river","name":"Սեդվի"},"geometry":{"type":"LineString","coordinates":[[44.5629,41.1018],[44.5796,41.0956],[44.5852,41.0908]]}},{"type":"Feature","properties":{"waterway":"canal","name":null},"geometry":{"type":"LineString","coordinates":[[43.8987,40.6853],[43.8817,40.6836]]}},{"type":"Feature","properties":{"waterway":"canal","name":null},"geometry":{"type":"LineString","coordinates":[[43.9127,40.6869],[43.9124,40.6868]]}},{"type":"Feature","properties":{"waterway":"canal","name":null},"geometry":{"type":"LineString","coordinates":[[43.9332,40.6822],[43.9289,40.6821]]}},{"type":"Feature","properties":{"waterway":"canal","name":null},"geometry":{"type":"LineString","coordinates":[[43.9206,40.6797],[43.914,40.6768]]}},{"type":"Feature","properties":{"waterway":"canal","name":null},"geometry":{"type":"LineString","coordinates":[[43.9208,40.6797],[43.9206,40.6797]]}},{"type":"Feature","properties":{"waterway":"canal","name":null},"geometry":{"type":"LineString","coordinates":[[43.9255,40.6818],[43.9208,40.6797]]}},{"type":"Feature","properties":{"waterway":"canal","name":null},"geometry":{"type":"LineString","coordinates":[[43.9257,40.6818],[43.9255,40.6818]]}},{"type":"Feature","properties":{"waterway":"canal","name":null},"geometry":{"type":"LineString","coordinates":[[43.9288,40.6821],[43.9257,40.6818]]}},{"type":"Feature","properties":{"waterway":"canal","name":null},"geometry":{"type":"LineString","coordinates":[[43.9289,40.6821],[43.9288,40.6821]]}},{"type":"Feature","properties":{"waterway":"canal","name":null},"geometry":{"type":"LineString","coordinates":[[43.9124,40.6868],[43.8988,40.6853]]}},{"type":"Feature","properties":{"waterway":"canal","name":null},"geometry":{"type":"LineString","coordinates":[[43.8988,40.6853],[43.8987,40.6853]]}},{"type":"Feature","properties":{"waterway":"canal","name":null},"geometry":{"type":"LineString","coordinates":[[43.9299,40.687],[43.9255,40.6873],[43.9207,40.6923],[43.9173,40.6901],[43.9175,40.6875],[43.9127,40.6869]]}},{"type":"Feature","properties":{"waterway":"canal","name":null},"geometry":{"type":"LineString","coordinates":[[43.93,40.687],[43.9299,40.687]]}},{"type":"Feature","properties":{"waterway":"canal","name":"Այգաբացի ջրանցք"},"geometry":{"type":"LineString","coordinates":[[43.9568,40.7694],[43.9521,40.7665]]}},{"type":"Feature","properties":{"waterway":"canal","name":"Այգաբացի ջրանցք"},"geometry":{"type":"LineString","coordinates":[[43.9521,40.7665],[43.952,40.7665]]}},{"type":"Feature","properties":{"waterway":"canal","name":"Այգաբացի ջրանցք"},"geometry":{"type":"LineString","coordinates":[[43.9335,40.7618],[43.9287,40.762],[43.9282,40.7588],[43.932,40.7528],[43.937,40.7521],[43.9367,40.7492]]}},{"type":"Feature","properties":{"waterway":"canal","name":"Այգաբացի ջրանցք"},"geometry":{"type":"LineString","coordinates":[[43.9367,40.7492],[43.9379,40.7481]]}},{"type":"Feature","properties":{"waterway":"canal","name":null},"geometry":{"type":"LineString","coordinates":[[43.9324,40.8269],[43.9302,40.826]]}},{"type":"Feature","properties":{"waterway":"canal","name":null},"geometry":{"type":"LineString","coordinates":[[44.4565,40.0847],[44.4558,40.0839]]}},{"type":"Feature","properties":{"waterway":"canal","name":null},"geometry":{"type":"LineString","coordinates":[[44.4557,40.0838],[44.4539,40.0816]]}},{"type":"Feature","properties":{"waterway":"canal","name":null},"geometry":{"type":"LineString","coordinates":[[44.4558,40.0839],[44.4557,40.0838]]}},{"type":"Feature","properties":{"waterway":"canal","name":null},"geometry":{"type":"LineString","coordinates":[[44.4558,40.0839],[44.4558,40.0839]]}},{"type":"Feature","properties":{"waterway":"canal","name":null},"geometry":{"type":"LineString","coordinates":[[44.4569,40.0852],[44.4565,40.0847]]}},{"type":"Feature","properties":{"waterway":"canal","name":null},"geometry":{"type":"LineString","coordinates":[[44.4565,40.0847],[44.4565,40.0847]]}},{"type":"Feature","properties":{"waterway":"canal","name":null},"geometry":{"type":"LineString","coordinates":[[44.4574,40.0893],[44.457,40.0888]]}},{"type":"Feature","properties":{"waterway":"canal","name":null},"geometry":{"type":"LineString","coordinates":[[44.456,40.0877],[44.456,40.0876]]}},{"type":"Feature","properties":{"waterway":"canal","name":null},"geometry":{"type":"LineString","coordinates":[[44.4564,40.0882],[44.456,40.0877]]}},{"type":"Feature","properties":{"waterway":"canal","name":null},"geometry":{"type":"LineString","coordinates":[[44.4565,40.0882],[44.4564,40.0882]]}},{"type":"Feature","properties":{"waterway":"canal","name":null},"geometry":{"type":"LineString","coordinates":[[44.456,40.0876],[44.4548,40.0884]]}},{"type":"Feature","properties":{"waterway":"canal","name":null},"geometry":{"type":"LineString","coordinates":[[44.4569,40.0887],[44.4565,40.0882]]}},{"type":"Feature","properties":{"waterway":"canal","name":null},"geometry":{"type":"LineString","coordinates":[[44.457,40.0888],[44.4569,40.0887]]}},{"type":"Feature","properties":{"waterway":"canal","name":null},"geometry":{"type":"LineString","coordinates":[[43.6148,40.3514],[43.6186,40.3433]]}},{"type":"Feature","properties":{"waterway":"canal","name":null},"geometry":{"type":"LineString","coordinates":[[43.6187,40.3432],[43.6304,40.3185]]}},{"type":"Feature","properties":{"waterway":"canal","name":null},"geometry":{"type":"LineString","coordinates":[[44.2748,41.0694],[44.2749,41.0694]]}},{"type":"Feature","properties":{"waterway":"canal","name":null},"geometry":{"type":"LineString","coordinates":[[44.2605,41.0679],[44.2622,41.0733],[44.2658,41.0751],[44.2707,41.0723],[44.2712,41.0685],[44.2748,41.0694]]}},{"type":"Feature","properties":{"waterway":"canal","name":null},"geometry":{"type":"LineString","coordinates":[[44.2604,41.0679],[44.2605,41.0679]]}},{"type":"Feature","properties":{"waterway":"canal","name":null},"geometry":{"type":"LineString","coordinates":[[44.2558,41.0647],[44.2545,41.0695],[44.2604,41.0679]]}},{"type":"Feature","properties":{"waterway":"canal","name":null},"geometry":{"type":"LineString","coordinates":[[44.2557,41.0646],[44.2558,41.0647]]}},{"type":"Feature","properties":{"waterway":"canal","name":null},"geometry":{"type":"LineString","coordinates":[[44.2423,41.0574],[44.2476,41.0605],[44.2451,41.0647],[44.2527,41.0624],[44.2557,41.0646]]}},{"type":"Feature","properties":{"waterway":"canal","name":null},"geometry":{"type":"LineString","coordinates":[[44.2422,41.0574],[44.2423,41.0574]]}},{"type":"Feature","properties":{"waterway":"canal","name":null},"geometry":{"type":"LineString","coordinates":[[44.2295,41.053],[44.2422,41.0574]]}},{"type":"Feature","properties":{"waterway":"river","name":null},"geometry":{"type":"LineString","coordinates":[[44.5925,40.2446],[44.5923,40.2445]]}},{"type":"Feature","properties":{"waterway":"river","name":null},"geometry":{"type":"LineString","coordinates":[[44.5902,40.243],[44.5903,40.243]]}},{"type":"Feature","properties":{"waterway":"river","name":null},"geometry":{"type":"LineString","coordinates":[[44.5999,40.247],[44.5997,40.2468]]}},{"type":"Feature","properties":{"waterway":"river","name":null},"geometry":{"type":"LineString","coordinates":[[44.605,40.2505],[44.6049,40.2503]]}},{"type":"Feature","properties":{"waterway":"canal","name":null},"geometry":{"type":"LineString","coordinates":[[44.4927,40.0838],[44.4926,40.084]]}},{"type":"Feature","properties":{"waterway":"canal","name":null},"geometry":{"type":"LineString","coordinates":[[44.4928,40.0838],[44.4927,40.0837]]}},{"type":"Feature","properties":{"waterway":"canal","name":null},"geometry":{"type":"LineString","coordinates":[[44.4927,40.0837],[44.4924,40.0831]]}},{"type":"Feature","properties":{"waterway":"canal","name":null},"geometry":{"type":"LineString","coordinates":[[44.4927,40.0837],[44.4877,40.083]]}},{"type":"Feature","properties":{"waterway":"canal","name":null},"geometry":{"type":"LineString","coordinates":[[44.4876,40.083],[44.4859,40.0826]]}},{"type":"Feature","properties":{"waterway":"canal","name":null},"geometry":{"type":"LineString","coordinates":[[44.4877,40.083],[44.4876,40.083]]}},{"type":"Feature","properties":{"waterway":"canal","name":null},"geometry":{"type":"LineString","coordinates":[[44.4924,40.0831],[44.4878,40.0822]]}},{"type":"Feature","properties":{"waterway":"canal","name":null},"geometry":{"type":"LineString","coordinates":[[44.4877,40.0822],[44.4847,40.0816]]}},{"type":"Feature","properties":{"waterway":"canal","name":null},"geometry":{"type":"LineString","coordinates":[[44.4878,40.0822],[44.4877,40.0822]]}},{"type":"Feature","properties":{"waterway":"canal","name":null},"geometry":{"type":"LineString","coordinates":[[44.4922,40.0841],[44.4813,40.0834]]}},{"type":"Feature","properties":{"waterway":"canal","name":null},"geometry":{"type":"LineString","coordinates":[[44.4928,40.0838],[44.4927,40.0838]]}},{"type":"Feature","properties":{"waterway":"canal","name":null},"geometry":{"type":"LineString","coordinates":[[44.4926,40.084],[44.4923,40.0841]]}},{"type":"Feature","properties":{"waterway":"canal","name":null},"geometry":{"type":"LineString","coordinates":[[44.4923,40.0841],[44.4922,40.0841]]}},{"type":"Feature","properties":{"waterway":"canal","name":null},"geometry":{"type":"LineString","coordinates":[[44.4297,40.1456],[44.4275,40.1447]]}},{"type":"Feature","properties":{"waterway":"canal","name":null},"geometry":{"type":"LineString","coordinates":[[44.4275,40.1447],[44.4248,40.1432]]}},{"type":"Feature","properties":{"waterway":"canal","name":null},"geometry":{"type":"LineString","coordinates":[[44.4275,40.1447],[44.4275,40.1447]]}},{"type":"Feature","properties":{"waterway":"canal","name":null},"geometry":{"type":"LineString","coordinates":[[44.4309,40.1464],[44.4308,40.1464]]}},{"type":"Feature","properties":{"waterway":"canal","name":null},"geometry":{"type":"LineString","coordinates":[[44.4308,40.1464],[44.4299,40.1458]]}},{"type":"Feature","properties":{"waterway":"canal","name":null},"geometry":{"type":"LineString","coordinates":[[44.4299,40.1458],[44.4297,40.1456]]}},{"type":"Feature","properties":{"waterway":"canal","name":null},"geometry":{"type":"LineString","coordinates":[[44.4248,40.1432],[44.4246,40.1432]]}},{"type":"Feature","properties":{"waterway":"canal","name":null},"geometry":{"type":"LineString","coordinates":[[44.4264,40.1472],[44.4231,40.1452]]}},{"type":"Feature","properties":{"waterway":"canal","name":null},"geometry":{"type":"LineString","coordinates":[[44.423,40.1453],[44.4201,40.1428]]}},{"type":"Feature","properties":{"waterway":"canal","name":null},"geometry":{"type":"LineString","coordinates":[[44.4231,40.1452],[44.423,40.1453]]}},{"type":"Feature","properties":{"waterway":"canal","name":null},"geometry":{"type":"LineString","coordinates":[[44.0796,40.1452],[44.0673,40.144]]}},{"type":"Feature","properties":{"waterway":"canal","name":null},"geometry":{"type":"LineString","coordinates":[[44.0796,40.1454],[44.0796,40.1452]]}},{"type":"Feature","properties":{"waterway":"canal","name":"Քասաղ"},"geometry":{"type":"LineString","coordinates":[[44.3787,40.4026],[44.3754,40.4015]]}},{"type":"Feature","properties":{"waterway":"canal","name":"Քասաղ"},"geometry":{"type":"LineString","coordinates":[[44.3754,40.4015],[44.3747,40.4012]]}},{"type":"Feature","properties":{"waterway":"canal","name":"Քասաղ"},"geometry":{"type":"LineString","coordinates":[[44.3806,40.4035],[44.379,40.4026]]}},{"type":"Feature","properties":{"waterway":"canal","name":"Քասաղ"},"geometry":{"type":"LineString","coordinates":[[44.381,40.4035],[44.3806,40.4035]]}},{"type":"Feature","properties":{"waterway":"canal","name":"Քասաղ"},"geometry":{"type":"LineString","coordinates":[[44.3835,40.4038],[44.381,40.4035]]}},{"type":"Feature","properties":{"waterway":"canal","name":"Քասաղ"},"geometry":{"type":"LineString","coordinates":[[44.3838,40.4037],[44.3835,40.4038]]}},{"type":"Feature","properties":{"waterway":"river","name":"Քասաղ"},"geometry":{"type":"LineString","coordinates":[[44.441,40.4817],[44.4411,40.4786],[44.4455,40.4766],[44.4436,40.471],[44.4471,40.4648],[44.4415,40.4599],[44.4399,40.4489],[44.435,40.4477],[44.4283,40.4396],[44.4144,40.4324],[44.4103,40.4264],[44.4055,40.4247]]}},{"type":"Feature","properties":{"waterway":"canal","name":null},"geometry":{"type":"LineString","coordinates":[[44.4375,40.1597],[44.4366,40.1593]]}},{"type":"Feature","properties":{"waterway":"canal","name":null},"geometry":{"type":"LineString","coordinates":[[44.4376,40.16],[44.4375,40.1599]]}},{"type":"Feature","properties":{"waterway":"canal","name":null},"geometry":{"type":"LineString","coordinates":[[44.4375,40.1599],[44.4375,40.1597]]}},{"type":"Feature","properties":{"waterway":"canal","name":null},"geometry":{"type":"LineString","coordinates":[[43.8391,40.6923],[43.8387,40.6921]]}},{"type":"Feature","properties":{"waterway":"canal","name":null},"geometry":{"type":"LineString","coordinates":[[43.8714,40.6584],[43.8586,40.6568]]}},{"type":"Feature","properties":{"waterway":"canal","name":"Ախուրյանի աջափնյա ջրանցք"},"geometry":{"type":"LineString","coordinates":[[43.7447,40.9344],[43.7419,40.9333]]}},{"type":"Feature","properties":{"waterway":"canal","name":"Ախուրյանի աջափնյա ջրանցք"},"geometry":{"type":"LineString","coordinates":[[43.7477,40.9345],[43.7447,40.9344]]}},{"type":"Feature","properties":{"waterway":"canal","name":"Ախուրյանի աջափնյա ջրանցք"},"geometry":{"type":"LineString","coordinates":[[43.752,40.935],[43.7496,40.934]]}},{"type":"Feature","properties":{"waterway":"canal","name":"Ախուրյանի աջափնյա ջրանցք"},"geometry":{"type":"LineString","coordinates":[[43.7528,40.9353],[43.752,40.935]]}},{"type":"Feature","properties":{"waterway":"canal","name":"Ախուրյանի աջափնյա ջրանցք"},"geometry":{"type":"LineString","coordinates":[[43.749,40.9343],[43.7477,40.9345]]}},{"type":"Feature","properties":{"waterway":"canal","name":"Ախուրյանի աջափնյա ջրանցք"},"geometry":{"type":"LineString","coordinates":[[43.7496,40.934],[43.749,40.9343]]}},{"type":"Feature","properties":{"waterway":"canal","name":"Ախուրյանի աջափնյա ջրանցք"},"geometry":{"type":"LineString","coordinates":[[43.7581,40.9379],[43.7528,40.9353]]}},{"type":"Feature","properties":{"waterway":"canal","name":"Ախուրյանի աջափնյա ջրանցք"},"geometry":{"type":"LineString","coordinates":[[43.7583,40.9381],[43.7581,40.9379]]}},{"type":"Feature","properties":{"waterway":"canal","name":"Ախուրյանի աջափնյա ջրանցք"},"geometry":{"type":"LineString","coordinates":[[43.76,40.9385],[43.7583,40.9381]]}},{"type":"Feature","properties":{"waterway":"canal","name":"Ախուրյանի աջափնյա ջրանցք"},"geometry":{"type":"LineString","coordinates":[[43.7603,40.9386],[43.76,40.9385]]}},{"type":"Feature","properties":{"waterway":"canal","name":"Ախուրյանի աջափնյա ջրանցք"},"geometry":{"type":"LineString","coordinates":[[43.7614,40.9396],[43.7603,40.9386]]}},{"type":"Feature","properties":{"waterway":"canal","name":"Ախուրյանի աջափնյա ջրանցք"},"geometry":{"type":"LineString","coordinates":[[43.7617,40.9397],[43.7614,40.9396]]}},{"type":"Feature","properties":{"waterway":"canal","name":"Ախուրյանի աջափնյա ջրանցք"},"geometry":{"type":"LineString","coordinates":[[43.7648,40.941],[43.7617,40.9397]]}},{"type":"Feature","properties":{"waterway":"canal","name":"Ախուրյանի աջափնյա ջրանցք"},"geometry":{"type":"LineString","coordinates":[[43.7659,40.9415],[43.7648,40.941]]}},{"type":"Feature","properties":{"waterway":"canal","name":"Ախուրյանի աջափնյա ջրանցք"},"geometry":{"type":"LineString","coordinates":[[43.7698,40.9433],[43.7659,40.9415]]}},{"type":"Feature","properties":{"waterway":"canal","name":"Ախուրյանի աջափնյա ջրանցք"},"geometry":{"type":"LineString","coordinates":[[43.7706,40.9439],[43.7698,40.9433]]}},{"type":"Feature","properties":{"waterway":"canal","name":null},"geometry":{"type":"LineString","coordinates":[[43.7746,40.9444],[43.7757,40.941]]}},{"type":"Feature","properties":{"waterway":"canal","name":null},"geometry":{"type":"LineString","coordinates":[[43.8134,40.9485],[43.8113,40.9361],[43.8182,40.9298],[43.8271,40.9314]]}},{"type":"Feature","properties":{"waterway":"canal","name":null},"geometry":{"type":"LineString","coordinates":[[44.6534,40.4315],[44.6417,40.4285]]}},{"type":"Feature","properties":{"waterway":"canal","name":null},"geometry":{"type":"LineString","coordinates":[[44.6783,40.438],[44.6748,40.4393]]}},{"type":"Feature","properties":{"waterway":"canal","name":null},"geometry":{"type":"LineString","coordinates":[[44.6714,40.4407],[44.6713,40.4408]]}},{"type":"Feature","properties":{"waterway":"canal","name":null},"geometry":{"type":"LineString","coordinates":[[44.6747,40.4392],[44.6714,40.4407]]}},{"type":"Feature","properties":{"waterway":"canal","name":null},"geometry":{"type":"LineString","coordinates":[[44.6748,40.4393],[44.6747,40.4392]]}},{"type":"Feature","properties":{"waterway":"canal","name":null},"geometry":{"type":"LineString","coordinates":[[44.6817,40.4533],[44.6723,40.4557]]}},{"type":"Feature","properties":{"waterway":"canal","name":null},"geometry":{"type":"LineString","coordinates":[[44.688,40.4497],[44.6817,40.4533]]}},{"type":"Feature","properties":{"waterway":"river","name":"Օձիձոր"},"geometry":{"type":"LineString","coordinates":[[44.2813,40.8504],[44.2796,40.8428]]}},{"type":"Feature","properties":{"waterway":"river","name":"Սևջուր"},"geometry":{"type":"LineString","coordinates":[[44.2655,40.9719],[44.2806,41.0005],[44.2984,41.0164]]}},{"type":"Feature","properties":{"waterway":"canal","name":null},"geometry":{"type":"LineString","coordinates":[[43.8803,40.6502],[43.8736,40.6484],[43.8714,40.6436]]}},{"type":"Feature","properties":{"waterway":"canal","name":null},"geometry":{"type":"LineString","coordinates":[[43.882,40.6522],[43.8806,40.6503]]}},{"type":"Feature","properties":{"waterway":"canal","name":null},"geometry":{"type":"LineString","coordinates":[[43.8806,40.6503],[43.8803,40.6502]]}},{"type":"Feature","properties":{"waterway":"canal","name":null},"geometry":{"type":"LineString","coordinates":[[43.8829,40.662],[43.8835,40.6584]]}},{"type":"Feature","properties":{"waterway":"canal","name":null},"geometry":{"type":"LineString","coordinates":[[43.8727,40.6495],[43.8659,40.6481]]}},{"type":"Feature","properties":{"waterway":"canal","name":null},"geometry":{"type":"LineString","coordinates":[[43.8789,40.6559],[43.8765,40.6527]]}},{"type":"Feature","properties":{"waterway":"canal","name":null},"geometry":{"type":"LineString","coordinates":[[43.8765,40.6527],[43.8764,40.6526]]}},{"type":"Feature","properties":{"waterway":"canal","name":null},"geometry":{"type":"LineString","coordinates":[[43.8764,40.6526],[43.8728,40.6496]]}},{"type":"Feature","properties":{"waterway":"canal","name":null},"geometry":{"type":"LineString","coordinates":[[43.8728,40.6496],[43.8727,40.6495]]}},{"type":"Feature","properties":{"waterway":"canal","name":null},"geometry":{"type":"LineString","coordinates":[[43.8791,40.6568],[43.8789,40.656]]}},{"type":"Feature","properties":{"waterway":"canal","name":null},"geometry":{"type":"LineString","coordinates":[[43.8789,40.656],[43.8789,40.6559]]}},{"type":"Feature","properties":{"waterway":"canal","name":null},"geometry":{"type":"LineString","coordinates":[[43.8785,40.656],[43.8754,40.654]]}},{"type":"Feature","properties":{"waterway":"canal","name":null},"geometry":{"type":"LineString","coordinates":[[43.8791,40.6586],[43.8774,40.6581]]}},{"type":"Feature","properties":{"waterway":"canal","name":null},"geometry":{"type":"LineString","coordinates":[[43.8773,40.658],[43.8755,40.6578]]}},{"type":"Feature","properties":{"waterway":"canal","name":null},"geometry":{"type":"LineString","coordinates":[[43.8774,40.6581],[43.8773,40.658]]}},{"type":"Feature","properties":{"waterway":"canal","name":null},"geometry":{"type":"LineString","coordinates":[[43.8823,40.6555],[43.8826,40.6528]]}},{"type":"Feature","properties":{"waterway":"canal","name":null},"geometry":{"type":"LineString","coordinates":[[43.8822,40.6556],[43.8823,40.6555]]}},{"type":"Feature","properties":{"waterway":"canal","name":null},"geometry":{"type":"LineString","coordinates":[[43.8829,40.6578],[43.8822,40.6556]]}},{"type":"Feature","properties":{"waterway":"canal","name":null},"geometry":{"type":"LineString","coordinates":[[43.8835,40.6584],[43.8835,40.6583]]}},{"type":"Feature","properties":{"waterway":"canal","name":null},"geometry":{"type":"LineString","coordinates":[[43.8828,40.6627],[43.8829,40.6621]]}},{"type":"Feature","properties":{"waterway":"canal","name":null},"geometry":{"type":"LineString","coordinates":[[43.8829,40.6621],[43.8829,40.662]]}},{"type":"Feature","properties":{"waterway":"canal","name":null},"geometry":{"type":"LineString","coordinates":[[43.8828,40.663],[43.8828,40.6628]]}},{"type":"Feature","properties":{"waterway":"canal","name":null},"geometry":{"type":"LineString","coordinates":[[43.8829,40.663],[43.8828,40.663]]}},{"type":"Feature","properties":{"waterway":"canal","name":null},"geometry":{"type":"LineString","coordinates":[[43.8828,40.6628],[43.8828,40.6627]]}},{"type":"Feature","properties":{"waterway":"canal","name":null},"geometry":{"type":"LineString","coordinates":[[43.8962,40.6623],[43.9021,40.6617]]}},{"type":"Feature","properties":{"waterway":"canal","name":null},"geometry":{"type":"LineString","coordinates":[[43.871,40.6433],[43.8714,40.6405]]}},{"type":"Feature","properties":{"waterway":"canal","name":null},"geometry":{"type":"LineString","coordinates":[[43.8715,40.6583],[43.8722,40.6535]]}},{"type":"Feature","properties":{"waterway":"canal","name":null},"geometry":{"type":"LineString","coordinates":[[43.8769,40.6595],[43.8715,40.6584]]}},{"type":"Feature","properties":{"waterway":"canal","name":null},"geometry":{"type":"LineString","coordinates":[[43.8715,40.6584],[43.8714,40.6584]]}},{"type":"Feature","properties":{"waterway":"river","name":"Ծաղկառու"},"geometry":{"type":"LineString","coordinates":[[44.0993,40.8015],[44.0996,40.8178],[44.1066,40.8333]]}},{"type":"Feature","properties":{"waterway":"river","name":null},"geometry":{"type":"LineString","coordinates":[[44.0989,40.7973],[44.0993,40.8015]]}},{"type":"Feature","properties":{"waterway":"river","name":"Ծաղկառու"},"geometry":{"type":"LineString","coordinates":[[44.1011,40.797],[44.0993,40.8015]]}},{"type":"Feature","properties":{"waterway":"river","name":"Ծաղկառու"},"geometry":{"type":"LineString","coordinates":[[44.1011,40.7969],[44.1011,40.797]]}},{"type":"Feature","properties":{"waterway":"river","name":"Փամբակ"},"geometry":{"type":"LineString","coordinates":[[44.073,40.8424],[44.0977,40.8399],[44.1235,40.8415],[44.1394,40.84],[44.158,40.8476],[44.1832,40.852],[44.1858,40.8542],[44.2199,40.859]]}},{"type":"Feature","properties":{"waterway":"canal","name":null},"geometry":{"type":"LineString","coordinates":[[44.2563,40.8412],[44.2575,40.8398]]}},{"type":"Feature","properties":{"waterway":"river","name":"Փամբակ"},"geometry":{"type":"LineString","coordinates":[[44.2305,40.8529],[44.2548,40.8423],[44.2609,40.8375],[44.2821,40.8299]]}},{"type":"Feature","properties":{"waterway":"river","name":"Փամբակ"},"geometry":{"type":"LineString","coordinates":[[44.2199,40.859],[44.2305,40.8529]]}},{"type":"Feature","properties":{"waterway":"river","name":null},"geometry":{"type":"LineString","coordinates":[[43.8085,40.7847],[43.8065,40.7861]]}},{"type":"Feature","properties":{"waterway":"river","name":null},"geometry":{"type":"LineString","coordinates":[[43.8085,40.7846],[43.8085,40.7847]]}},{"type":"Feature","properties":{"waterway":"canal","name":null},"geometry":{"type":"LineString","coordinates":[[43.7855,40.7043],[43.7854,40.704]]}},{"type":"Feature","properties":{"waterway":"canal","name":null},"geometry":{"type":"LineString","coordinates":[[43.7854,40.704],[43.7854,40.7039]]}},{"type":"Feature","properties":{"waterway":"canal","name":null},"geometry":{"type":"LineString","coordinates":[[43.7849,40.7103],[43.7857,40.7092]]}},{"type":"Feature","properties":{"waterway":"canal","name":null},"geometry":{"type":"LineString","coordinates":[[43.7894,40.7309],[43.7866,40.7294]]}},{"type":"Feature","properties":{"waterway":"canal","name":null},"geometry":{"type":"LineString","coordinates":[[43.7896,40.7308],[43.7894,40.7309]]}},{"type":"Feature","properties":{"waterway":"canal","name":null},"geometry":{"type":"LineString","coordinates":[[43.7866,40.7293],[43.785,40.7278]]}},{"type":"Feature","properties":{"waterway":"canal","name":null},"geometry":{"type":"LineString","coordinates":[[43.7866,40.7294],[43.7866,40.7293]]}},{"type":"Feature","properties":{"waterway":"river","name":"Սեդվի"},"geometry":{"type":"LineString","coordinates":[[44.519,41.1088],[44.5408,41.1106],[44.5531,41.1076],[44.5629,41.1018]]}},{"type":"Feature","properties":{"waterway":"river","name":"Հովանաձոր"},"geometry":{"type":"LineString","coordinates":[[44.5294,41.0296],[44.525,41.0208],[44.5113,41.0048],[44.5081,40.9952]]}},{"type":"Feature","properties":{"waterway":"canal","name":"Լոռվա ջրանցք"},"geometry":{"type":"LineString","coordinates":[[44.509,41.0031],[44.5094,41.0019]]}},{"type":"Feature","properties":{"waterway":"canal","name":"Լոռվա ջրանցք"},"geometry":{"type":"LineString","coordinates":[[44.5094,41.0019],[44.5132,41.0008]]}},{"type":"Feature","properties":{"waterway":"canal","name":"Լոռվա ջրանցք"},"geometry":{"type":"LineString","coordinates":[[44.5132,41.0008],[44.515,40.9965]]}},{"type":"Feature","properties":{"waterway":"canal","name":"Լոռվա ջրանցք"},"geometry":{"type":"LineString","coordinates":[[44.515,40.9965],[44.5151,40.9964]]}},{"type":"Feature","properties":{"waterway":"canal","name":"Լոռվա ջրանցք"},"geometry":{"type":"LineString","coordinates":[[44.526,40.9874],[44.5314,40.9914]]}},{"type":"Feature","properties":{"waterway":"canal","name":"Լոռվա ջրանցք"},"geometry":{"type":"LineString","coordinates":[[44.5335,40.9924],[44.5363,40.9897]]}},{"type":"Feature","properties":{"waterway":"canal","name":"Լոռվա ջրանցք"},"geometry":{"type":"LineString","coordinates":[[44.5315,40.9914],[44.5335,40.9924]]}},{"type":"Feature","properties":{"waterway":"canal","name":"Լոռվա ջրանցք"},"geometry":{"type":"LineString","coordinates":[[44.5314,40.9914],[44.5315,40.9914]]}},{"type":"Feature","properties":{"waterway":"canal","name":null},"geometry":{"type":"LineString","coordinates":[[44.5241,41.0205],[44.5194,41.0166]]}},{"type":"Feature","properties":{"waterway":"river","name":"Լեռնաջուր"},"geometry":{"type":"LineString","coordinates":[[44.3776,40.8012],[44.3912,40.8178],[44.39,40.829],[44.388,40.8307],[44.3929,40.8361],[44.3956,40.8463]]}},{"type":"Feature","properties":{"waterway":"river","name":"Որդնավ"},"geometry":{"type":"LineString","coordinates":[[44.2263,40.7599],[44.2242,40.7739]]}},{"type":"Feature","properties":{"waterway":"river","name":"Որդնավ"},"geometry":{"type":"LineString","coordinates":[[44.2322,40.7513],[44.2278,40.755]]}},{"type":"Feature","properties":{"waterway":"river","name":"Որդնավ"},"geometry":{"type":"LineString","coordinates":[[44.2409,40.7483],[44.2322,40.7513]]}},{"type":"Feature","properties":{"waterway":"canal","name":null},"geometry":{"type":"LineString","coordinates":[[44.4355,40.2607],[44.4348,40.2586]]}},{"type":"Feature","properties":{"waterway":"canal","name":null},"geometry":{"type":"LineString","coordinates":[[44.4356,40.2608],[44.4355,40.2607]]}},{"type":"Feature","properties":{"waterway":"canal","name":null},"geometry":{"type":"LineString","coordinates":[[44.4356,40.2608],[44.4356,40.2608]]}},{"type":"Feature","properties":{"waterway":"canal","name":null},"geometry":{"type":"LineString","coordinates":[[44.4354,40.2569],[44.4375,40.252],[44.4333,40.2495]]}},{"type":"Feature","properties":{"waterway":"canal","name":null},"geometry":{"type":"LineString","coordinates":[[44.4348,40.2586],[44.4346,40.2582]]}},{"type":"Feature","properties":{"waterway":"canal","name":null},"geometry":{"type":"LineString","coordinates":[[44.4346,40.2582],[44.4353,40.2569]]}},{"type":"Feature","properties":{"waterway":"canal","name":null},"geometry":{"type":"LineString","coordinates":[[44.4353,40.2569],[44.4354,40.2569]]}},{"type":"Feature","properties":{"waterway":"canal","name":null},"geometry":{"type":"LineString","coordinates":[[44.4671,40.2604],[44.4724,40.254]]}},{"type":"Feature","properties":{"waterway":"canal","name":null},"geometry":{"type":"LineString","coordinates":[[44.4669,40.2604],[44.4671,40.2604]]}},{"type":"Feature","properties":{"waterway":"canal","name":null},"geometry":{"type":"LineString","coordinates":[[44.4733,40.2595],[44.4744,40.2577],[44.4706,40.2561]]}},{"type":"Feature","properties":{"waterway":"canal","name":null},"geometry":{"type":"LineString","coordinates":[[44.4667,40.2609],[44.467,40.2609]]}},{"type":"Feature","properties":{"waterway":"canal","name":null},"geometry":{"type":"LineString","coordinates":[[43.7591,40.2495],[43.7591,40.2495]]}},{"type":"Feature","properties":{"waterway":"canal","name":null},"geometry":{"type":"LineString","coordinates":[[43.7591,40.2494],[43.7591,40.2495]]}},{"type":"Feature","properties":{"waterway":"canal","name":null},"geometry":{"type":"LineString","coordinates":[[43.7596,40.2502],[43.7617,40.2524]]}},{"type":"Feature","properties":{"waterway":"canal","name":null},"geometry":{"type":"LineString","coordinates":[[43.7617,40.2524],[43.7632,40.253]]}},{"type":"Feature","properties":{"waterway":"canal","name":null},"geometry":{"type":"LineString","coordinates":[[43.7517,40.2566],[43.7606,40.2555],[43.7631,40.2525],[43.7741,40.2545],[43.7794,40.2483]]}},{"type":"Feature","properties":{"waterway":"canal","name":null},"geometry":{"type":"LineString","coordinates":[[44.7392,40.5214],[44.739,40.5193],[44.7439,40.5194]]}},{"type":"Feature","properties":{"waterway":"river","name":"Փամբիջուր"},"geometry":{"type":"LineString","coordinates":[[44.201,40.7947],[44.2138,40.8014],[44.2163,40.8055],[44.2217,40.8065]]}},{"type":"Feature","properties":{"waterway":"river","name":"Որդնավ"},"geometry":{"type":"LineString","coordinates":[[44.2227,40.7792],[44.2213,40.7819]]}},{"type":"Feature","properties":{"waterway":"river","name":"Որդնավ"},"geometry":{"type":"LineString","coordinates":[[44.2228,40.779],[44.2227,40.7792]]}},{"type":"Feature","properties":{"waterway":"river","name":"Որդնավ"},"geometry":{"type":"LineString","coordinates":[[44.2246,40.7744],[44.2241,40.7758]]}},{"type":"Feature","properties":{"waterway":"river","name":"Որդնավ"},"geometry":{"type":"LineString","coordinates":[[44.2241,40.7758],[44.224,40.7759]]}},{"type":"Feature","properties":{"waterway":"river","name":"Որդնավ"},"geometry":{"type":"LineString","coordinates":[[44.2278,40.755],[44.2263,40.7599]]}},{"type":"Feature","properties":{"waterway":"river","name":"Որդնավ"},"geometry":{"type":"LineString","coordinates":[[44.2242,40.7739],[44.2245,40.7743]]}},{"type":"Feature","properties":{"waterway":"river","name":"Որդնավ"},"geometry":{"type":"LineString","coordinates":[[44.2245,40.7743],[44.2246,40.7744]]}},{"type":"Feature","properties":{"waterway":"canal","name":null},"geometry":{"type":"LineString","coordinates":[[44.2731,40.8028],[44.2733,40.8041]]}},{"type":"Feature","properties":{"waterway":"canal","name":null},"geometry":{"type":"LineString","coordinates":[[44.2733,40.8041],[44.2733,40.8042]]}},{"type":"Feature","properties":{"waterway":"canal","name":null},"geometry":{"type":"LineString","coordinates":[[44.2733,40.8042],[44.2743,40.8082]]}},{"type":"Feature","properties":{"waterway":"canal","name":null},"geometry":{"type":"LineString","coordinates":[[44.2743,40.8082],[44.2744,40.8083]]}},{"type":"Feature","properties":{"waterway":"river","name":"Փամբիջուր"},"geometry":{"type":"LineString","coordinates":[[44.1789,40.7889],[44.1926,40.7907],[44.2008,40.7946]]}},{"type":"Feature","properties":{"waterway":"canal","name":null},"geometry":{"type":"LineString","coordinates":[[44.0932,40.3061],[44.0932,40.306]]}},{"type":"Feature","properties":{"waterway":"canal","name":null},"geometry":{"type":"LineString","coordinates":[[44.0932,40.306],[44.0922,40.301]]}},{"type":"Feature","properties":{"waterway":"canal","name":null},"geometry":{"type":"LineString","coordinates":[[44.0919,40.3031],[44.091,40.3021]]}},{"type":"Feature","properties":{"waterway":"canal","name":null},"geometry":{"type":"LineString","coordinates":[[44.091,40.3032],[44.091,40.3027]]}},{"type":"Feature","properties":{"waterway":"canal","name":"Արզնի Շամիրամ ջրանցք"},"geometry":{"type":"LineString","coordinates":[[44.0874,40.3051],[44.0862,40.3046]]}},{"type":"Feature","properties":{"waterway":"canal","name":"Արզնի Շամիրամ ջրանցք"},"geometry":{"type":"LineString","coordinates":[[44.0862,40.3046],[44.0857,40.3044]]}},{"type":"Feature","properties":{"waterway":"canal","name":null},"geometry":{"type":"LineString","coordinates":[[44.0979,40.2991],[44.099,40.2958]]}},{"type":"Feature","properties":{"waterway":"canal","name":"Արզնի Շամիրամ ջրանցք"},"geometry":{"type":"LineString","coordinates":[[44.1337,40.302],[44.1234,40.3044],[44.1165,40.302],[44.1103,40.305]]}},{"type":"Feature","properties":{"waterway":"canal","name":"Արզնի Շամիրամ ջրանցք"},"geometry":{"type":"LineString","coordinates":[[44.1345,40.302],[44.1337,40.302]]}},{"type":"Feature","properties":{"waterway":"canal","name":null},"geometry":{"type":"LineString","coordinates":[[44.1364,40.3021],[44.1383,40.3003]]}},{"type":"Feature","properties":{"waterway":"canal","name":"Արզնի Շամիրամ ջրանցք"},"geometry":{"type":"LineString","coordinates":[[44.2087,40.3053],[44.2015,40.3072]]}},{"type":"Feature","properties":{"waterway":"canal","name":"Արզնի Շամիրամ ջրանցք"},"geometry":{"type":"LineString","coordinates":[[44.2093,40.3052],[44.2087,40.3053]]}},{"type":"Feature","properties":{"waterway":"canal","name":"Արզնի Շամիրամ ջրանցք"},"geometry":{"type":"LineString","coordinates":[[44.2013,40.3071],[44.2012,40.307]]}},{"type":"Feature","properties":{"waterway":"canal","name":"Արզնի Շամիրամ ջրանցք"},"geometry":{"type":"LineString","coordinates":[[44.2015,40.3072],[44.2013,40.3071]]}},{"type":"Feature","properties":{"waterway":"canal","name":null},"geometry":{"type":"LineString","coordinates":[[44.1215,40.2996],[44.1216,40.2995]]}},{"type":"Feature","properties":{"waterway":"canal","name":null},"geometry":{"type":"LineString","coordinates":[[44.1216,40.2995],[44.1245,40.2966]]}},{"type":"Feature","properties":{"waterway":"canal","name":null},"geometry":{"type":"LineString","coordinates":[[44.1257,40.2948],[44.1341,40.2878]]}},{"type":"Feature","properties":{"waterway":"canal","name":null},"geometry":{"type":"LineString","coordinates":[[44.1245,40.2966],[44.1245,40.2965]]}},{"type":"Feature","properties":{"waterway":"canal","name":null},"geometry":{"type":"LineString","coordinates":[[44.1245,40.2965],[44.1253,40.2953]]}},{"type":"Feature","properties":{"waterway":"canal","name":null},"geometry":{"type":"LineString","coordinates":[[44.1253,40.2953],[44.1257,40.2948]]}},{"type":"Feature","properties":{"waterway":"canal","name":null},"geometry":{"type":"LineString","coordinates":[[44.1378,40.2848],[44.1359,40.2802]]}},{"type":"Feature","properties":{"waterway":"canal","name":null},"geometry":{"type":"LineString","coordinates":[[44.1341,40.2878],[44.1342,40.2878]]}},{"type":"Feature","properties":{"waterway":"canal","name":null},"geometry":{"type":"LineString","coordinates":[[44.1342,40.2878],[44.1379,40.2849]]}},{"type":"Feature","properties":{"waterway":"canal","name":null},"geometry":{"type":"LineString","coordinates":[[44.1379,40.2849],[44.1378,40.2848]]}},{"type":"Feature","properties":{"waterway":"canal","name":null},"geometry":{"type":"LineString","coordinates":[[44.1491,40.2824],[44.1588,40.2761]]}},{"type":"Feature","properties":{"waterway":"canal","name":null},"geometry":{"type":"LineString","coordinates":[[44.1343,40.2878],[44.1431,40.2829],[44.149,40.2824]]}},{"type":"Feature","properties":{"waterway":"canal","name":null},"geometry":{"type":"LineString","coordinates":[[44.149,40.2824],[44.1491,40.2824]]}},{"type":"Feature","properties":{"waterway":"canal","name":null},"geometry":{"type":"LineString","coordinates":[[44.1341,40.2943],[44.1343,40.2879]]}},{"type":"Feature","properties":{"waterway":"canal","name":null},"geometry":{"type":"LineString","coordinates":[[44.1343,40.2879],[44.1343,40.2878]]}},{"type":"Feature","properties":{"waterway":"canal","name":null},"geometry":{"type":"LineString","coordinates":[[44.136,40.2981],[44.1343,40.2947]]}},{"type":"Feature","properties":{"waterway":"canal","name":null},"geometry":{"type":"LineString","coordinates":[[44.1343,40.2947],[44.1341,40.2943]]}},{"type":"Feature","properties":{"waterway":"canal","name":"Արզնի Շամիրամ ջրանցք"},"geometry":{"type":"LineString","coordinates":[[44.1746,40.3007],[44.1727,40.303],[44.1674,40.3016],[44.1643,40.3033]]}},{"type":"Feature","properties":{"waterway":"canal","name":"Արզնի Շամիրամ ջրանցք"},"geometry":{"type":"LineString","coordinates":[[44.1749,40.3001],[44.1746,40.3007]]}},{"type":"Feature","properties":{"waterway":"canal","name":"Արզնի Շամիրամ ջրանցք"},"geometry":{"type":"LineString","coordinates":[[44.1436,40.3045],[44.1422,40.3024],[44.1345,40.302]]}},{"type":"Feature","properties":{"waterway":"canal","name":"Արզնի Շամիրամ ջրանցք"},"geometry":{"type":"LineString","coordinates":[[44.1442,40.3049],[44.1436,40.3045]]}},{"type":"Feature","properties":{"waterway":"river","name":"Հրազդան"},"geometry":{"type":"LineString","coordinates":[[44.6083,40.4403],[44.6032,40.4392],[44.5981,40.4265]]}},{"type":"Feature","properties":{"waterway":"canal","name":null},"geometry":{"type":"LineString","coordinates":[[44.4703,40.307],[44.4665,40.3074]]}},{"type":"Feature","properties":{"waterway":"canal","name":null},"geometry":{"type":"LineString","coordinates":[[44.4718,40.3077],[44.4704,40.3071]]}},{"type":"Feature","properties":{"waterway":"canal","name":null},"geometry":{"type":"LineString","coordinates":[[44.4704,40.3071],[44.4703,40.307]]}},{"type":"Feature","properties":{"waterway":"canal","name":null},"geometry":{"type":"LineString","coordinates":[[44.4735,40.3076],[44.472,40.3077]]}},{"type":"Feature","properties":{"waterway":"canal","name":null},"geometry":{"type":"LineString","coordinates":[[44.472,40.3077],[44.4718,40.3077]]}},{"type":"Feature","properties":{"waterway":"canal","name":null},"geometry":{"type":"LineString","coordinates":[[44.4702,40.307],[44.4691,40.3033]]}},{"type":"Feature","properties":{"waterway":"canal","name":null},"geometry":{"type":"LineString","coordinates":[[44.4691,40.3032],[44.4678,40.2998]]}},{"type":"Feature","properties":{"waterway":"canal","name":null},"geometry":{"type":"LineString","coordinates":[[44.4691,40.3033],[44.4691,40.3032]]}},{"type":"Feature","properties":{"waterway":"canal","name":null},"geometry":{"type":"LineString","coordinates":[[44.4864,40.2604],[44.491,40.2493]]}},{"type":"Feature","properties":{"waterway":"canal","name":null},"geometry":{"type":"LineString","coordinates":[[44.4827,40.2714],[44.4863,40.2673],[44.4864,40.2605]]}},{"type":"Feature","properties":{"waterway":"canal","name":null},"geometry":{"type":"LineString","coordinates":[[44.4864,40.2605],[44.4864,40.2604]]}},{"type":"Feature","properties":{"waterway":"canal","name":null},"geometry":{"type":"LineString","coordinates":[[44.4911,40.2493],[44.4923,40.2477]]}},{"type":"Feature","properties":{"waterway":"canal","name":null},"geometry":{"type":"LineString","coordinates":[[44.491,40.2493],[44.4911,40.2493]]}},{"type":"Feature","properties":{"waterway":"canal","name":null},"geometry":{"type":"LineString","coordinates":[[44.4825,40.2714],[44.4827,40.2714]]}},{"type":"Feature","properties":{"waterway":"canal","name":null},"geometry":{"type":"LineString","coordinates":[[44.467,40.2609],[44.4732,40.2595]]}},{"type":"Feature","properties":{"waterway":"canal","name":null},"geometry":{"type":"LineString","coordinates":[[44.4732,40.2595],[44.4733,40.2595]]}},{"type":"Feature","properties":{"waterway":"canal","name":null},"geometry":{"type":"LineString","coordinates":[[44.5058,40.3287],[44.5043,40.3272]]}},{"type":"Feature","properties":{"waterway":"canal","name":null},"geometry":{"type":"LineString","coordinates":[[44.5105,40.2885],[44.509,40.2883]]}},{"type":"Feature","properties":{"waterway":"canal","name":null},"geometry":{"type":"LineString","coordinates":[[44.5086,40.287],[44.5105,40.2849]]}},{"type":"Feature","properties":{"waterway":"canal","name":null},"geometry":{"type":"LineString","coordinates":[[44.5086,40.2871],[44.5086,40.287]]}},{"type":"Feature","properties":{"waterway":"canal","name":null},"geometry":{"type":"LineString","coordinates":[[44.509,40.2882],[44.5086,40.2871]]}},{"type":"Feature","properties":{"waterway":"canal","name":null},"geometry":{"type":"LineString","coordinates":[[44.509,40.2883],[44.509,40.2882]]}},{"type":"Feature","properties":{"waterway":"canal","name":null},"geometry":{"type":"LineString","coordinates":[[44.5107,40.2887],[44.5105,40.2885]]}},{"type":"Feature","properties":{"waterway":"canal","name":null},"geometry":{"type":"LineString","coordinates":[[44.5152,40.2872],[44.5152,40.287]]}},{"type":"Feature","properties":{"waterway":"canal","name":null},"geometry":{"type":"LineString","coordinates":[[44.514,40.2855],[44.5123,40.2799]]}},{"type":"Feature","properties":{"waterway":"canal","name":null},"geometry":{"type":"LineString","coordinates":[[44.5152,40.287],[44.5141,40.2856]]}},{"type":"Feature","properties":{"waterway":"canal","name":null},"geometry":{"type":"LineString","coordinates":[[44.5141,40.2856],[44.514,40.2855]]}},{"type":"Feature","properties":{"waterway":"canal","name":null},"geometry":{"type":"LineString","coordinates":[[44.5087,40.2852],[44.507,40.2835]]}},{"type":"Feature","properties":{"waterway":"canal","name":null},"geometry":{"type":"LineString","coordinates":[[44.5069,40.2834],[44.5032,40.279]]}},{"type":"Feature","properties":{"waterway":"canal","name":null},"geometry":{"type":"LineString","coordinates":[[44.507,40.2835],[44.5069,40.2834]]}},{"type":"Feature","properties":{"waterway":"canal","name":null},"geometry":{"type":"LineString","coordinates":[[44.5031,40.2789],[44.5029,40.2767]]}},{"type":"Feature","properties":{"waterway":"canal","name":null},"geometry":{"type":"LineString","coordinates":[[44.5032,40.279],[44.5031,40.2789]]}},{"type":"Feature","properties":{"waterway":"canal","name":null},"geometry":{"type":"LineString","coordinates":[[44.9823,41.2271],[44.9876,41.2271],[44.9971,41.234]]}},{"type":"Feature","properties":{"waterway":"canal","name":null},"geometry":{"type":"LineString","coordinates":[[44.9798,41.2266],[44.9814,41.227]]}},{"type":"Feature","properties":{"waterway":"canal","name":null},"geometry":{"type":"LineString","coordinates":[[44.9814,41.227],[44.9823,41.2271]]}},{"type":"Feature","properties":{"waterway":"canal","name":null},"geometry":{"type":"LineString","coordinates":[[44.9827,41.2096],[44.9839,41.2133],[44.9805,41.2163],[44.9832,41.2204]]}},{"type":"Feature","properties":{"waterway":"canal","name":null},"geometry":{"type":"LineString","coordinates":[[44.983,41.2206],[44.9772,41.2195],[44.9796,41.2253]]}},{"type":"Feature","properties":{"waterway":"river","name":"Կողբ"},"geometry":{"type":"LineString","coordinates":[[45.0069,41.2023],[45.0135,41.2056],[45.0174,41.2038],[45.0225,41.2071]]}},{"type":"Feature","properties":{"waterway":"canal","name":"Կոտայք ջրանցք"},"geometry":{"type":"LineString","coordinates":[[44.6685,40.2401],[44.6659,40.2402]]}},{"type":"Feature","properties":{"waterway":"canal","name":"Կոտայք ջրանցք"},"geometry":{"type":"LineString","coordinates":[[44.6659,40.2402],[44.6657,40.2402]]}},{"type":"Feature","properties":{"waterway":"canal","name":"Կոտայք ջրանցք"},"geometry":{"type":"LineString","coordinates":[[44.6657,40.2402],[44.6641,40.2398]]}},{"type":"Feature","properties":{"waterway":"canal","name":"Կոտայք ջրանցք"},"geometry":{"type":"LineString","coordinates":[[44.6641,40.2398],[44.6637,40.2398]]}},{"type":"Feature","properties":{"waterway":"canal","name":"Կոտայք ջրանցք"},"geometry":{"type":"LineString","coordinates":[[44.6637,40.2398],[44.6624,40.2396]]}},{"type":"Feature","properties":{"waterway":"canal","name":"Կոտայք ջրանցք"},"geometry":{"type":"LineString","coordinates":[[44.6624,40.2396],[44.6623,40.2396]]}},{"type":"Feature","properties":{"waterway":"canal","name":"Կոտայք ջրանցք"},"geometry":{"type":"LineString","coordinates":[[44.6623,40.2396],[44.6536,40.234]]}},{"type":"Feature","properties":{"waterway":"canal","name":"Կոտայք ջրանցք"},"geometry":{"type":"LineString","coordinates":[[44.6536,40.234],[44.6535,40.2339]]}},{"type":"Feature","properties":{"waterway":"canal","name":"Կոտայք ջրանցք"},"geometry":{"type":"LineString","coordinates":[[44.6417,40.2252],[44.6273,40.222]]}},{"type":"Feature","properties":{"waterway":"canal","name":"Կոտայք ջրանցք"},"geometry":{"type":"LineString","coordinates":[[44.6418,40.2253],[44.6417,40.2252]]}},{"type":"Feature","properties":{"waterway":"canal","name":null},"geometry":{"type":"LineString","coordinates":[[44.4048,40.4726],[44.422,40.4652]]}},{"type":"Feature","properties":{"waterway":"canal","name":null},"geometry":{"type":"LineString","coordinates":[[44.3129,40.0802],[44.3108,40.0808]]}},{"type":"Feature","properties":{"waterway":"canal","name":null},"geometry":{"type":"LineString","coordinates":[[44.4551,40.2437],[44.4548,40.2429]]}},{"type":"Feature","properties":{"waterway":"canal","name":null},"geometry":{"type":"LineString","coordinates":[[44.4552,40.2438],[44.4551,40.2437]]}},{"type":"Feature","properties":{"waterway":"canal","name":null},"geometry":{"type":"LineString","coordinates":[[44.4554,40.2443],[44.4552,40.2438]]}},{"type":"Feature","properties":{"waterway":"canal","name":null},"geometry":{"type":"LineString","coordinates":[[44.4554,40.2444],[44.4554,40.2443]]}},{"type":"Feature","properties":{"waterway":"canal","name":null},"geometry":{"type":"LineString","coordinates":[[44.4334,40.2494],[44.4323,40.2475]]}},{"type":"Feature","properties":{"waterway":"canal","name":null},"geometry":{"type":"LineString","coordinates":[[44.4322,40.2474],[44.4315,40.2441]]}},{"type":"Feature","properties":{"waterway":"canal","name":null},"geometry":{"type":"LineString","coordinates":[[44.4321,40.2472],[44.4343,40.246]]}},{"type":"Feature","properties":{"waterway":"canal","name":null},"geometry":{"type":"LineString","coordinates":[[44.4718,40.2531],[44.4698,40.2432]]}},{"type":"Feature","properties":{"waterway":"canal","name":null},"geometry":{"type":"LineString","coordinates":[[44.4724,40.254],[44.4725,40.2539]]}},{"type":"Feature","properties":{"waterway":"canal","name":null},"geometry":{"type":"LineString","coordinates":[[44.4727,40.2536],[44.472,40.2532]]}},{"type":"Feature","properties":{"waterway":"canal","name":null},"geometry":{"type":"LineString","coordinates":[[44.472,40.2532],[44.4718,40.2531]]}},{"type":"Feature","properties":{"waterway":"canal","name":null},"geometry":{"type":"LineString","coordinates":[[44.4727,40.2536],[44.4777,40.2505]]}},{"type":"Feature","properties":{"waterway":"canal","name":null},"geometry":{"type":"LineString","coordinates":[[44.4725,40.2539],[44.4727,40.2536]]}},{"type":"Feature","properties":{"waterway":"canal","name":null},"geometry":{"type":"LineString","coordinates":[[44.4372,40.2518],[44.4451,40.244]]}},{"type":"Feature","properties":{"waterway":"canal","name":null},"geometry":{"type":"LineString","coordinates":[[44.4371,40.2519],[44.4372,40.2518]]}},{"type":"Feature","properties":{"waterway":"canal","name":null},"geometry":{"type":"LineString","coordinates":[[44.4371,40.2519],[44.4371,40.2519]]}},{"type":"Feature","properties":{"waterway":"canal","name":null},"geometry":{"type":"LineString","coordinates":[[44.4315,40.244],[44.4327,40.2422]]}},{"type":"Feature","properties":{"waterway":"canal","name":null},"geometry":{"type":"LineString","coordinates":[[44.4315,40.2441],[44.4315,40.244]]}},{"type":"Feature","properties":{"waterway":"canal","name":null},"geometry":{"type":"LineString","coordinates":[[44.4328,40.2421],[44.4331,40.2419]]}},{"type":"Feature","properties":{"waterway":"canal","name":null},"geometry":{"type":"LineString","coordinates":[[44.4327,40.2422],[44.4328,40.2421]]}},{"type":"Feature","properties":{"waterway":"canal","name":null},"geometry":{"type":"LineString","coordinates":[[44.4561,40.2489],[44.4554,40.2444]]}},{"type":"Feature","properties":{"waterway":"canal","name":null},"geometry":{"type":"LineString","coordinates":[[44.4562,40.249],[44.4561,40.2489]]}},{"type":"Feature","properties":{"waterway":"canal","name":null},"geometry":{"type":"LineString","coordinates":[[44.4697,40.243],[44.4693,40.2418]]}},{"type":"Feature","properties":{"waterway":"canal","name":null},"geometry":{"type":"LineString","coordinates":[[44.4698,40.2432],[44.4697,40.243]]}},{"type":"Feature","properties":{"waterway":"canal","name":null},"geometry":{"type":"LineString","coordinates":[[44.4321,40.2642],[44.4284,40.2598]]}},{"type":"Feature","properties":{"waterway":"canal","name":null},"geometry":{"type":"LineString","coordinates":[[44.4321,40.2643],[44.4321,40.2642]]}},{"type":"Feature","properties":{"waterway":"canal","name":null},"geometry":{"type":"LineString","coordinates":[[44.4321,40.2643],[44.4321,40.2643]]}},{"type":"Feature","properties":{"waterway":"canal","name":null},"geometry":{"type":"LineString","coordinates":[[44.4281,40.2536],[44.4254,40.2479]]}},{"type":"Feature","properties":{"waterway":"canal","name":null},"geometry":{"type":"LineString","coordinates":[[44.4431,40.2575],[44.4424,40.2549],[44.4474,40.25]]}},{"type":"Feature","properties":{"waterway":"canal","name":null},"geometry":{"type":"LineString","coordinates":[[44.4432,40.2576],[44.4431,40.2575]]}},{"type":"Feature","properties":{"waterway":"canal","name":null},"geometry":{"type":"LineString","coordinates":[[44.4432,40.2576],[44.4432,40.2576]]}},{"type":"Feature","properties":{"waterway":"canal","name":null},"geometry":{"type":"LineString","coordinates":[[44.4644,40.2444],[44.4616,40.2409]]}},{"type":"Feature","properties":{"waterway":"canal","name":null},"geometry":{"type":"LineString","coordinates":[[44.4666,40.2461],[44.4644,40.2445]]}},{"type":"Feature","properties":{"waterway":"canal","name":null},"geometry":{"type":"LineString","coordinates":[[44.4644,40.2445],[44.4644,40.2444]]}},{"type":"Feature","properties":{"waterway":"canal","name":null},"geometry":{"type":"LineString","coordinates":[[44.4636,40.2556],[44.4665,40.2475]]}},{"type":"Feature","properties":{"waterway":"canal","name":null},"geometry":{"type":"LineString","coordinates":[[44.4635,40.2557],[44.4636,40.2556]]}},{"type":"Feature","properties":{"waterway":"canal","name":null},"geometry":{"type":"LineString","coordinates":[[44.4635,40.2557],[44.4635,40.2557]]}},{"type":"Feature","properties":{"waterway":"canal","name":null},"geometry":{"type":"LineString","coordinates":[[44.4204,40.2609],[44.4197,40.2599]]}},{"type":"Feature","properties":{"waterway":"canal","name":null},"geometry":{"type":"LineString","coordinates":[[44.4197,40.2599],[44.4196,40.2598]]}},{"type":"Feature","properties":{"waterway":"canal","name":null},"geometry":{"type":"LineString","coordinates":[[44.4208,40.2582],[44.4208,40.2574]]}},{"type":"Feature","properties":{"waterway":"canal","name":null},"geometry":{"type":"LineString","coordinates":[[44.4207,40.2583],[44.4208,40.2582]]}},{"type":"Feature","properties":{"waterway":"canal","name":null},"geometry":{"type":"LineString","coordinates":[[44.4066,40.2668],[44.4058,40.2633]]}},{"type":"Feature","properties":{"waterway":"canal","name":null},"geometry":{"type":"LineString","coordinates":[[44.4066,40.2669],[44.4066,40.2668]]}},{"type":"Feature","properties":{"waterway":"canal","name":null},"geometry":{"type":"LineString","coordinates":[[44.4066,40.2669],[44.4066,40.2669]]}},{"type":"Feature","properties":{"waterway":"canal","name":null},"geometry":{"type":"LineString","coordinates":[[44.5777,40.0528],[44.576,40.052]]}},{"type":"Feature","properties":{"waterway":"canal","name":null},"geometry":{"type":"LineString","coordinates":[[44.5783,40.0527],[44.5778,40.0527]]}},{"type":"Feature","properties":{"waterway":"canal","name":null},"geometry":{"type":"LineString","coordinates":[[44.5777,40.049],[44.5736,40.0451]]}},{"type":"Feature","properties":{"waterway":"canal","name":null},"geometry":{"type":"LineString","coordinates":[[44.4081,40.2302],[44.4078,40.2278]]}},{"type":"Feature","properties":{"waterway":"canal","name":null},"geometry":{"type":"LineString","coordinates":[[44.4078,40.2277],[44.4073,40.2258]]}},{"type":"Feature","properties":{"waterway":"canal","name":null},"geometry":{"type":"LineString","coordinates":[[44.4078,40.2278],[44.4078,40.2277]]}},{"type":"Feature","properties":{"waterway":"canal","name":null},"geometry":{"type":"LineString","coordinates":[[44.4075,40.2263],[44.4036,40.2262]]}},{"type":"Feature","properties":{"waterway":"canal","name":null},"geometry":{"type":"LineString","coordinates":[[44.4092,40.2353],[44.4081,40.2307]]}},{"type":"Feature","properties":{"waterway":"canal","name":null},"geometry":{"type":"LineString","coordinates":[[44.4119,40.2376],[44.4092,40.2355]]}},{"type":"Feature","properties":{"waterway":"canal","name":null},"geometry":{"type":"LineString","coordinates":[[44.4092,40.2355],[44.4092,40.2353]]}},{"type":"Feature","properties":{"waterway":"canal","name":null},"geometry":{"type":"LineString","coordinates":[[44.4092,40.2539],[44.4026,40.2495]]}},{"type":"Feature","properties":{"waterway":"canal","name":null},"geometry":{"type":"LineString","coordinates":[[44.4116,40.2557],[44.4095,40.2541]]}},{"type":"Feature","properties":{"waterway":"canal","name":null},"geometry":{"type":"LineString","coordinates":[[44.4143,40.2572],[44.413,40.2566]]}},{"type":"Feature","properties":{"waterway":"canal","name":null},"geometry":{"type":"LineString","coordinates":[[44.4116,40.2557],[44.4116,40.2557]]}},{"type":"Feature","properties":{"waterway":"canal","name":null},"geometry":{"type":"LineString","coordinates":[[44.4126,40.2564],[44.4116,40.2557]]}},{"type":"Feature","properties":{"waterway":"canal","name":null},"geometry":{"type":"LineString","coordinates":[[44.413,40.2566],[44.4126,40.2564]]}},{"type":"Feature","properties":{"waterway":"canal","name":null},"geometry":{"type":"LineString","coordinates":[[44.4022,40.2598],[44.3968,40.2526]]}},{"type":"Feature","properties":{"waterway":"canal","name":null},"geometry":{"type":"LineString","coordinates":[[44.4023,40.2599],[44.4022,40.2598]]}},{"type":"Feature","properties":{"waterway":"canal","name":null},"geometry":{"type":"LineString","coordinates":[[44.4033,40.2607],[44.4023,40.2599]]}},{"type":"Feature","properties":{"waterway":"canal","name":null},"geometry":{"type":"LineString","coordinates":[[44.4034,40.2607],[44.4033,40.2607]]}},{"type":"Feature","properties":{"waterway":"canal","name":null},"geometry":{"type":"LineString","coordinates":[[44.4057,40.263],[44.4034,40.2607]]}},{"type":"Feature","properties":{"waterway":"canal","name":null},"geometry":{"type":"LineString","coordinates":[[44.4058,40.2633],[44.4057,40.263]]}},{"type":"Feature","properties":{"waterway":"canal","name":null},"geometry":{"type":"LineString","coordinates":[[44.3968,40.2525],[44.3947,40.2506]]}},{"type":"Feature","properties":{"waterway":"canal","name":null},"geometry":{"type":"LineString","coordinates":[[44.3968,40.2526],[44.3968,40.2525]]}},{"type":"Feature","properties":{"waterway":"canal","name":null},"geometry":{"type":"LineString","coordinates":[[44.3847,40.2557],[44.3804,40.2504]]}},{"type":"Feature","properties":{"waterway":"canal","name":null},"geometry":{"type":"LineString","coordinates":[[44.3804,40.2504],[44.3803,40.2503]]}},{"type":"Feature","properties":{"waterway":"canal","name":null},"geometry":{"type":"LineString","coordinates":[[44.3848,40.2558],[44.3847,40.2557]]}},{"type":"Feature","properties":{"waterway":"canal","name":null},"geometry":{"type":"LineString","coordinates":[[44.3848,40.2558],[44.3848,40.2558]]}},{"type":"Feature","properties":{"waterway":"canal","name":null},"geometry":{"type":"LineString","coordinates":[[44.3944,40.2677],[44.3877,40.2576]]}},{"type":"Feature","properties":{"waterway":"canal","name":null},"geometry":{"type":"LineString","coordinates":[[44.3921,40.2715],[44.3922,40.2714]]}},{"type":"Feature","properties":{"waterway":"canal","name":null},"geometry":{"type":"LineString","coordinates":[[44.3921,40.2716],[44.3921,40.2715]]}},{"type":"Feature","properties":{"waterway":"canal","name":null},"geometry":{"type":"LineString","coordinates":[[44.3922,40.2714],[44.3944,40.2678]]}},{"type":"Feature","properties":{"waterway":"canal","name":null},"geometry":{"type":"LineString","coordinates":[[44.3944,40.2678],[44.3944,40.2677]]}},{"type":"Feature","properties":{"waterway":"canal","name":null},"geometry":{"type":"LineString","coordinates":[[44.3906,40.2704],[44.3891,40.2689]]}},{"type":"Feature","properties":{"waterway":"canal","name":null},"geometry":{"type":"LineString","coordinates":[[44.4078,40.244],[44.4059,40.242]]}},{"type":"Feature","properties":{"waterway":"canal","name":null},"geometry":{"type":"LineString","coordinates":[[44.4152,40.2576],[44.4144,40.2572]]}},{"type":"Feature","properties":{"waterway":"canal","name":null},"geometry":{"type":"LineString","coordinates":[[44.4144,40.2572],[44.4143,40.2572]]}},{"type":"Feature","properties":{"waterway":"canal","name":"Արզնի Շամիրամ ջրանցք"},"geometry":{"type":"LineString","coordinates":[[44.2977,40.3359],[44.2972,40.3325]]}},{"type":"Feature","properties":{"waterway":"canal","name":"Արզնի Շամիրամ ջրանցք"},"geometry":{"type":"LineString","coordinates":[[44.2979,40.3367],[44.2977,40.3359]]}},{"type":"Feature","properties":{"waterway":"canal","name":"Արզնի Շամիրամ ջրանցք"},"geometry":{"type":"LineString","coordinates":[[44.3097,40.3474],[44.306,40.3458]]}},{"type":"Feature","properties":{"waterway":"canal","name":"Արզնի Շամիրամ ջրանցք"},"geometry":{"type":"LineString","coordinates":[[44.3047,40.3454],[44.3041,40.3449]]}},{"type":"Feature","properties":{"waterway":"canal","name":"Արզնի Շամիրամ ջրանցք"},"geometry":{"type":"LineString","coordinates":[[44.306,40.3458],[44.3047,40.3454]]}},{"type":"Feature","properties":{"waterway":"canal","name":"Արզնի Շամիրամ ջրանցք"},"geometry":{"type":"LineString","coordinates":[[44.3102,40.3487],[44.3097,40.3474]]}},{"type":"Feature","properties":{"waterway":"river","name":"Շաղվարդ"},"geometry":{"type":"LineString","coordinates":[[44.3137,40.3351],[44.3033,40.2965]]}},{"type":"Feature","properties":{"waterway":"river","name":null},"geometry":{"type":"LineString","coordinates":[[44.3035,40.2946],[44.3032,40.2925]]}},{"type":"Feature","properties":{"waterway":"river","name":null},"geometry":{"type":"LineString","coordinates":[[44.3033,40.2965],[44.3032,40.2963]]}},{"type":"Feature","properties":{"waterway":"canal","name":null},"geometry":{"type":"LineString","coordinates":[[44.3051,40.3034],[44.3029,40.3]]}},{"type":"Feature","properties":{"waterway":"river","name":"Շաղվարդ"},"geometry":{"type":"LineString","coordinates":[[44.3268,40.3379],[44.3222,40.3342],[44.3149,40.3352]]}},{"type":"Feature","properties":{"waterway":"river","name":"Շաղվարդ"},"geometry":{"type":"LineString","coordinates":[[44.3149,40.3353],[44.3138,40.3353]]}},{"type":"Feature","properties":{"waterway":"river","name":"Շաղվարդ"},"geometry":{"type":"LineString","coordinates":[[44.3149,40.3352],[44.3149,40.3353]]}},{"type":"Feature","properties":{"waterway":"river","name":"Շաղվարդ"},"geometry":{"type":"LineString","coordinates":[[44.3138,40.3353],[44.3137,40.3351]]}},{"type":"Feature","properties":{"waterway":"river","name":"Շաղվարդ"},"geometry":{"type":"LineString","coordinates":[[44.3406,40.3575],[44.3321,40.3453]]}},{"type":"Feature","properties":{"waterway":"river","name":"Հողմաջուր"},"geometry":{"type":"LineString","coordinates":[[43.8262,40.9226],[43.8179,40.9214],[43.8149,40.9182],[43.7981,40.912],[43.7755,40.9125],[43.7668,40.9099]]}},{"type":"Feature","properties":{"waterway":"river","name":"Հողմաջուր"},"geometry":{"type":"LineString","coordinates":[[43.8534,40.9247],[43.8262,40.9226]]}},{"type":"Feature","properties":{"waterway":"canal","name":"Քասաղ"},"geometry":{"type":"LineString","coordinates":[[44.3747,40.4012],[44.3734,40.4004]]}},{"type":"Feature","properties":{"waterway":"canal","name":"Քասաղ"},"geometry":{"type":"LineString","coordinates":[[44.3734,40.4004],[44.3726,40.4002]]}},{"type":"Feature","properties":{"waterway":"canal","name":null},"geometry":{"type":"LineString","coordinates":[[44.3687,40.3896],[44.3731,40.389]]}},{"type":"Feature","properties":{"waterway":"canal","name":null},"geometry":{"type":"LineString","coordinates":[[44.3686,40.3896],[44.3687,40.3896]]}},{"type":"Feature","properties":{"waterway":"canal","name":null},"geometry":{"type":"LineString","coordinates":[[44.3685,40.3896],[44.3686,40.3896]]}},{"type":"Feature","properties":{"waterway":"canal","name":null},"geometry":{"type":"LineString","coordinates":[[44.3579,40.3876],[44.3583,40.3815]]}},{"type":"Feature","properties":{"waterway":"canal","name":null},"geometry":{"type":"LineString","coordinates":[[44.3579,40.3877],[44.3579,40.3876]]}},{"type":"Feature","properties":{"waterway":"canal","name":null},"geometry":{"type":"LineString","coordinates":[[44.3579,40.3877],[44.3579,40.3877]]}},{"type":"Feature","properties":{"waterway":"canal","name":null},"geometry":{"type":"LineString","coordinates":[[44.3583,40.3814],[44.362,40.3759],[44.3583,40.3728]]}},{"type":"Feature","properties":{"waterway":"canal","name":null},"geometry":{"type":"LineString","coordinates":[[44.3621,40.3759],[44.364,40.3691]]}},{"type":"Feature","properties":{"waterway":"canal","name":null},"geometry":{"type":"LineString","coordinates":[[44.3803,40.375],[44.3834,40.3735]]}},{"type":"Feature","properties":{"waterway":"canal","name":null},"geometry":{"type":"LineString","coordinates":[[44.364,40.3691],[44.3697,40.365]]}},{"type":"Feature","properties":{"waterway":"canal","name":null},"geometry":{"type":"LineString","coordinates":[[44.1636,40.2773],[44.1645,40.276]]}},{"type":"Feature","properties":{"waterway":"canal","name":null},"geometry":{"type":"LineString","coordinates":[[44.1636,40.2774],[44.1636,40.2773]]}},{"type":"Feature","properties":{"waterway":"canal","name":null},"geometry":{"type":"LineString","coordinates":[[44.1636,40.2774],[44.1636,40.2774]]}},{"type":"Feature","properties":{"waterway":"canal","name":null},"geometry":{"type":"LineString","coordinates":[[44.1638,40.2784],[44.1654,40.2784]]}},{"type":"Feature","properties":{"waterway":"canal","name":null},"geometry":{"type":"LineString","coordinates":[[44.1637,40.2784],[44.1638,40.2784]]}},{"type":"Feature","properties":{"waterway":"canal","name":null},"geometry":{"type":"LineString","coordinates":[[44.1637,40.2784],[44.1637,40.2784]]}},{"type":"Feature","properties":{"waterway":"canal","name":null},"geometry":{"type":"LineString","coordinates":[[44.1684,40.2846],[44.1802,40.269]]}},{"type":"Feature","properties":{"waterway":"canal","name":null},"geometry":{"type":"LineString","coordinates":[[44.1684,40.2847],[44.1684,40.2846]]}},{"type":"Feature","properties":{"waterway":"canal","name":null},"geometry":{"type":"LineString","coordinates":[[44.1684,40.2847],[44.1684,40.2847]]}},{"type":"Feature","properties":{"waterway":"canal","name":null},"geometry":{"type":"LineString","coordinates":[[44.1803,40.2689],[44.1879,40.2668]]}},{"type":"Feature","properties":{"waterway":"canal","name":null},"geometry":{"type":"LineString","coordinates":[[44.1802,40.269],[44.1803,40.2689]]}},{"type":"Feature","properties":{"waterway":"canal","name":null},"geometry":{"type":"LineString","coordinates":[[44.188,40.2668],[44.1927,40.2629]]}},{"type":"Feature","properties":{"waterway":"canal","name":null},"geometry":{"type":"LineString","coordinates":[[44.1879,40.2668],[44.188,40.2668]]}},{"type":"Feature","properties":{"waterway":"canal","name":null},"geometry":{"type":"LineString","coordinates":[[44.2005,40.2821],[44.2012,40.2791],[44.207,40.2758]]}},{"type":"Feature","properties":{"waterway":"canal","name":null},"geometry":{"type":"LineString","coordinates":[[44.2082,40.2825],[44.2098,40.2784]]}},{"type":"Feature","properties":{"waterway":"canal","name":null},"geometry":{"type":"LineString","coordinates":[[44.2107,40.2851],[44.2112,40.2833]]}},{"type":"Feature","properties":{"waterway":"canal","name":null},"geometry":{"type":"LineString","coordinates":[[44.207,40.2845],[44.208,40.2828]]}},{"type":"Feature","properties":{"waterway":"canal","name":null},"geometry":{"type":"LineString","coordinates":[[44.2113,40.283],[44.2117,40.2814]]}},{"type":"Feature","properties":{"waterway":"canal","name":null},"geometry":{"type":"LineString","coordinates":[[44.2153,40.2858],[44.2156,40.284]]}},{"type":"Feature","properties":{"waterway":"canal","name":null},"geometry":{"type":"LineString","coordinates":[[44.2157,40.2837],[44.2163,40.2811]]}},{"type":"Feature","properties":{"waterway":"canal","name":null},"geometry":{"type":"LineString","coordinates":[[44.2088,40.2748],[44.2151,40.2721]]}},{"type":"Feature","properties":{"waterway":"canal","name":null},"geometry":{"type":"LineString","coordinates":[[44.207,40.2758],[44.2071,40.2757]]}},{"type":"Feature","properties":{"waterway":"canal","name":null},"geometry":{"type":"LineString","coordinates":[[44.2071,40.2757],[44.2087,40.2749]]}},{"type":"Feature","properties":{"waterway":"canal","name":null},"geometry":{"type":"LineString","coordinates":[[44.2087,40.2749],[44.2088,40.2748]]}},{"type":"Feature","properties":{"waterway":"canal","name":null},"geometry":{"type":"LineString","coordinates":[[44.2152,40.272],[44.2187,40.2702]]}},{"type":"Feature","properties":{"waterway":"canal","name":null},"geometry":{"type":"LineString","coordinates":[[44.2151,40.2721],[44.2152,40.272]]}},{"type":"Feature","properties":{"waterway":"canal","name":null},"geometry":{"type":"LineString","coordinates":[[44.1679,40.2718],[44.1732,40.2641]]}},{"type":"Feature","properties":{"waterway":"canal","name":null},"geometry":{"type":"LineString","coordinates":[[44.171,40.2377],[44.1641,40.234],[44.1644,40.2309],[44.1598,40.2259]]}},{"type":"Feature","properties":{"waterway":"canal","name":null},"geometry":{"type":"LineString","coordinates":[[44.1711,40.2378],[44.171,40.2377]]}},{"type":"Feature","properties":{"waterway":"canal","name":null},"geometry":{"type":"LineString","coordinates":[[44.1182,40.2947],[44.1181,40.2924]]}},{"type":"Feature","properties":{"waterway":"canal","name":null},"geometry":{"type":"LineString","coordinates":[[44.1181,40.2922],[44.1217,40.2832],[44.1303,40.2796],[44.1379,40.2719],[44.1481,40.2693]]}},{"type":"Feature","properties":{"waterway":"canal","name":"Սելիվ֊Մաստարա կանալ"},"geometry":{"type":"LineString","coordinates":[[44.0057,40.1638],[44.0169,40.1591],[44.0203,40.1476]]}},{"type":"Feature","properties":{"waterway":"canal","name":"Սելիվ֊Մաստարա կանալ"},"geometry":{"type":"LineString","coordinates":[[44.0203,40.1476],[44.0234,40.1419],[44.0417,40.1347]]}},{"type":"Feature","properties":{"waterway":"river","name":"Վեդի"},"geometry":{"type":"LineString","coordinates":[[44.7032,39.8963],[44.6905,39.8881],[44.6754,39.8704],[44.6592,39.8588],[44.6543,39.8425],[44.647,39.8414],[44.6428,39.8344],[44.6337,39.8317]]}},{"type":"Feature","properties":{"waterway":"canal","name":null},"geometry":{"type":"LineString","coordinates":[[44.3017,40.3098],[44.3005,40.3081]]}},{"type":"Feature","properties":{"waterway":"canal","name":null},"geometry":{"type":"LineString","coordinates":[[44.2829,40.3119],[44.2826,40.3092]]}},{"type":"Feature","properties":{"waterway":"canal","name":null},"geometry":{"type":"LineString","coordinates":[[44.2822,40.3183],[44.283,40.3121]]}},{"type":"Feature","properties":{"waterway":"canal","name":null},"geometry":{"type":"LineString","coordinates":[[44.2822,40.3184],[44.2822,40.3183]]}},{"type":"Feature","properties":{"waterway":"canal","name":null},"geometry":{"type":"LineString","coordinates":[[44.2822,40.3184],[44.2822,40.3184]]}},{"type":"Feature","properties":{"waterway":"canal","name":"Արզնի Շամիրամ ջրանցք"},"geometry":{"type":"LineString","coordinates":[[44.2781,40.3191],[44.2739,40.3201]]}},{"type":"Feature","properties":{"waterway":"canal","name":"Արզնի Շամիրամ ջրանցք"},"geometry":{"type":"LineString","coordinates":[[44.2739,40.3201],[44.2728,40.3204]]}},{"type":"Feature","properties":{"waterway":"canal","name":null},"geometry":{"type":"LineString","coordinates":[[44.3585,40.2401],[44.3587,40.2359]]}},{"type":"Feature","properties":{"waterway":"canal","name":null},"geometry":{"type":"LineString","coordinates":[[44.3343,40.2446],[44.3312,40.2406]]}},{"type":"Feature","properties":{"waterway":"canal","name":null},"geometry":{"type":"LineString","coordinates":[[44.3355,40.2462],[44.3344,40.2447]]}},{"type":"Feature","properties":{"waterway":"canal","name":null},"geometry":{"type":"LineString","coordinates":[[44.371,40.2291],[44.3705,40.226]]}},{"type":"Feature","properties":{"waterway":"canal","name":null},"geometry":{"type":"LineString","coordinates":[[44.3721,40.2283],[44.3732,40.2249]]}},{"type":"Feature","properties":{"waterway":"canal","name":null},"geometry":{"type":"LineString","coordinates":[[44.361,40.2529],[44.3512,40.2537]]}},{"type":"Feature","properties":{"waterway":"river","name":null},"geometry":{"type":"LineString","coordinates":[[44.3341,40.6617],[44.333,40.6609]]}},{"type":"Feature","properties":{"waterway":"river","name":null},"geometry":{"type":"LineString","coordinates":[[44.3754,40.6634],[44.3624,40.664]]}},{"type":"Feature","properties":{"waterway":"river","name":"Հանքավան"},"geometry":{"type":"LineString","coordinates":[[44.4672,40.6219],[44.4673,40.622]]}},{"type":"Feature","properties":{"waterway":"canal","name":null},"geometry":{"type":"LineString","coordinates":[[44.3224,40.3504],[44.3212,40.3463]]}},{"type":"Feature","properties":{"waterway":"canal","name":null},"geometry":{"type":"LineString","coordinates":[[44.3224,40.3504],[44.3224,40.3504]]}},{"type":"Feature","properties":{"waterway":"canal","name":null},"geometry":{"type":"LineString","coordinates":[[44.3223,40.3504],[44.3224,40.3504]]}},{"type":"Feature","properties":{"waterway":"canal","name":null},"geometry":{"type":"LineString","coordinates":[[44.5261,40.2792],[44.5245,40.2776]]}},{"type":"Feature","properties":{"waterway":"canal","name":null},"geometry":{"type":"LineString","coordinates":[[44.5261,40.2792],[44.5261,40.2792]]}},{"type":"Feature","properties":{"waterway":"canal","name":null},"geometry":{"type":"LineString","coordinates":[[44.4642,40.3039],[44.4614,40.3008]]}},{"type":"Feature","properties":{"waterway":"canal","name":null},"geometry":{"type":"LineString","coordinates":[[44.4614,40.3008],[44.4614,40.3008]]}},{"type":"Feature","properties":{"waterway":"canal","name":"Արզնի Շամիրամ ջրանցք"},"geometry":{"type":"LineString","coordinates":[[44.3864,40.3145],[44.3849,40.3184],[44.3984,40.3295]]}},{"type":"Feature","properties":{"waterway":"canal","name":"Արզնի Շամիրամ ջրանցք"},"geometry":{"type":"LineString","coordinates":[[44.3871,40.3143],[44.3864,40.3145]]}},{"type":"Feature","properties":{"waterway":"canal","name":"Արզնի Շամիրամ ջրանցք"},"geometry":{"type":"LineString","coordinates":[[44.3913,40.3119],[44.3871,40.3143]]}},{"type":"Feature","properties":{"waterway":"canal","name":"Արզնի Շամիրամ ջրանցք"},"geometry":{"type":"LineString","coordinates":[[44.3918,40.3119],[44.3913,40.3119]]}},{"type":"Feature","properties":{"waterway":"canal","name":null},"geometry":{"type":"LineString","coordinates":[[43.7526,40.861],[43.7521,40.8602]]}},{"type":"Feature","properties":{"waterway":"canal","name":null},"geometry":{"type":"LineString","coordinates":[[43.7521,40.8602],[43.752,40.8601]]}},{"type":"Feature","properties":{"waterway":"river","name":"Ախուրյան"},"geometry":{"type":"LineString","coordinates":[[43.7487,40.6808],[43.7485,40.6758],[43.7395,40.6758],[43.7433,40.6751],[43.7423,40.6673],[43.7358,40.667],[43.7349,40.6624],[43.7298,40.6649],[43.7221,40.6575]]}},{"type":"Feature","properties":{"waterway":"canal","name":null},"geometry":{"type":"LineString","coordinates":[[43.7711,40.7126],[43.766,40.7037]]}},{"type":"Feature","properties":{"waterway":"canal","name":null},"geometry":{"type":"LineString","coordinates":[[43.7779,40.7311],[43.7786,40.7223]]}},{"type":"Feature","properties":{"waterway":"canal","name":null},"geometry":{"type":"LineString","coordinates":[[43.7591,40.7162],[43.7518,40.7097]]}},{"type":"Feature","properties":{"waterway":"canal","name":null},"geometry":{"type":"LineString","coordinates":[[43.7616,40.7192],[43.7591,40.7163]]}},{"type":"Feature","properties":{"waterway":"canal","name":null},"geometry":{"type":"LineString","coordinates":[[43.7591,40.7163],[43.7591,40.7162]]}},{"type":"Feature","properties":{"waterway":"canal","name":null},"geometry":{"type":"LineString","coordinates":[[43.764,40.7223],[43.7617,40.7194]]}},{"type":"Feature","properties":{"waterway":"canal","name":null},"geometry":{"type":"LineString","coordinates":[[43.7617,40.7194],[43.7616,40.7192]]}},{"type":"Feature","properties":{"waterway":"canal","name":null},"geometry":{"type":"LineString","coordinates":[[43.7744,40.7329],[43.7641,40.7223]]}},{"type":"Feature","properties":{"waterway":"canal","name":null},"geometry":{"type":"LineString","coordinates":[[43.7641,40.7223],[43.764,40.7223]]}},{"type":"Feature","properties":{"waterway":"canal","name":null},"geometry":{"type":"LineString","coordinates":[[43.7784,40.7347],[43.7745,40.7329]]}},{"type":"Feature","properties":{"waterway":"canal","name":null},"geometry":{"type":"LineString","coordinates":[[43.7745,40.7329],[43.7744,40.7329]]}},{"type":"Feature","properties":{"waterway":"canal","name":null},"geometry":{"type":"LineString","coordinates":[[43.9625,40.3945],[43.9615,40.3941]]}},{"type":"Feature","properties":{"waterway":"canal","name":null},"geometry":{"type":"LineString","coordinates":[[43.8603,40.931],[43.8502,40.9314]]}},{"type":"Feature","properties":{"waterway":"canal","name":null},"geometry":{"type":"LineString","coordinates":[[43.8465,40.9338],[43.8473,40.933]]}},{"type":"Feature","properties":{"waterway":"river","name":"Որոտան"},"geometry":{"type":"LineString","coordinates":[[46.1398,39.4844],[46.1335,39.4832],[46.1351,39.4807],[46.1314,39.4788],[46.1313,39.4731],[46.1407,39.47],[46.1478,39.4627],[46.1632,39.458]]}},{"type":"Feature","properties":{"waterway":"canal","name":null},"geometry":{"type":"LineString","coordinates":[[44.5462,40.252],[44.5446,40.2508]]}},{"type":"Feature","properties":{"waterway":"canal","name":null},"geometry":{"type":"LineString","coordinates":[[44.5446,40.2507],[44.5417,40.2484]]}},{"type":"Feature","properties":{"waterway":"river","name":"Աչեր"},"geometry":{"type":"LineString","coordinates":[[44.7062,41.076],[44.7064,41.0843],[44.7031,41.087],[44.7017,41.0956],[44.6966,41.0999]]}},{"type":"Feature","properties":{"waterway":"river","name":"Աչեր"},"geometry":{"type":"LineString","coordinates":[[44.717,41.0587],[44.7112,41.0619],[44.7129,41.0668],[44.7086,41.0723],[44.711,41.0741],[44.7062,41.076]]}},{"type":"Feature","properties":{"waterway":"river","name":"Ախուրյան"},"geometry":{"type":"LineString","coordinates":[[43.6536,41.0677],[43.6604,41.0683],[43.6627,41.0642],[43.6758,41.0579],[43.7484,41.0564],[43.7741,41.0532],[43.7855,41.0466],[43.7955,41.045],[43.8056,41.0486],[43.8161,41.0437],[43.8198,41.0331],[43.8188,41.0296]]}},{"type":"Feature","properties":{"waterway":"canal","name":"Զեյթուն-Հաղթանակ 3-րդ աստիճանի ջրանցք"},"geometry":{"type":"LineString","coordinates":[[44.8744,41.2641],[44.8724,41.2656]]}},{"type":"Feature","properties":{"waterway":"canal","name":"Զեյթուն-Հաղթանակ 3-րդ աստիճանի ջրանցք"},"geometry":{"type":"LineString","coordinates":[[44.8724,41.2656],[44.8723,41.2656]]}},{"type":"Feature","properties":{"waterway":"canal","name":"Զեյթուն-Հաղթանակ 3-րդ աստիճանի ջրանցք"},"geometry":{"type":"LineString","coordinates":[[44.8744,41.264],[44.8744,41.2641]]}},{"type":"Feature","properties":{"waterway":"canal","name":"Զեյթուն-Հաղթանակ 2-րդ աստիճանի ջրանցք"},"geometry":{"type":"LineString","coordinates":[[44.8657,41.2513],[44.8638,41.2536],[44.8616,41.2516]]}},{"type":"Feature","properties":{"waterway":"canal","name":"Զեյթուն-Հաղթանակ 2-րդ աստիճանի ջրանցք"},"geometry":{"type":"LineString","coordinates":[[44.8616,41.2516],[44.8615,41.2516]]}},{"type":"Feature","properties":{"waterway":"canal","name":"Զեյթուն-Հաղթանակ 3-րդ աստիճանի ջրանցք"},"geometry":{"type":"LineString","coordinates":[[44.8512,41.2662],[44.8486,41.2659]]}},{"type":"Feature","properties":{"waterway":"canal","name":"Զեյթուն-Հաղթանակ 3-րդ աստիճանի ջրանցք"},"geometry":{"type":"LineString","coordinates":[[44.8514,41.2661],[44.8512,41.2662]]}},{"type":"Feature","properties":{"waterway":"canal","name":"Զեյթուն-Հաղթանակ 3-րդ աստիճանի ջրանցք"},"geometry":{"type":"LineString","coordinates":[[44.8615,41.2659],[44.8608,41.266]]}},{"type":"Feature","properties":{"waterway":"canal","name":"Զեյթուն-Հաղթանակ 3-րդ աստիճանի ջրանցք"},"geometry":{"type":"LineString","coordinates":[[44.8593,41.266],[44.8588,41.2659]]}},{"type":"Feature","properties":{"waterway":"canal","name":"Զեյթուն-Հաղթանակ 3-րդ աստիճանի ջրանցք"},"geometry":{"type":"LineString","coordinates":[[44.8535,41.2665],[44.8524,41.2648],[44.8514,41.2661]]}},{"type":"Feature","properties":{"waterway":"canal","name":"Զեյթուն-Հաղթանակ 3-րդ աստիճանի ջրանցք"},"geometry":{"type":"LineString","coordinates":[[44.8538,41.2664],[44.8535,41.2665]]}},{"type":"Feature","properties":{"waterway":"canal","name":"Զեյթուն-Հաղթանակ 2-րդ աստիճանի ջրանցք"},"geometry":{"type":"LineString","coordinates":[[44.8473,41.25],[44.8472,41.2525],[44.8454,41.2523]]}},{"type":"Feature","properties":{"waterway":"canal","name":"Զեյթուն-Հաղթանակ 2-րդ աստիճանի ջրանցք"},"geometry":{"type":"LineString","coordinates":[[44.8474,41.25],[44.8473,41.25]]}},{"type":"Feature","properties":{"waterway":"canal","name":"Զեյթուն-Հաղթանակ 2-րդ աստիճանի ջրանցք"},"geometry":{"type":"LineString","coordinates":[[44.8298,41.2552],[44.8289,41.2626]]}},{"type":"Feature","properties":{"waterway":"canal","name":"Զեյթուն-Հաղթանակ 2-րդ աստիճանի ջրանցք"},"geometry":{"type":"LineString","coordinates":[[44.8299,41.2551],[44.8298,41.2552]]}},{"type":"Feature","properties":{"waterway":"canal","name":"Զեյթուն-Հաղթանակ 2-րդ աստիճանի ջրանցք"},"geometry":{"type":"LineString","coordinates":[[44.8371,41.2524],[44.8299,41.2551]]}},{"type":"Feature","properties":{"waterway":"canal","name":"Զեյթուն-Հաղթանակ 2-րդ աստիճանի ջրանցք"},"geometry":{"type":"LineString","coordinates":[[44.8373,41.2523],[44.8371,41.2524]]}},{"type":"Feature","properties":{"waterway":"canal","name":"Զեյթուն-Հաղթանակ 2-րդ աստիճանի ջրանցք"},"geometry":{"type":"LineString","coordinates":[[44.8433,41.2514],[44.8373,41.2523]]}},{"type":"Feature","properties":{"waterway":"canal","name":"Զեյթուն-Հաղթանակ 2-րդ աստիճանի ջրանցք"},"geometry":{"type":"LineString","coordinates":[[44.8435,41.2514],[44.8433,41.2514]]}},{"type":"Feature","properties":{"waterway":"canal","name":"Զեյթուն-Հաղթանակ 2-րդ աստիճանի ջրանցք"},"geometry":{"type":"LineString","coordinates":[[44.8283,41.2653],[44.8291,41.2658]]}},{"type":"Feature","properties":{"waterway":"canal","name":"Զեյթուն-Հաղթանակ 2-րդ աստիճանի ջրանցք"},"geometry":{"type":"LineString","coordinates":[[44.8283,41.2652],[44.8283,41.2653]]}},{"type":"Feature","properties":{"waterway":"canal","name":"Զեյթուն-Հաղթանակ 2-րդ աստիճանի ջրանցք"},"geometry":{"type":"LineString","coordinates":[[44.8289,41.2627],[44.8283,41.2652]]}},{"type":"Feature","properties":{"waterway":"canal","name":"Զեյթուն-Հաղթանակ 2-րդ աստիճանի ջրանցք"},"geometry":{"type":"LineString","coordinates":[[44.8289,41.2626],[44.8289,41.2627]]}},{"type":"Feature","properties":{"waterway":"canal","name":"Զեյթուն-Հաղթանակ 1-ին աստիճանի ջրանցք"},"geometry":{"type":"LineString","coordinates":[[44.8228,41.2638],[44.8218,41.2636]]}},{"type":"Feature","properties":{"waterway":"canal","name":"Զեյթուն-Հաղթանակ 1-ին աստիճանի ջրանցք"},"geometry":{"type":"LineString","coordinates":[[44.8218,41.2636],[44.8217,41.2637]]}},{"type":"Feature","properties":{"waterway":"canal","name":null},"geometry":{"type":"LineString","coordinates":[[44.8372,41.2412],[44.8371,41.2412]]}},{"type":"Feature","properties":{"waterway":"canal","name":"Զեյթուն-Հաղթանակ 2-րդ աստիճանի ջրանցք"},"geometry":{"type":"LineString","coordinates":[[44.8453,41.2522],[44.8435,41.2514]]}},{"type":"Feature","properties":{"waterway":"canal","name":"Զեյթուն-Հաղթանակ 2-րդ աստիճանի ջրանցք"},"geometry":{"type":"LineString","coordinates":[[44.8454,41.2523],[44.8453,41.2522]]}},{"type":"Feature","properties":{"waterway":"canal","name":null},"geometry":{"type":"LineString","coordinates":[[44.2355,40.1165],[44.2349,40.1144],[44.2389,40.1147]]}},{"type":"Feature","properties":{"waterway":"canal","name":null},"geometry":{"type":"LineString","coordinates":[[44.2377,40.1237],[44.2362,40.122]]}},{"type":"Feature","properties":{"waterway":"canal","name":null},"geometry":{"type":"LineString","coordinates":[[44.2355,40.1166],[44.2355,40.1165]]}},{"type":"Feature","properties":{"waterway":"canal","name":null},"geometry":{"type":"LineString","coordinates":[[44.2362,40.1198],[44.2355,40.1166]]}},{"type":"Feature","properties":{"waterway":"canal","name":null},"geometry":{"type":"LineString","coordinates":[[44.2362,40.1199],[44.2362,40.1198]]}},{"type":"Feature","properties":{"waterway":"canal","name":null},"geometry":{"type":"LineString","coordinates":[[44.2362,40.122],[44.2376,40.1221]]}},{"type":"Feature","properties":{"waterway":"canal","name":null},"geometry":{"type":"LineString","coordinates":[[44.2362,40.1198],[44.243,40.1206]]}},{"type":"Feature","properties":{"waterway":"canal","name":null},"geometry":{"type":"LineString","coordinates":[[44.2355,40.1165],[44.2389,40.1167]]}},{"type":"Feature","properties":{"waterway":"canal","name":null},"geometry":{"type":"LineString","coordinates":[[44.2528,40.1539],[44.2466,40.1494]]}},{"type":"Feature","properties":{"waterway":"canal","name":null},"geometry":{"type":"LineString","coordinates":[[44.2466,40.1463],[44.2471,40.1436]]}},{"type":"Feature","properties":{"waterway":"canal","name":null},"geometry":{"type":"LineString","coordinates":[[44.2465,40.1464],[44.2466,40.1463]]}},{"type":"Feature","properties":{"waterway":"canal","name":null},"geometry":{"type":"LineString","coordinates":[[44.2465,40.1493],[44.2465,40.1464]]}},{"type":"Feature","properties":{"waterway":"canal","name":null},"geometry":{"type":"LineString","coordinates":[[44.2466,40.1494],[44.2465,40.1493]]}},{"type":"Feature","properties":{"waterway":"canal","name":null},"geometry":{"type":"LineString","coordinates":[[43.9853,40.3316],[43.9862,40.3276]]}},{"type":"Feature","properties":{"waterway":"canal","name":null},"geometry":{"type":"LineString","coordinates":[[43.9856,40.3343],[43.9853,40.3317]]}},{"type":"Feature","properties":{"waterway":"canal","name":null},"geometry":{"type":"LineString","coordinates":[[43.9853,40.3317],[43.9853,40.3316]]}},{"type":"Feature","properties":{"waterway":"canal","name":null},"geometry":{"type":"LineString","coordinates":[[43.9917,40.3445],[43.9857,40.3344]]}},{"type":"Feature","properties":{"waterway":"canal","name":null},"geometry":{"type":"LineString","coordinates":[[43.9857,40.3344],[43.9856,40.3343]]}},{"type":"Feature","properties":{"waterway":"canal","name":null},"geometry":{"type":"LineString","coordinates":[[43.9918,40.3446],[43.9917,40.3445]]}},{"type":"Feature","properties":{"waterway":"canal","name":null},"geometry":{"type":"LineString","coordinates":[[43.9971,40.3527],[43.9957,40.349]]}},{"type":"Feature","properties":{"waterway":"canal","name":null},"geometry":{"type":"LineString","coordinates":[[43.9957,40.349],[43.9957,40.3489]]}},{"type":"Feature","properties":{"waterway":"canal","name":null},"geometry":{"type":"LineString","coordinates":[[44.053,40.2863],[44.0582,40.2593],[44.0547,40.2536]]}},{"type":"Feature","properties":{"waterway":"canal","name":null},"geometry":{"type":"LineString","coordinates":[[44.052,40.2464],[44.0486,40.2394]]}},{"type":"Feature","properties":{"waterway":"canal","name":null},"geometry":{"type":"LineString","coordinates":[[44.0547,40.2536],[44.0547,40.2535]]}},{"type":"Feature","properties":{"waterway":"canal","name":null},"geometry":{"type":"LineString","coordinates":[[44.052,40.2464],[44.0552,40.2446]]}},{"type":"Feature","properties":{"waterway":"canal","name":null},"geometry":{"type":"LineString","coordinates":[[44.0547,40.2535],[44.052,40.2464]]}},{"type":"Feature","properties":{"waterway":"canal","name":null},"geometry":{"type":"LineString","coordinates":[[43.9863,40.1834],[43.9887,40.1793]]}},{"type":"Feature","properties":{"waterway":"canal","name":null},"geometry":{"type":"LineString","coordinates":[[43.992,40.1954],[43.9931,40.187]]}},{"type":"Feature","properties":{"waterway":"canal","name":null},"geometry":{"type":"LineString","coordinates":[[43.992,40.1954],[43.999,40.1897]]}},{"type":"Feature","properties":{"waterway":"canal","name":null},"geometry":{"type":"LineString","coordinates":[[43.9917,40.1963],[43.992,40.1954]]}},{"type":"Feature","properties":{"waterway":"canal","name":null},"geometry":{"type":"LineString","coordinates":[[43.786,40.2579],[43.7901,40.2562],[43.7938,40.2581]]}},{"type":"Feature","properties":{"waterway":"canal","name":null},"geometry":{"type":"LineString","coordinates":[[43.7859,40.2579],[43.786,40.2579]]}},{"type":"Feature","properties":{"waterway":"canal","name":null},"geometry":{"type":"LineString","coordinates":[[43.7859,40.2579],[43.7859,40.2579]]}},{"type":"Feature","properties":{"waterway":"canal","name":null},"geometry":{"type":"LineString","coordinates":[[43.798,40.2597],[43.8022,40.2618],[43.8056,40.259]]}},{"type":"Feature","properties":{"waterway":"canal","name":null},"geometry":{"type":"LineString","coordinates":[[43.7979,40.2597],[43.798,40.2597]]}},{"type":"Feature","properties":{"waterway":"canal","name":null},"geometry":{"type":"LineString","coordinates":[[43.7938,40.2582],[43.7979,40.2597]]}},{"type":"Feature","properties":{"waterway":"canal","name":null},"geometry":{"type":"LineString","coordinates":[[43.7938,40.2581],[43.7938,40.2582]]}},{"type":"Feature","properties":{"waterway":"canal","name":null},"geometry":{"type":"LineString","coordinates":[[43.799,40.26],[43.8023,40.257],[43.8,40.2543]]}},{"type":"Feature","properties":{"waterway":"canal","name":null},"geometry":{"type":"LineString","coordinates":[[43.7747,40.401],[43.7719,40.4046],[43.7741,40.4081],[43.7713,40.4095],[43.7675,40.4077],[43.7669,40.4126]]}},{"type":"Feature","properties":{"waterway":"canal","name":null},"geometry":{"type":"LineString","coordinates":[[43.7747,40.401],[43.7747,40.401]]}},{"type":"Feature","properties":{"waterway":"canal","name":null},"geometry":{"type":"LineString","coordinates":[[43.7747,40.4009],[43.7747,40.401]]}},{"type":"Feature","properties":{"waterway":"canal","name":null},"geometry":{"type":"LineString","coordinates":[[43.7571,40.4124],[43.7566,40.4154]]}},{"type":"Feature","properties":{"waterway":"canal","name":null},"geometry":{"type":"LineString","coordinates":[[43.757,40.4123],[43.7571,40.4124]]}},{"type":"Feature","properties":{"waterway":"canal","name":null},"geometry":{"type":"LineString","coordinates":[[43.7668,40.4126],[43.757,40.4123]]}},{"type":"Feature","properties":{"waterway":"canal","name":null},"geometry":{"type":"LineString","coordinates":[[43.7669,40.4126],[43.7668,40.4126]]}},{"type":"Feature","properties":{"waterway":"canal","name":null},"geometry":{"type":"LineString","coordinates":[[44.1807,40.1954],[44.1817,40.192],[44.1942,40.1812]]}},{"type":"Feature","properties":{"waterway":"canal","name":null},"geometry":{"type":"LineString","coordinates":[[44.1807,40.1955],[44.1807,40.1954]]}},{"type":"Feature","properties":{"waterway":"canal","name":null},"geometry":{"type":"LineString","coordinates":[[44.1807,40.1955],[44.1807,40.1955]]}},{"type":"Feature","properties":{"waterway":"canal","name":null},"geometry":{"type":"LineString","coordinates":[[44.1943,40.1811],[44.1948,40.1806]]}},{"type":"Feature","properties":{"waterway":"canal","name":null},"geometry":{"type":"LineString","coordinates":[[44.1942,40.1812],[44.1943,40.1811]]}},{"type":"Feature","properties":{"waterway":"canal","name":null},"geometry":{"type":"LineString","coordinates":[[44.1947,40.1935],[44.1983,40.1924],[44.1984,40.1892]]}},{"type":"Feature","properties":{"waterway":"canal","name":null},"geometry":{"type":"LineString","coordinates":[[44.1996,40.2117],[44.208,40.203],[44.2139,40.2019]]}},{"type":"Feature","properties":{"waterway":"canal","name":null},"geometry":{"type":"LineString","coordinates":[[44.7635,40.5256],[44.7545,40.5214],[44.7495,40.525],[44.7508,40.5283]]}},{"type":"Feature","properties":{"waterway":"canal","name":null},"geometry":{"type":"LineString","coordinates":[[44.7508,40.5283],[44.7506,40.5284]]}},{"type":"Feature","properties":{"waterway":"canal","name":null},"geometry":{"type":"LineString","coordinates":[[43.6346,40.4102],[43.6396,40.4166],[43.647,40.4192],[43.6471,40.4245]]}},{"type":"Feature","properties":{"waterway":"canal","name":null},"geometry":{"type":"LineString","coordinates":[[43.6471,40.4246],[43.6358,40.4334]]}},{"type":"Feature","properties":{"waterway":"canal","name":null},"geometry":{"type":"LineString","coordinates":[[43.6471,40.4245],[43.6471,40.4246]]}},{"type":"Feature","properties":{"waterway":"canal","name":null},"geometry":{"type":"LineString","coordinates":[[45.732,40.2589],[45.765,40.2326]]}},{"type":"Feature","properties":{"waterway":"canal","name":null},"geometry":{"type":"LineString","coordinates":[[45.7652,40.2325],[45.7708,40.2291]]}},{"type":"Feature","properties":{"waterway":"canal","name":null},"geometry":{"type":"LineString","coordinates":[[45.771,40.229],[45.7763,40.2241]]}},{"type":"Feature","properties":{"waterway":"canal","name":null},"geometry":{"type":"LineString","coordinates":[[45.7765,40.2239],[45.7941,40.2103],[45.7964,40.2056]]}},{"type":"Feature","properties":{"waterway":"canal","name":null},"geometry":{"type":"LineString","coordinates":[[43.791,40.0937],[43.8004,40.0918],[43.8049,40.0881]]}},{"type":"Feature","properties":{"waterway":"canal","name":null},"geometry":{"type":"LineString","coordinates":[[43.7909,40.0938],[43.791,40.0937]]}},{"type":"Feature","properties":{"waterway":"canal","name":null},"geometry":{"type":"LineString","coordinates":[[43.7898,40.0916],[43.7898,40.0897]]}},{"type":"Feature","properties":{"waterway":"canal","name":null},"geometry":{"type":"LineString","coordinates":[[43.8989,40.411],[43.8964,40.4064],[43.889,40.4108]]}},{"type":"Feature","properties":{"waterway":"canal","name":null},"geometry":{"type":"LineString","coordinates":[[43.889,40.4108],[43.8889,40.4109]]}},{"type":"Feature","properties":{"waterway":"canal","name":"Գառնի ջրանցք"},"geometry":{"type":"LineString","coordinates":[[44.7352,40.13],[44.7262,40.1295]]}},{"type":"Feature","properties":{"waterway":"canal","name":"Գառնի ջրանցք"},"geometry":{"type":"LineString","coordinates":[[44.7262,40.1295],[44.7261,40.1295]]}},{"type":"Feature","properties":{"waterway":"canal","name":"Գառնի ջրանցք"},"geometry":{"type":"LineString","coordinates":[[44.7073,40.1296],[44.706,40.1321],[44.7028,40.1299]]}},{"type":"Feature","properties":{"waterway":"canal","name":"Գառնի ջրանցք"},"geometry":{"type":"LineString","coordinates":[[44.7028,40.1299],[44.7027,40.1295]]}},{"type":"Feature","properties":{"waterway":"canal","name":null},"geometry":{"type":"LineString","coordinates":[[44.4618,40.3272],[44.4605,40.3241]]}},{"type":"Feature","properties":{"waterway":"canal","name":null},"geometry":{"type":"LineString","coordinates":[[43.7171,40.4205],[43.7122,40.4197]]}},{"type":"Feature","properties":{"waterway":"canal","name":null},"geometry":{"type":"LineString","coordinates":[[43.7172,40.4205],[43.7171,40.4205]]}},{"type":"Feature","properties":{"waterway":"canal","name":null},"geometry":{"type":"LineString","coordinates":[[43.7121,40.4197],[43.7115,40.4167]]}},{"type":"Feature","properties":{"waterway":"canal","name":null},"geometry":{"type":"LineString","coordinates":[[43.7122,40.4197],[43.7121,40.4197]]}},{"type":"Feature","properties":{"waterway":"canal","name":null},"geometry":{"type":"LineString","coordinates":[[43.7137,40.4194],[43.7133,40.4164]]}},{"type":"Feature","properties":{"waterway":"canal","name":null},"geometry":{"type":"LineString","coordinates":[[43.7138,40.4195],[43.7137,40.4194]]}},{"type":"Feature","properties":{"waterway":"canal","name":null},"geometry":{"type":"LineString","coordinates":[[43.7138,40.4195],[43.7138,40.4195]]}},{"type":"Feature","properties":{"waterway":"canal","name":null},"geometry":{"type":"LineString","coordinates":[[43.7155,40.4193],[43.7145,40.4145]]}},{"type":"Feature","properties":{"waterway":"canal","name":null},"geometry":{"type":"LineString","coordinates":[[43.7156,40.4194],[43.7155,40.4193]]}},{"type":"Feature","properties":{"waterway":"canal","name":null},"geometry":{"type":"LineString","coordinates":[[43.7156,40.4194],[43.7156,40.4194]]}},{"type":"Feature","properties":{"waterway":"canal","name":null},"geometry":{"type":"LineString","coordinates":[[43.7433,40.4241],[43.7435,40.4239]]}},{"type":"Feature","properties":{"waterway":"canal","name":null},"geometry":{"type":"LineString","coordinates":[[44.5322,40.2618],[44.5265,40.2591]]}},{"type":"Feature","properties":{"waterway":"canal","name":null},"geometry":{"type":"LineString","coordinates":[[44.5322,40.2618],[44.5322,40.2618]]}},{"type":"Feature","properties":{"waterway":"canal","name":null},"geometry":{"type":"LineString","coordinates":[[44.502,40.1645],[44.5019,40.1645]]}},{"type":"Feature","properties":{"waterway":"canal","name":null},"geometry":{"type":"LineString","coordinates":[[44.5022,40.1645],[44.5021,40.1645]]}},{"type":"Feature","properties":{"waterway":"canal","name":null},"geometry":{"type":"LineString","coordinates":[[44.5021,40.1645],[44.5019,40.1645]]}},{"type":"Feature","properties":{"waterway":"canal","name":null},"geometry":{"type":"LineString","coordinates":[[44.5019,40.1645],[44.5019,40.1645]]}},{"type":"Feature","properties":{"waterway":"canal","name":null},"geometry":{"type":"LineString","coordinates":[[44.5008,40.1643],[44.5008,40.1643]]}},{"type":"Feature","properties":{"waterway":"canal","name":null},"geometry":{"type":"LineString","coordinates":[[44.4986,40.1893],[44.4986,40.1892]]}},{"type":"Feature","properties":{"waterway":"canal","name":null},"geometry":{"type":"LineString","coordinates":[[44.4986,40.1894],[44.4986,40.1893]]}},{"type":"Feature","properties":{"waterway":"canal","name":null},"geometry":{"type":"LineString","coordinates":[[44.4991,40.1907],[44.4986,40.1906]]}},{"type":"Feature","properties":{"waterway":"canal","name":null},"geometry":{"type":"LineString","coordinates":[[44.2793,40.2906],[44.2789,40.2893]]}},{"type":"Feature","properties":{"waterway":"canal","name":null},"geometry":{"type":"LineString","coordinates":[[44.2789,40.2893],[44.2789,40.2889]]}},{"type":"Feature","properties":{"waterway":"river","name":"Ամբերդ"},"geometry":{"type":"LineString","coordinates":[[44.2792,40.2958],[44.2781,40.2893]]}},{"type":"Feature","properties":{"waterway":"river","name":"Ամբերդ"},"geometry":{"type":"LineString","coordinates":[[44.2781,40.2893],[44.2781,40.289]]}},{"type":"Feature","properties":{"waterway":"river","name":null},"geometry":{"type":"LineString","coordinates":[[44.5475,40.1442],[44.5459,40.144]]}},{"type":"Feature","properties":{"waterway":"river","name":null},"geometry":{"type":"LineString","coordinates":[[44.5486,40.1445],[44.5475,40.1442]]}},{"type":"Feature","properties":{"waterway":"canal","name":null},"geometry":{"type":"LineString","coordinates":[[44.5009,40.1643],[44.5008,40.1643]]}},{"type":"Feature","properties":{"waterway":"canal","name":"Գետառ"},"geometry":{"type":"LineString","coordinates":[[44.5098,40.1633],[44.5095,40.1626]]}},{"type":"Feature","properties":{"waterway":"canal","name":"Գետառ"},"geometry":{"type":"LineString","coordinates":[[44.5105,40.1652],[44.5098,40.1633]]}},{"type":"Feature","properties":{"waterway":"canal","name":"Գետառ"},"geometry":{"type":"LineString","coordinates":[[44.5106,40.1654],[44.5105,40.1652]]}},{"type":"Feature","properties":{"waterway":"canal","name":null},"geometry":{"type":"LineString","coordinates":[[44.0321,40.6768],[44.0321,40.6745],[44.0259,40.6738]]}},{"type":"Feature","properties":{"waterway":"canal","name":null},"geometry":{"type":"LineString","coordinates":[[44.0259,40.6738],[44.0258,40.6738]]}},{"type":"Feature","properties":{"waterway":"canal","name":null},"geometry":{"type":"LineString","coordinates":[[44.0321,40.6811],[44.0322,40.6769]]}},{"type":"Feature","properties":{"waterway":"canal","name":null},"geometry":{"type":"LineString","coordinates":[[44.0322,40.6769],[44.0321,40.6768]]}},{"type":"Feature","properties":{"waterway":"canal","name":null},"geometry":{"type":"LineString","coordinates":[[45.9664,39.5796],[45.9665,39.5819]]}},{"type":"Feature","properties":{"waterway":"canal","name":null},"geometry":{"type":"LineString","coordinates":[[45.9664,39.5794],[45.9664,39.5796]]}},{"type":"Feature","properties":{"waterway":"canal","name":null},"geometry":{"type":"LineString","coordinates":[[45.9664,39.5776],[45.9664,39.5778]]}},{"type":"Feature","properties":{"waterway":"canal","name":null},"geometry":{"type":"LineString","coordinates":[[45.9664,39.5778],[45.9664,39.5794]]}},{"type":"Feature","properties":{"waterway":"canal","name":null},"geometry":{"type":"LineString","coordinates":[[44.0507,40.1004],[44.053,40.1],[44.0563,40.1042]]}},{"type":"Feature","properties":{"waterway":"canal","name":null},"geometry":{"type":"LineString","coordinates":[[44.0505,40.1005],[44.0507,40.1004]]}},{"type":"Feature","properties":{"waterway":"canal","name":null},"geometry":{"type":"LineString","coordinates":[[44.0563,40.1043],[44.06,40.1082]]}},{"type":"Feature","properties":{"waterway":"canal","name":null},"geometry":{"type":"LineString","coordinates":[[44.0563,40.1042],[44.0563,40.1043]]}},{"type":"Feature","properties":{"waterway":"canal","name":null},"geometry":{"type":"LineString","coordinates":[[44.0501,40.1],[44.0505,40.1005]]}},{"type":"Feature","properties":{"waterway":"canal","name":null},"geometry":{"type":"LineString","coordinates":[[44.0501,40.1],[44.0482,40.1058],[44.043,40.1072]]}},{"type":"Feature","properties":{"waterway":"canal","name":null},"geometry":{"type":"LineString","coordinates":[[43.8835,40.6583],[43.883,40.6579]]}},{"type":"Feature","properties":{"waterway":"canal","name":null},"geometry":{"type":"LineString","coordinates":[[43.883,40.6579],[43.8829,40.6578]]}},{"type":"Feature","properties":{"waterway":"canal","name":null},"geometry":{"type":"LineString","coordinates":[[43.9853,40.1369],[43.9751,40.1282],[43.9775,40.1233],[43.9768,40.1175]]}},{"type":"Feature","properties":{"waterway":"canal","name":null},"geometry":{"type":"LineString","coordinates":[[43.9919,40.1427],[43.9957,40.1451]]}},{"type":"Feature","properties":{"waterway":"canal","name":null},"geometry":{"type":"LineString","coordinates":[[43.9957,40.1452],[43.998,40.1484]]}},{"type":"Feature","properties":{"waterway":"canal","name":null},"geometry":{"type":"LineString","coordinates":[[43.9957,40.1451],[43.9957,40.1452]]}},{"type":"Feature","properties":{"waterway":"canal","name":null},"geometry":{"type":"LineString","coordinates":[[44.1477,40.0857],[44.1494,40.0866]]}},{"type":"Feature","properties":{"waterway":"canal","name":null},"geometry":{"type":"LineString","coordinates":[[44.1166,40.0868],[44.1343,40.0847]]}},{"type":"Feature","properties":{"waterway":"canal","name":null},"geometry":{"type":"LineString","coordinates":[[44.1345,40.0847],[44.1475,40.0856]]}},{"type":"Feature","properties":{"waterway":"canal","name":null},"geometry":{"type":"LineString","coordinates":[[44.1343,40.0847],[44.1345,40.0847]]}},{"type":"Feature","properties":{"waterway":"canal","name":null},"geometry":{"type":"LineString","coordinates":[[44.1475,40.0856],[44.1477,40.0857]]}},{"type":"Feature","properties":{"waterway":"canal","name":null},"geometry":{"type":"LineString","coordinates":[[44.0847,40.0895],[44.0794,40.0931]]}},{"type":"Feature","properties":{"waterway":"canal","name":null},"geometry":{"type":"LineString","coordinates":[[44.0848,40.0894],[44.0847,40.0895]]}},{"type":"Feature","properties":{"waterway":"canal","name":null},"geometry":{"type":"LineString","coordinates":[[44.0849,40.0894],[44.0848,40.0894]]}},{"type":"Feature","properties":{"waterway":"river","name":"Քասաղ"},"geometry":{"type":"LineString","coordinates":[[44.2843,40.073],[44.2864,40.0713],[44.2861,40.0659],[44.2897,40.0625],[44.2973,40.0633],[44.3009,40.0595]]}},{"type":"Feature","properties":{"waterway":"canal","name":null},"geometry":{"type":"LineString","coordinates":[[44.1562,40.0434],[44.1639,40.0417]]}},{"type":"Feature","properties":{"waterway":"canal","name":null},"geometry":{"type":"LineString","coordinates":[[44.1425,40.0465],[44.1426,40.0465]]}},{"type":"Feature","properties":{"waterway":"canal","name":null},"geometry":{"type":"LineString","coordinates":[[44.1426,40.0465],[44.1455,40.0465]]}},{"type":"Feature","properties":{"waterway":"canal","name":null},"geometry":{"type":"LineString","coordinates":[[44.1455,40.0465],[44.1456,40.0464]]}},{"type":"Feature","properties":{"waterway":"canal","name":null},"geometry":{"type":"LineString","coordinates":[[44.1456,40.0464],[44.1512,40.046]]}},{"type":"Feature","properties":{"waterway":"canal","name":null},"geometry":{"type":"LineString","coordinates":[[44.1512,40.046],[44.1514,40.046]]}},{"type":"Feature","properties":{"waterway":"canal","name":null},"geometry":{"type":"LineString","coordinates":[[44.1514,40.046],[44.1561,40.0435]]}},{"type":"Feature","properties":{"waterway":"canal","name":null},"geometry":{"type":"LineString","coordinates":[[44.1561,40.0435],[44.1562,40.0434]]}},{"type":"Feature","properties":{"waterway":"canal","name":null},"geometry":{"type":"LineString","coordinates":[[44.1639,40.045],[44.1637,40.0425]]}},{"type":"Feature","properties":{"waterway":"canal","name":null},"geometry":{"type":"LineString","coordinates":[[44.164,40.0451],[44.1639,40.045]]}},{"type":"Feature","properties":{"waterway":"canal","name":null},"geometry":{"type":"LineString","coordinates":[[44.0382,40.1041],[44.0298,40.098],[44.0292,40.0926]]}},{"type":"Feature","properties":{"waterway":"canal","name":null},"geometry":{"type":"LineString","coordinates":[[44.0374,40.1104],[44.0382,40.1041]]}},{"type":"Feature","properties":{"waterway":"canal","name":null},"geometry":{"type":"LineString","coordinates":[[44.0382,40.1041],[44.0388,40.1]]}},{"type":"Feature","properties":{"waterway":"canal","name":null},"geometry":{"type":"LineString","coordinates":[[43.9852,40.1583],[44.0005,40.1519]]}},{"type":"Feature","properties":{"waterway":"canal","name":null},"geometry":{"type":"LineString","coordinates":[[43.949,40.1664],[43.952,40.166]]}},{"type":"Feature","properties":{"waterway":"canal","name":null},"geometry":{"type":"LineString","coordinates":[[43.9489,40.1665],[43.949,40.1664]]}},{"type":"Feature","properties":{"waterway":"canal","name":null},"geometry":{"type":"LineString","coordinates":[[43.9521,40.1661],[43.9558,40.165]]}},{"type":"Feature","properties":{"waterway":"canal","name":null},"geometry":{"type":"LineString","coordinates":[[43.952,40.166],[43.9521,40.1661]]}},{"type":"Feature","properties":{"waterway":"canal","name":null},"geometry":{"type":"LineString","coordinates":[[43.9559,40.165],[43.958,40.1644]]}},{"type":"Feature","properties":{"waterway":"canal","name":null},"geometry":{"type":"LineString","coordinates":[[43.9558,40.165],[43.9559,40.165]]}},{"type":"Feature","properties":{"waterway":"canal","name":null},"geometry":{"type":"LineString","coordinates":[[43.9581,40.1644],[43.9589,40.1644]]}},{"type":"Feature","properties":{"waterway":"canal","name":null},"geometry":{"type":"LineString","coordinates":[[43.958,40.1644],[43.9581,40.1644]]}},{"type":"Feature","properties":{"waterway":"canal","name":null},"geometry":{"type":"LineString","coordinates":[[43.9601,40.1644],[43.9619,40.164]]}},{"type":"Feature","properties":{"waterway":"canal","name":null},"geometry":{"type":"LineString","coordinates":[[43.9589,40.1644],[43.959,40.1644]]}},{"type":"Feature","properties":{"waterway":"canal","name":null},"geometry":{"type":"LineString","coordinates":[[43.959,40.1644],[43.96,40.1644]]}},{"type":"Feature","properties":{"waterway":"canal","name":null},"geometry":{"type":"LineString","coordinates":[[43.96,40.1644],[43.9601,40.1644]]}},{"type":"Feature","properties":{"waterway":"canal","name":null},"geometry":{"type":"LineString","coordinates":[[43.962,40.1639],[43.9658,40.1629]]}},{"type":"Feature","properties":{"waterway":"canal","name":null},"geometry":{"type":"LineString","coordinates":[[43.9619,40.164],[43.962,40.1639]]}},{"type":"Feature","properties":{"waterway":"canal","name":null},"geometry":{"type":"LineString","coordinates":[[43.966,40.1629],[43.9683,40.1631]]}},{"type":"Feature","properties":{"waterway":"canal","name":null},"geometry":{"type":"LineString","coordinates":[[43.9658,40.1629],[43.966,40.1629]]}},{"type":"Feature","properties":{"waterway":"canal","name":null},"geometry":{"type":"LineString","coordinates":[[44.1993,40.117],[44.1975,40.1153]]}},{"type":"Feature","properties":{"waterway":"canal","name":null},"geometry":{"type":"LineString","coordinates":[[44.3725,40.3761],[44.3763,40.3729]]}},{"type":"Feature","properties":{"waterway":"canal","name":null},"geometry":{"type":"LineString","coordinates":[[44.3724,40.3762],[44.3725,40.3761]]}},{"type":"Feature","properties":{"waterway":"canal","name":null},"geometry":{"type":"LineString","coordinates":[[44.4235,40.0805],[44.4212,40.0773]]}},{"type":"Feature","properties":{"waterway":"canal","name":null},"geometry":{"type":"LineString","coordinates":[[44.4235,40.0802],[44.4243,40.0795]]}},{"type":"Feature","properties":{"waterway":"canal","name":null},"geometry":{"type":"LineString","coordinates":[[44.423,40.081],[44.4203,40.0774]]}},{"type":"Feature","properties":{"waterway":"canal","name":null},"geometry":{"type":"LineString","coordinates":[[44.422,40.0825],[44.4195,40.0792]]}},{"type":"Feature","properties":{"waterway":"canal","name":null},"geometry":{"type":"LineString","coordinates":[[44.4208,40.0867],[44.42,40.0854]]}},{"type":"Feature","properties":{"waterway":"canal","name":null},"geometry":{"type":"LineString","coordinates":[[44.5468,40.0593],[44.5439,40.0574]]}},{"type":"Feature","properties":{"waterway":"river","name":null},"geometry":{"type":"LineString","coordinates":[[44.5759,40.1813],[44.5744,40.1795]]}},{"type":"Feature","properties":{"waterway":"river","name":null},"geometry":{"type":"LineString","coordinates":[[44.5741,40.1793],[44.573,40.1789]]}},{"type":"Feature","properties":{"waterway":"river","name":null},"geometry":{"type":"LineString","coordinates":[[44.5744,40.1795],[44.5741,40.1793]]}},{"type":"Feature","properties":{"waterway":"river","name":null},"geometry":{"type":"LineString","coordinates":[[44.576,40.1816],[44.5759,40.1813]]}},{"type":"Feature","properties":{"waterway":"canal","name":null},"geometry":{"type":"LineString","coordinates":[[44.3096,40.0845],[44.305,40.0841]]}},{"type":"Feature","properties":{"waterway":"canal","name":null},"geometry":{"type":"LineString","coordinates":[[44.2973,40.085],[44.2968,40.0852]]}},{"type":"Feature","properties":{"waterway":"canal","name":null},"geometry":{"type":"LineString","coordinates":[[44.2975,40.085],[44.2973,40.085]]}},{"type":"Feature","properties":{"waterway":"canal","name":null},"geometry":{"type":"LineString","coordinates":[[44.2996,40.0848],[44.2975,40.085]]}},{"type":"Feature","properties":{"waterway":"canal","name":null},"geometry":{"type":"LineString","coordinates":[[44.2998,40.0848],[44.2996,40.0848]]}},{"type":"Feature","properties":{"waterway":"canal","name":null},"geometry":{"type":"LineString","coordinates":[[44.3018,40.0848],[44.2998,40.0848]]}},{"type":"Feature","properties":{"waterway":"canal","name":null},"geometry":{"type":"LineString","coordinates":[[44.302,40.0848],[44.3018,40.0848]]}},{"type":"Feature","properties":{"waterway":"canal","name":null},"geometry":{"type":"LineString","coordinates":[[44.3025,40.0846],[44.302,40.0848]]}},{"type":"Feature","properties":{"waterway":"canal","name":null},"geometry":{"type":"LineString","coordinates":[[44.3026,40.0845],[44.3025,40.0846]]}},{"type":"Feature","properties":{"waterway":"canal","name":null},"geometry":{"type":"LineString","coordinates":[[44.3049,40.0841],[44.3026,40.0845]]}},{"type":"Feature","properties":{"waterway":"canal","name":null},"geometry":{"type":"LineString","coordinates":[[44.305,40.0841],[44.3049,40.0841]]}},{"type":"Feature","properties":{"waterway":"canal","name":null},"geometry":{"type":"LineString","coordinates":[[44.312,40.0847],[44.3097,40.0845]]}},{"type":"Feature","properties":{"waterway":"canal","name":null},"geometry":{"type":"LineString","coordinates":[[44.3097,40.0845],[44.3096,40.0845]]}},{"type":"Feature","properties":{"waterway":"canal","name":null},"geometry":{"type":"LineString","coordinates":[[44.3141,40.0434],[44.3141,40.0434]]}},{"type":"Feature","properties":{"waterway":"canal","name":null},"geometry":{"type":"LineString","coordinates":[[44.314,40.0434],[44.3141,40.0434]]}},{"type":"Feature","properties":{"waterway":"canal","name":null},"geometry":{"type":"LineString","coordinates":[[43.9459,40.0298],[43.9527,40.025],[43.9796,40.0328],[44.0005,40.0315],[44.0072,40.035]]}},{"type":"Feature","properties":{"waterway":"river","name":"Քասաղ"},"geometry":{"type":"LineString","coordinates":[[44.3461,40.285],[44.3464,40.2827],[44.3382,40.2824],[44.331,40.269]]}},{"type":"Feature","properties":{"waterway":"river","name":"Քասաղ"},"geometry":{"type":"LineString","coordinates":[[44.331,40.269],[44.329,40.2637]]}},{"type":"Feature","properties":{"waterway":"river","name":"Ամբերդ"},"geometry":{"type":"LineString","coordinates":[[44.2571,40.3181],[44.2574,40.3164]]}},{"type":"Feature","properties":{"waterway":"canal","name":null},"geometry":{"type":"LineString","coordinates":[[44.0261,40.0831],[44.0271,40.0786]]}},{"type":"Feature","properties":{"waterway":"canal","name":null},"geometry":{"type":"LineString","coordinates":[[44.3544,40.1973],[44.3538,40.1961]]}},{"type":"Feature","properties":{"waterway":"canal","name":null},"geometry":{"type":"LineString","coordinates":[[44.3558,40.1995],[44.3535,40.1982]]}},{"type":"Feature","properties":{"waterway":"canal","name":null},"geometry":{"type":"LineString","coordinates":[[44.3534,40.1981],[44.3522,40.1976]]}},{"type":"Feature","properties":{"waterway":"canal","name":null},"geometry":{"type":"LineString","coordinates":[[44.3535,40.1982],[44.3534,40.1981]]}},{"type":"Feature","properties":{"waterway":"canal","name":null},"geometry":{"type":"LineString","coordinates":[[44.2489,40.1611],[44.2463,40.1568]]}},{"type":"Feature","properties":{"waterway":"canal","name":null},"geometry":{"type":"LineString","coordinates":[[44.2463,40.1568],[44.2463,40.1567]]}},{"type":"Feature","properties":{"waterway":"canal","name":null},"geometry":{"type":"LineString","coordinates":[[44.2549,40.1467],[44.2517,40.1455]]}},{"type":"Feature","properties":{"waterway":"canal","name":null},"geometry":{"type":"LineString","coordinates":[[44.255,40.1468],[44.2549,40.1467]]}},{"type":"Feature","properties":{"waterway":"canal","name":null},"geometry":{"type":"LineString","coordinates":[[44.3762,40.1984],[44.3754,40.1894]]}},{"type":"Feature","properties":{"waterway":"canal","name":null},"geometry":{"type":"LineString","coordinates":[[44.3754,40.1894],[44.3754,40.1893]]}},{"type":"Feature","properties":{"waterway":"canal","name":null},"geometry":{"type":"LineString","coordinates":[[44.39,40.1962],[44.3895,40.1941]]}},{"type":"Feature","properties":{"waterway":"canal","name":null},"geometry":{"type":"LineString","coordinates":[[44.3903,40.1964],[44.39,40.1962]]}},{"type":"Feature","properties":{"waterway":"canal","name":null},"geometry":{"type":"LineString","coordinates":[[44.39,40.1962],[44.3936,40.1943]]}},{"type":"Feature","properties":{"waterway":"canal","name":null},"geometry":{"type":"LineString","coordinates":[[44.2872,40.0702],[44.2909,40.0686]]}},{"type":"Feature","properties":{"waterway":"canal","name":null},"geometry":{"type":"LineString","coordinates":[[44.3545,40.1708],[44.3544,40.1706]]}},{"type":"Feature","properties":{"waterway":"canal","name":null},"geometry":{"type":"LineString","coordinates":[[45.1805,40.1191],[45.1794,40.1229]]}},{"type":"Feature","properties":{"waterway":"canal","name":null},"geometry":{"type":"LineString","coordinates":[[45.1794,40.1229],[45.1797,40.1236]]}},{"type":"Feature","properties":{"waterway":"canal","name":null},"geometry":{"type":"LineString","coordinates":[[45.1796,40.1237],[45.1832,40.1288]]}},{"type":"Feature","properties":{"waterway":"canal","name":null},"geometry":{"type":"LineString","coordinates":[[45.1793,40.123],[45.1786,40.1254],[45.1822,40.1281]]}},{"type":"Feature","properties":{"waterway":"canal","name":null},"geometry":{"type":"LineString","coordinates":[[43.9676,40.0893],[43.9709,40.086],[43.9837,40.0825]]}},{"type":"Feature","properties":{"waterway":"canal","name":null},"geometry":{"type":"LineString","coordinates":[[44.6056,40.0061],[44.6043,40.0053],[44.611,39.999]]}},{"type":"Feature","properties":{"waterway":"canal","name":null},"geometry":{"type":"LineString","coordinates":[[44.6069,40.0067],[44.6057,40.0061]]}},{"type":"Feature","properties":{"waterway":"canal","name":null},"geometry":{"type":"LineString","coordinates":[[44.6057,40.0061],[44.6056,40.0061]]}},{"type":"Feature","properties":{"waterway":"canal","name":null},"geometry":{"type":"LineString","coordinates":[[44.6072,40.0069],[44.6071,40.0068]]}},{"type":"Feature","properties":{"waterway":"canal","name":null},"geometry":{"type":"LineString","coordinates":[[44.6071,40.0068],[44.607,40.0067]]}},{"type":"Feature","properties":{"waterway":"canal","name":null},"geometry":{"type":"LineString","coordinates":[[44.6071,40.0068],[44.6099,40.0048]]}},{"type":"Feature","properties":{"waterway":"canal","name":null},"geometry":{"type":"LineString","coordinates":[[44.61,40.0047],[44.6126,40.003]]}},{"type":"Feature","properties":{"waterway":"canal","name":null},"geometry":{"type":"LineString","coordinates":[[44.6099,40.0048],[44.61,40.0047]]}},{"type":"Feature","properties":{"waterway":"canal","name":null},"geometry":{"type":"LineString","coordinates":[[44.4117,40.0863],[44.4097,40.0835]]}},{"type":"Feature","properties":{"waterway":"canal","name":null},"geometry":{"type":"LineString","coordinates":[[44.416,40.0867],[44.4097,40.0861],[44.4056,40.0816]]}},{"type":"Feature","properties":{"waterway":"canal","name":null},"geometry":{"type":"LineString","coordinates":[[44.4133,40.0864],[44.4107,40.0827]]}},{"type":"Feature","properties":{"waterway":"canal","name":null},"geometry":{"type":"LineString","coordinates":[[44.4106,40.0826],[44.4101,40.0819]]}},{"type":"Feature","properties":{"waterway":"canal","name":null},"geometry":{"type":"LineString","coordinates":[[44.4147,40.0866],[44.4103,40.0807]]}},{"type":"Feature","properties":{"waterway":"canal","name":null},"geometry":{"type":"LineString","coordinates":[[44.3892,40.0976],[44.3894,40.0975]]}},{"type":"Feature","properties":{"waterway":"canal","name":null},"geometry":{"type":"LineString","coordinates":[[44.3891,40.0977],[44.3892,40.0976]]}},{"type":"Feature","properties":{"waterway":"canal","name":"Արտաշատի ջրանցք"},"geometry":{"type":"LineString","coordinates":[[44.5014,40.1754],[44.501,40.1749]]}},{"type":"Feature","properties":{"waterway":"river","name":"Կարկաչան"},"geometry":{"type":"LineString","coordinates":[[43.8402,40.6973],[43.8372,40.6981]]}},{"type":"Feature","properties":{"waterway":"river","name":"Կարկաչան"},"geometry":{"type":"LineString","coordinates":[[43.8372,40.6981],[43.8364,40.6983]]}},{"type":"Feature","properties":{"waterway":"canal","name":null},"geometry":{"type":"LineString","coordinates":[[43.8457,40.7102],[43.8424,40.7092],[43.838,40.6993],[43.8464,40.6939]]}},{"type":"Feature","properties":{"waterway":"canal","name":null},"geometry":{"type":"LineString","coordinates":[[43.8458,40.7102],[43.8457,40.7102]]}},{"type":"Feature","properties":{"waterway":"river","name":"Մաստարա"},"geometry":{"type":"LineString","coordinates":[[43.9014,40.1879],[43.9028,40.1807],[43.9081,40.1734]]}},{"type":"Feature","properties":{"waterway":"river","name":"Մաստարա"},"geometry":{"type":"LineString","coordinates":[[43.9014,40.188],[43.9014,40.1879]]}},{"type":"Feature","properties":{"waterway":"canal","name":null},"geometry":{"type":"LineString","coordinates":[[43.9185,40.736],[43.9183,40.7358]]}},{"type":"Feature","properties":{"waterway":"canal","name":null},"geometry":{"type":"LineString","coordinates":[[43.9228,40.7361],[43.9185,40.736]]}},{"type":"Feature","properties":{"waterway":"canal","name":null},"geometry":{"type":"LineString","coordinates":[[43.9187,40.2049],[43.9201,40.2062]]}},{"type":"Feature","properties":{"waterway":"canal","name":null},"geometry":{"type":"LineString","coordinates":[[43.9201,40.2062],[43.9201,40.2063]]}},{"type":"Feature","properties":{"waterway":"canal","name":null},"geometry":{"type":"LineString","coordinates":[[44.7389,39.8167],[44.7382,39.8152]]}},{"type":"Feature","properties":{"waterway":"canal","name":null},"geometry":{"type":"LineString","coordinates":[[44.7414,39.8205],[44.7396,39.8183]]}},{"type":"Feature","properties":{"waterway":"canal","name":null},"geometry":{"type":"LineString","coordinates":[[44.7391,39.8169],[44.7389,39.8167]]}},{"type":"Feature","properties":{"waterway":"canal","name":null},"geometry":{"type":"LineString","coordinates":[[44.7393,39.8171],[44.7391,39.8169]]}},{"type":"Feature","properties":{"waterway":"canal","name":null},"geometry":{"type":"LineString","coordinates":[[44.7394,39.8172],[44.7393,39.8171]]}},{"type":"Feature","properties":{"waterway":"canal","name":null},"geometry":{"type":"LineString","coordinates":[[44.7396,39.8177],[44.7394,39.8172]]}},{"type":"Feature","properties":{"waterway":"canal","name":null},"geometry":{"type":"LineString","coordinates":[[44.7398,39.8179],[44.7396,39.8177]]}},{"type":"Feature","properties":{"waterway":"canal","name":null},"geometry":{"type":"LineString","coordinates":[[44.7396,39.8183],[44.7398,39.818]]}},{"type":"Feature","properties":{"waterway":"canal","name":null},"geometry":{"type":"LineString","coordinates":[[44.7362,39.8215],[44.7396,39.8183]]}},{"type":"Feature","properties":{"waterway":"canal","name":null},"geometry":{"type":"LineString","coordinates":[[44.7385,39.8254],[44.7364,39.8215]]}},{"type":"Feature","properties":{"waterway":"canal","name":null},"geometry":{"type":"LineString","coordinates":[[44.7422,39.8166],[44.7398,39.818]]}},{"type":"Feature","properties":{"waterway":"canal","name":null},"geometry":{"type":"LineString","coordinates":[[44.7398,39.818],[44.7398,39.8179]]}},{"type":"Feature","properties":{"waterway":"canal","name":null},"geometry":{"type":"LineString","coordinates":[[43.9721,40.062],[43.9562,40.0659]]}},{"type":"Feature","properties":{"waterway":"canal","name":null},"geometry":{"type":"LineString","coordinates":[[43.9561,40.066],[43.9561,40.066]]}},{"type":"Feature","properties":{"waterway":"canal","name":null},"geometry":{"type":"LineString","coordinates":[[43.9562,40.0659],[43.9561,40.066]]}},{"type":"Feature","properties":{"waterway":"canal","name":null},"geometry":{"type":"LineString","coordinates":[[43.9723,40.0619],[43.9721,40.062]]}},{"type":"Feature","properties":{"waterway":"canal","name":null},"geometry":{"type":"LineString","coordinates":[[43.9723,40.0619],[43.9723,40.0619]]}},{"type":"Feature","properties":{"waterway":"river","name":"Ծավ"},"geometry":{"type":"LineString","coordinates":[[46.4547,39.05],[46.46,39.0519],[46.4705,39.0482],[46.4764,39.0494],[46.4916,39.0464],[46.5023,39.038],[46.502,39.0437],[46.5059,39.0475],[46.5344,39.062]]}},{"type":"Feature","properties":{"waterway":"river","name":"Ծավ"},"geometry":{"type":"LineString","coordinates":[[46.4545,39.05],[46.4547,39.05]]}},{"type":"Feature","properties":{"waterway":"canal","name":null},"geometry":{"type":"LineString","coordinates":[[44.4869,40.0372],[44.4853,40.0362]]}},{"type":"Feature","properties":{"waterway":"canal","name":null},"geometry":{"type":"LineString","coordinates":[[44.7048,39.9246],[44.6962,39.926],[44.6897,39.9219]]}},{"type":"Feature","properties":{"waterway":"canal","name":null},"geometry":{"type":"LineString","coordinates":[[44.7052,39.9244],[44.7109,39.9223]]}},{"type":"Feature","properties":{"waterway":"canal","name":null},"geometry":{"type":"LineString","coordinates":[[45.4932,39.686],[45.486,39.6829]]}},{"type":"Feature","properties":{"waterway":"canal","name":null},"geometry":{"type":"LineString","coordinates":[[45.4972,39.6843],[45.4941,39.686]]}},{"type":"Feature","properties":{"waterway":"canal","name":null},"geometry":{"type":"LineString","coordinates":[[45.4934,39.686],[45.4932,39.686]]}},{"type":"Feature","properties":{"waterway":"canal","name":null},"geometry":{"type":"LineString","coordinates":[[45.494,39.686],[45.4934,39.686]]}},{"type":"Feature","properties":{"waterway":"canal","name":null},"geometry":{"type":"LineString","coordinates":[[45.4941,39.686],[45.494,39.686]]}},{"type":"Feature","properties":{"waterway":"river","name":"Հելոիձոր"},"geometry":{"type":"LineString","coordinates":[[45.0519,40.3012],[45.0519,40.3013]]}},{"type":"Feature","properties":{"waterway":"river","name":"Հելոիձոր"},"geometry":{"type":"LineString","coordinates":[[45.0506,40.3005],[45.0519,40.3012]]}},{"type":"Feature","properties":{"waterway":"river","name":"Խաչաղբյուր"},"geometry":{"type":"LineString","coordinates":[[45.0337,40.8996],[45.0408,40.9025],[45.0529,40.9012],[45.0636,40.9035]]}},{"type":"Feature","properties":{"waterway":"canal","name":null},"geometry":{"type":"LineString","coordinates":[[45.0633,40.9034],[45.0635,40.9035]]}},{"type":"Feature","properties":{"waterway":"river","name":null},"geometry":{"type":"LineString","coordinates":[[45.0633,40.9033],[45.0634,40.9032]]}},{"type":"Feature","properties":{"waterway":"river","name":null},"geometry":{"type":"LineString","coordinates":[[45.0633,40.9033],[45.0633,40.9034]]}},{"type":"Feature","properties":{"waterway":"river","name":null},"geometry":{"type":"LineString","coordinates":[[45.0633,40.9034],[45.0633,40.9034]]}},{"type":"Feature","properties":{"waterway":"canal","name":null},"geometry":{"type":"LineString","coordinates":[[45.0635,40.9035],[45.0638,40.9038]]}},{"type":"Feature","properties":{"waterway":"canal","name":null},"geometry":{"type":"LineString","coordinates":[[45.0635,40.9035],[45.0638,40.9038]]}},{"type":"Feature","properties":{"waterway":"river","name":null},"geometry":{"type":"LineString","coordinates":[[45.0636,40.9033],[45.0636,40.9035]]}},{"type":"Feature","properties":{"waterway":"canal","name":null},"geometry":{"type":"LineString","coordinates":[[44.8007,40.7561],[44.8008,40.756]]}},{"type":"Feature","properties":{"waterway":"river","name":"Գետառ"},"geometry":{"type":"LineString","coordinates":[[44.5624,40.2138],[44.5616,40.2116]]}},{"type":"Feature","properties":{"waterway":"river","name":"Գետառ"},"geometry":{"type":"LineString","coordinates":[[44.5629,40.2141],[44.5624,40.2138]]}},{"type":"Feature","properties":{"waterway":"river","name":"Գետառ"},"geometry":{"type":"LineString","coordinates":[[44.5684,40.2164],[44.5659,40.2163]]}},{"type":"Feature","properties":{"waterway":"river","name":"Գետառ"},"geometry":{"type":"LineString","coordinates":[[44.5659,40.2163],[44.5658,40.2163]]}},{"type":"Feature","properties":{"waterway":"canal","name":"Գնդեվազյան"},"geometry":{"type":"LineString","coordinates":[[45.7581,39.8065],[45.7579,39.8059]]}},{"type":"Feature","properties":{"waterway":"canal","name":"Գնդեվազյան"},"geometry":{"type":"LineString","coordinates":[[45.7799,39.8151],[45.7581,39.8065]]}},{"type":"Feature","properties":{"waterway":"canal","name":"Գնդեվազյան"},"geometry":{"type":"LineString","coordinates":[[45.7394,39.7832],[45.7384,39.7827]]}},{"type":"Feature","properties":{"waterway":"canal","name":"Գնդեվազյան"},"geometry":{"type":"LineString","coordinates":[[45.7384,39.7827],[45.7241,39.7786]]}},{"type":"Feature","properties":{"waterway":"canal","name":"Գնդեվազյան"},"geometry":{"type":"LineString","coordinates":[[45.7241,39.7786],[45.7236,39.779]]}},{"type":"Feature","properties":{"waterway":"canal","name":"Գնդեվազյան"},"geometry":{"type":"LineString","coordinates":[[45.7579,39.8059],[45.7547,39.7967],[45.7394,39.7832]]}},{"type":"Feature","properties":{"waterway":"river","name":null},"geometry":{"type":"LineString","coordinates":[[45.817,39.6359],[45.817,39.6359]]}},{"type":"Feature","properties":{"waterway":"canal","name":null},"geometry":{"type":"LineString","coordinates":[[44.4558,40.0839],[44.4579,40.0827]]}},{"type":"Feature","properties":{"waterway":"canal","name":null},"geometry":{"type":"LineString","coordinates":[[44.4557,40.084],[44.4558,40.0839]]}},{"type":"Feature","properties":{"waterway":"river","name":"Ողջաբերդ"},"geometry":{"type":"LineString","coordinates":[[44.538,40.1432],[44.5345,40.1434]]}},{"type":"Feature","properties":{"waterway":"river","name":"Ողջաբերդ"},"geometry":{"type":"LineString","coordinates":[[44.5272,40.1499],[44.5141,40.1509]]}},{"type":"Feature","properties":{"waterway":"river","name":"Ողջաբերդ"},"geometry":{"type":"LineString","coordinates":[[44.5141,40.1509],[44.514,40.1509]]}},{"type":"Feature","properties":{"waterway":"river","name":"Ողջաբերդ"},"geometry":{"type":"LineString","coordinates":[[44.514,40.1509],[44.5096,40.1507]]}},{"type":"Feature","properties":{"waterway":"canal","name":null},"geometry":{"type":"LineString","coordinates":[[44.2538,40.2387],[44.253,40.238]]}},{"type":"Feature","properties":{"waterway":"canal","name":null},"geometry":{"type":"LineString","coordinates":[[44.255,40.2396],[44.2539,40.2387]]}},{"type":"Feature","properties":{"waterway":"canal","name":null},"geometry":{"type":"LineString","coordinates":[[44.5389,39.9863],[44.5379,39.9856]]}},{"type":"Feature","properties":{"waterway":"canal","name":null},"geometry":{"type":"LineString","coordinates":[[44.5399,39.9869],[44.539,39.9863]]}},{"type":"Feature","properties":{"waterway":"canal","name":null},"geometry":{"type":"LineString","coordinates":[[44.5409,39.9876],[44.54,39.987]]}},{"type":"Feature","properties":{"waterway":"canal","name":null},"geometry":{"type":"LineString","coordinates":[[44.5426,39.9887],[44.5409,39.9876]]}},{"type":"Feature","properties":{"waterway":"canal","name":null},"geometry":{"type":"LineString","coordinates":[[44.5476,39.9935],[44.5456,39.9907]]}},{"type":"Feature","properties":{"waterway":"canal","name":null},"geometry":{"type":"LineString","coordinates":[[44.5471,39.9941],[44.5444,39.9923]]}},{"type":"Feature","properties":{"waterway":"canal","name":null},"geometry":{"type":"LineString","coordinates":[[44.5443,39.9923],[44.5431,39.9915]]}},{"type":"Feature","properties":{"waterway":"canal","name":null},"geometry":{"type":"LineString","coordinates":[[44.5378,39.9856],[44.5368,39.9849]]}},{"type":"Feature","properties":{"waterway":"canal","name":null},"geometry":{"type":"LineString","coordinates":[[43.7757,40.941],[43.7758,40.9407]]}},{"type":"Feature","properties":{"waterway":"canal","name":null},"geometry":{"type":"LineString","coordinates":[[44.2521,40.2363],[44.2518,40.2357]]}},{"type":"Feature","properties":{"waterway":"canal","name":null},"geometry":{"type":"LineString","coordinates":[[44.253,40.2379],[44.2521,40.2364]]}},{"type":"Feature","properties":{"waterway":"canal","name":null},"geometry":{"type":"LineString","coordinates":[[44.2246,40.1997],[44.2233,40.1994]]}},{"type":"Feature","properties":{"waterway":"canal","name":null},"geometry":{"type":"LineString","coordinates":[[44.2233,40.1994],[44.2216,40.1987]]}},{"type":"Feature","properties":{"waterway":"canal","name":null},"geometry":{"type":"LineString","coordinates":[[44.2215,40.1987],[44.2187,40.1976]]}},{"type":"Feature","properties":{"waterway":"canal","name":null},"geometry":{"type":"LineString","coordinates":[[44.2186,40.1975],[44.2173,40.197]]}},{"type":"Feature","properties":{"waterway":"canal","name":null},"geometry":{"type":"LineString","coordinates":[[44.225,40.1999],[44.2247,40.1998]]}},{"type":"Feature","properties":{"waterway":"canal","name":null},"geometry":{"type":"LineString","coordinates":[[44.2246,40.1998],[44.2246,40.1989]]}},{"type":"Feature","properties":{"waterway":"canal","name":null},"geometry":{"type":"LineString","coordinates":[[44.2693,40.1739],[44.2687,40.1729]]}},{"type":"Feature","properties":{"waterway":"canal","name":null},"geometry":{"type":"LineString","coordinates":[[44.2728,40.1965],[44.2724,40.1913]]}},{"type":"Feature","properties":{"waterway":"canal","name":null},"geometry":{"type":"LineString","coordinates":[[44.2732,40.1985],[44.2728,40.1965]]}},{"type":"Feature","properties":{"waterway":"canal","name":null},"geometry":{"type":"LineString","coordinates":[[44.2728,40.1965],[44.2729,40.196]]}},{"type":"Feature","properties":{"waterway":"canal","name":null},"geometry":{"type":"LineString","coordinates":[[44.2735,40.2001],[44.2732,40.1986]]}},{"type":"Feature","properties":{"waterway":"canal","name":null},"geometry":{"type":"LineString","coordinates":[[44.2732,40.1986],[44.2732,40.1985]]}},{"type":"Feature","properties":{"waterway":"canal","name":null},"geometry":{"type":"LineString","coordinates":[[44.2741,40.2028],[44.2736,40.2002]]}},{"type":"Feature","properties":{"waterway":"canal","name":null},"geometry":{"type":"LineString","coordinates":[[44.2736,40.2002],[44.2735,40.2001]]}},{"type":"Feature","properties":{"waterway":"canal","name":null},"geometry":{"type":"LineString","coordinates":[[44.2741,40.2029],[44.2741,40.2028]]}},{"type":"Feature","properties":{"waterway":"canal","name":null},"geometry":{"type":"LineString","coordinates":[[44.2796,40.2186],[44.2787,40.2164]]}},{"type":"Feature","properties":{"waterway":"canal","name":null},"geometry":{"type":"LineString","coordinates":[[44.2787,40.2164],[44.2787,40.2159]]}},{"type":"Feature","properties":{"waterway":"canal","name":null},"geometry":{"type":"LineString","coordinates":[[44.2885,40.2186],[44.2896,40.2153]]}},{"type":"Feature","properties":{"waterway":"canal","name":null},"geometry":{"type":"LineString","coordinates":[[44.2885,40.2188],[44.2885,40.2187]]}},{"type":"Feature","properties":{"waterway":"canal","name":null},"geometry":{"type":"LineString","coordinates":[[44.2885,40.2187],[44.2885,40.2186]]}},{"type":"Feature","properties":{"waterway":"canal","name":null},"geometry":{"type":"LineString","coordinates":[[44.2828,40.2387],[44.2828,40.2385]]}},{"type":"Feature","properties":{"waterway":"canal","name":null},"geometry":{"type":"LineString","coordinates":[[44.2692,40.2427],[44.2662,40.2417]]}},{"type":"Feature","properties":{"waterway":"canal","name":null},"geometry":{"type":"LineString","coordinates":[[44.2663,40.2427],[44.2659,40.2415]]}},{"type":"Feature","properties":{"waterway":"canal","name":null},"geometry":{"type":"LineString","coordinates":[[44.2664,40.2436],[44.2663,40.2427]]}},{"type":"Feature","properties":{"waterway":"canal","name":null},"geometry":{"type":"LineString","coordinates":[[44.2652,40.2485],[44.2664,40.2437]]}},{"type":"Feature","properties":{"waterway":"canal","name":null},"geometry":{"type":"LineString","coordinates":[[44.2688,40.2464],[44.2691,40.245]]}},{"type":"Feature","properties":{"waterway":"canal","name":null},"geometry":{"type":"LineString","coordinates":[[44.2693,40.244],[44.2692,40.2428]]}},{"type":"Feature","properties":{"waterway":"canal","name":null},"geometry":{"type":"LineString","coordinates":[[44.2692,40.245],[44.2693,40.244]]}},{"type":"Feature","properties":{"waterway":"canal","name":null},"geometry":{"type":"LineString","coordinates":[[44.2725,40.2366],[44.2722,40.2331]]}},{"type":"Feature","properties":{"waterway":"canal","name":null},"geometry":{"type":"LineString","coordinates":[[44.2687,40.2352],[44.2656,40.2341]]}},{"type":"Feature","properties":{"waterway":"canal","name":null},"geometry":{"type":"LineString","coordinates":[[44.2349,40.1775],[44.2344,40.1765]]}},{"type":"Feature","properties":{"waterway":"canal","name":null},"geometry":{"type":"LineString","coordinates":[[44.2344,40.1764],[44.2342,40.1758]]}},{"type":"Feature","properties":{"waterway":"canal","name":null},"geometry":{"type":"LineString","coordinates":[[44.2344,40.1765],[44.2344,40.1764]]}},{"type":"Feature","properties":{"waterway":"canal","name":null},"geometry":{"type":"LineString","coordinates":[[44.238,40.191],[44.2367,40.1884]]}},{"type":"Feature","properties":{"waterway":"canal","name":null},"geometry":{"type":"LineString","coordinates":[[44.2366,40.1884],[44.2355,40.1861]]}},{"type":"Feature","properties":{"waterway":"canal","name":null},"geometry":{"type":"LineString","coordinates":[[44.2367,40.1884],[44.2366,40.1884]]}},{"type":"Feature","properties":{"waterway":"canal","name":null},"geometry":{"type":"LineString","coordinates":[[44.2387,40.1924],[44.2381,40.1911]]}},{"type":"Feature","properties":{"waterway":"canal","name":null},"geometry":{"type":"LineString","coordinates":[[44.2381,40.1911],[44.238,40.191]]}},{"type":"Feature","properties":{"waterway":"canal","name":null},"geometry":{"type":"LineString","coordinates":[[44.2418,40.1981],[44.2389,40.1927]]}},{"type":"Feature","properties":{"waterway":"canal","name":null},"geometry":{"type":"LineString","coordinates":[[44.2389,40.1927],[44.2387,40.1924]]}},{"type":"Feature","properties":{"waterway":"canal","name":null},"geometry":{"type":"LineString","coordinates":[[44.2451,40.2045],[44.2418,40.1982]]}},{"type":"Feature","properties":{"waterway":"canal","name":null},"geometry":{"type":"LineString","coordinates":[[44.2418,40.1982],[44.2418,40.1981]]}},{"type":"Feature","properties":{"waterway":"canal","name":null},"geometry":{"type":"LineString","coordinates":[[44.2452,40.2045],[44.2451,40.2045]]}},{"type":"Feature","properties":{"waterway":"canal","name":null},"geometry":{"type":"LineString","coordinates":[[44.2451,40.2045],[44.2377,40.2037],[44.2337,40.1974]]}},{"type":"Feature","properties":{"waterway":"canal","name":null},"geometry":{"type":"LineString","coordinates":[[44.472,40.1103],[44.4719,40.1101]]}},{"type":"Feature","properties":{"waterway":"canal","name":null},"geometry":{"type":"LineString","coordinates":[[44.2611,40.1826],[44.2609,40.1822]]}},{"type":"Feature","properties":{"waterway":"canal","name":null},"geometry":{"type":"LineString","coordinates":[[44.2608,40.1821],[44.2606,40.1817]]}},{"type":"Feature","properties":{"waterway":"canal","name":null},"geometry":{"type":"LineString","coordinates":[[44.2606,40.1817],[44.2581,40.1774]]}},{"type":"Feature","properties":{"waterway":"canal","name":null},"geometry":{"type":"LineString","coordinates":[[44.2581,40.1773],[44.2574,40.1761]]}},{"type":"Feature","properties":{"waterway":"canal","name":null},"geometry":{"type":"LineString","coordinates":[[44.2576,40.1764],[44.2571,40.1753]]}},{"type":"Feature","properties":{"waterway":"canal","name":null},"geometry":{"type":"LineString","coordinates":[[44.2571,40.1753],[44.257,40.1752]]}},{"type":"Feature","properties":{"waterway":"canal","name":null},"geometry":{"type":"LineString","coordinates":[[44.257,40.1752],[44.2563,40.174]]}},{"type":"Feature","properties":{"waterway":"canal","name":null},"geometry":{"type":"LineString","coordinates":[[44.2563,40.174],[44.2563,40.1739]]}},{"type":"Feature","properties":{"waterway":"canal","name":null},"geometry":{"type":"LineString","coordinates":[[44.2518,40.1666],[44.2515,40.1661]]}},{"type":"Feature","properties":{"waterway":"canal","name":null},"geometry":{"type":"LineString","coordinates":[[44.2515,40.1661],[44.2508,40.1653]]}},{"type":"Feature","properties":{"waterway":"canal","name":null},"geometry":{"type":"LineString","coordinates":[[44.2527,40.1682],[44.2519,40.1667]]}},{"type":"Feature","properties":{"waterway":"canal","name":null},"geometry":{"type":"LineString","coordinates":[[44.2543,40.1708],[44.2528,40.1683]]}},{"type":"Feature","properties":{"waterway":"canal","name":null},"geometry":{"type":"LineString","coordinates":[[44.2556,40.173],[44.2543,40.1709]]}},{"type":"Feature","properties":{"waterway":"canal","name":null},"geometry":{"type":"LineString","coordinates":[[44.2573,40.1761],[44.2556,40.1731]]}},{"type":"Feature","properties":{"waterway":"canal","name":null},"geometry":{"type":"LineString","coordinates":[[44.2549,40.1855],[44.2541,40.1856]]}},{"type":"Feature","properties":{"waterway":"canal","name":null},"geometry":{"type":"LineString","coordinates":[[44.254,40.1856],[44.2532,40.1856]]}},{"type":"Feature","properties":{"waterway":"canal","name":"Կոտայքի ջրանցք"},"geometry":{"type":"LineString","coordinates":[[44.6338,40.3374],[44.6373,40.3333]]}},{"type":"Feature","properties":{"waterway":"canal","name":"Կոտայքի ջրանցք"},"geometry":{"type":"LineString","coordinates":[[44.6373,40.3333],[44.6379,40.3327]]}},{"type":"Feature","properties":{"waterway":"canal","name":"Կոտայքի ջրանցք"},"geometry":{"type":"LineString","coordinates":[[44.6379,40.3327],[44.639,40.3318]]}},{"type":"Feature","properties":{"waterway":"canal","name":"Կոտայքի ջրանցք"},"geometry":{"type":"LineString","coordinates":[[44.639,40.3318],[44.6393,40.3312]]}},{"type":"Feature","properties":{"waterway":"canal","name":"Կոտայքի ջրանցք"},"geometry":{"type":"LineString","coordinates":[[44.6393,40.3312],[44.6449,40.3291]]}},{"type":"Feature","properties":{"waterway":"canal","name":"Կոտայքի ջրանցք"},"geometry":{"type":"LineString","coordinates":[[44.6449,40.3291],[44.6453,40.328]]}},{"type":"Feature","properties":{"waterway":"canal","name":null},"geometry":{"type":"LineString","coordinates":[[44.6395,39.9221],[44.6413,39.9212]]}},{"type":"Feature","properties":{"waterway":"canal","name":null},"geometry":{"type":"LineString","coordinates":[[44.6374,39.9233],[44.6391,39.9218]]}},{"type":"Feature","properties":{"waterway":"canal","name":null},"geometry":{"type":"LineString","coordinates":[[44.6403,39.923],[44.6395,39.9221]]}},{"type":"Feature","properties":{"waterway":"canal","name":null},"geometry":{"type":"LineString","coordinates":[[44.6192,39.9287],[44.6254,39.9232]]}},{"type":"Feature","properties":{"waterway":"canal","name":null},"geometry":{"type":"LineString","coordinates":[[44.2478,40.1879],[44.245,40.1852]]}},{"type":"Feature","properties":{"waterway":"canal","name":null},"geometry":{"type":"LineString","coordinates":[[44.2487,40.1886],[44.2479,40.1879]]}},{"type":"Feature","properties":{"waterway":"canal","name":null},"geometry":{"type":"LineString","coordinates":[[44.2455,40.1819],[44.2448,40.1803]]}},{"type":"Feature","properties":{"waterway":"canal","name":null},"geometry":{"type":"LineString","coordinates":[[44.2458,40.1915],[44.245,40.1904]]}},{"type":"Feature","properties":{"waterway":"canal","name":null},"geometry":{"type":"LineString","coordinates":[[44.2484,40.1953],[44.2466,40.1927]]}},{"type":"Feature","properties":{"waterway":"canal","name":null},"geometry":{"type":"LineString","coordinates":[[44.2466,40.1927],[44.2458,40.1915]]}},{"type":"Feature","properties":{"waterway":"canal","name":null},"geometry":{"type":"LineString","coordinates":[[44.2502,40.1977],[44.2484,40.1953]]}},{"type":"Feature","properties":{"waterway":"canal","name":null},"geometry":{"type":"LineString","coordinates":[[44.2527,40.2006],[44.2504,40.1979]]}},{"type":"Feature","properties":{"waterway":"canal","name":null},"geometry":{"type":"LineString","coordinates":[[44.2551,40.2034],[44.2527,40.2007]]}},{"type":"Feature","properties":{"waterway":"canal","name":null},"geometry":{"type":"LineString","coordinates":[[44.2536,40.198],[44.2524,40.1966]]}},{"type":"Feature","properties":{"waterway":"canal","name":null},"geometry":{"type":"LineString","coordinates":[[44.2537,40.198],[44.251,40.1949]]}},{"type":"Feature","properties":{"waterway":"canal","name":null},"geometry":{"type":"LineString","coordinates":[[44.2524,40.1966],[44.2513,40.1953]]}},{"type":"Feature","properties":{"waterway":"canal","name":null},"geometry":{"type":"LineString","coordinates":[[44.2512,40.1953],[44.2504,40.1944]]}},{"type":"Feature","properties":{"waterway":"canal","name":null},"geometry":{"type":"LineString","coordinates":[[44.2509,40.1948],[44.2501,40.1939]]}},{"type":"Feature","properties":{"waterway":"canal","name":null},"geometry":{"type":"LineString","coordinates":[[44.2503,40.1943],[44.2486,40.1923]]}},{"type":"Feature","properties":{"waterway":"canal","name":null},"geometry":{"type":"LineString","coordinates":[[44.2486,40.1923],[44.2478,40.1914]]}},{"type":"Feature","properties":{"waterway":"canal","name":null},"geometry":{"type":"LineString","coordinates":[[44.2494,40.193],[44.2487,40.1923]]}},{"type":"Feature","properties":{"waterway":"canal","name":null},"geometry":{"type":"LineString","coordinates":[[44.2487,40.1922],[44.2479,40.1913]]}},{"type":"Feature","properties":{"waterway":"canal","name":null},"geometry":{"type":"LineString","coordinates":[[44.2478,40.1914],[44.2471,40.1906]]}},{"type":"Feature","properties":{"waterway":"canal","name":null},"geometry":{"type":"LineString","coordinates":[[44.247,40.1905],[44.2467,40.1901]]}},{"type":"Feature","properties":{"waterway":"canal","name":null},"geometry":{"type":"LineString","coordinates":[[44.2471,40.1904],[44.2487,40.1886]]}},{"type":"Feature","properties":{"waterway":"canal","name":null},"geometry":{"type":"LineString","coordinates":[[44.2478,40.1912],[44.2471,40.1904]]}},{"type":"Feature","properties":{"waterway":"canal","name":null},"geometry":{"type":"LineString","coordinates":[[44.2501,40.1938],[44.2494,40.1931]]}},{"type":"Feature","properties":{"waterway":"canal","name":null},"geometry":{"type":"LineString","coordinates":[[44.2581,40.2031],[44.2537,40.1981]]}},{"type":"Feature","properties":{"waterway":"canal","name":null},"geometry":{"type":"LineString","coordinates":[[44.2582,40.203],[44.2537,40.198]]}},{"type":"Feature","properties":{"waterway":"canal","name":null},"geometry":{"type":"LineString","coordinates":[[44.224,40.1741],[44.2235,40.1732]]}},{"type":"Feature","properties":{"waterway":"canal","name":null},"geometry":{"type":"LineString","coordinates":[[44.2174,40.1613],[44.2199,40.1599]]}},{"type":"Feature","properties":{"waterway":"canal","name":null},"geometry":{"type":"LineString","coordinates":[[44.2139,40.1613],[44.2173,40.1613]]}},{"type":"Feature","properties":{"waterway":"canal","name":null},"geometry":{"type":"LineString","coordinates":[[44.2115,40.1592],[44.2107,40.1583]]}},{"type":"Feature","properties":{"waterway":"canal","name":null},"geometry":{"type":"LineString","coordinates":[[44.2126,40.1602],[44.2116,40.1593]]}},{"type":"Feature","properties":{"waterway":"canal","name":null},"geometry":{"type":"LineString","coordinates":[[44.2132,40.1608],[44.2126,40.1602]]}},{"type":"Feature","properties":{"waterway":"canal","name":null},"geometry":{"type":"LineString","coordinates":[[44.5546,40.0348],[44.5525,40.0272]]}},{"type":"Feature","properties":{"waterway":"canal","name":null},"geometry":{"type":"LineString","coordinates":[[44.5537,40.0354],[44.5513,40.0294]]}},{"type":"Feature","properties":{"waterway":"canal","name":null},"geometry":{"type":"LineString","coordinates":[[44.2852,40.2963],[44.2852,40.2962]]}},{"type":"Feature","properties":{"waterway":"canal","name":null},"geometry":{"type":"LineString","coordinates":[[44.2852,40.2963],[44.2862,40.2962]]}},{"type":"Feature","properties":{"waterway":"canal","name":null},"geometry":{"type":"LineString","coordinates":[[44.2302,40.1243],[44.2295,40.1243]]}},{"type":"Feature","properties":{"waterway":"canal","name":null},"geometry":{"type":"LineString","coordinates":[[44.2295,40.1243],[44.2292,40.1243]]}},{"type":"Feature","properties":{"waterway":"canal","name":null},"geometry":{"type":"LineString","coordinates":[[44.2303,40.1369],[44.229,40.1337]]}},{"type":"Feature","properties":{"waterway":"canal","name":null},"geometry":{"type":"LineString","coordinates":[[44.2432,40.1265],[44.2409,40.1258]]}},{"type":"Feature","properties":{"waterway":"canal","name":null},"geometry":{"type":"LineString","coordinates":[[44.2375,40.1265],[44.2377,40.1238]]}},{"type":"Feature","properties":{"waterway":"canal","name":null},"geometry":{"type":"LineString","coordinates":[[44.2377,40.1238],[44.2377,40.1237]]}},{"type":"Feature","properties":{"waterway":"canal","name":null},"geometry":{"type":"LineString","coordinates":[[44.2362,40.122],[44.2362,40.1199]]}},{"type":"Feature","properties":{"waterway":"canal","name":null},"geometry":{"type":"LineString","coordinates":[[44.2362,40.122],[44.2362,40.122]]}},{"type":"Feature","properties":{"waterway":"canal","name":null},"geometry":{"type":"LineString","coordinates":[[44.2435,40.1245],[44.2407,40.1231]]}},{"type":"Feature","properties":{"waterway":"canal","name":null},"geometry":{"type":"LineString","coordinates":[[44.2438,40.1229],[44.2433,40.1206]]}},{"type":"Feature","properties":{"waterway":"river","name":"Հովաջուր"},"geometry":{"type":"LineString","coordinates":[[44.8664,40.7328],[44.8655,40.7392]]}},{"type":"Feature","properties":{"waterway":"river","name":"Հովաջուր"},"geometry":{"type":"LineString","coordinates":[[44.8665,40.7328],[44.8664,40.7328]]}},{"type":"Feature","properties":{"waterway":"canal","name":"Սիսիանի ջրանցք"},"geometry":{"type":"LineString","coordinates":[[45.8573,39.694],[45.8598,39.6913],[45.8669,39.6914],[45.87,39.6891]]}},{"type":"Feature","properties":{"waterway":"canal","name":"Սիսիանի ջրանցք"},"geometry":{"type":"LineString","coordinates":[[45.87,39.6891],[45.87,39.689]]}},{"type":"Feature","properties":{"waterway":"canal","name":null},"geometry":{"type":"LineString","coordinates":[[44.2332,40.1804],[44.2325,40.1794]]}},{"type":"Feature","properties":{"waterway":"canal","name":null},"geometry":{"type":"LineString","coordinates":[[44.2338,40.1815],[44.2332,40.1805]]}},{"type":"Feature","properties":{"waterway":"canal","name":null},"geometry":{"type":"LineString","coordinates":[[44.2343,40.1825],[44.2338,40.1816]]}},{"type":"Feature","properties":{"waterway":"canal","name":null},"geometry":{"type":"LineString","coordinates":[[44.2346,40.1831],[44.2344,40.1826]]}},{"type":"Feature","properties":{"waterway":"canal","name":null},"geometry":{"type":"LineString","coordinates":[[44.226,40.1852],[44.2248,40.1849]]}},{"type":"Feature","properties":{"waterway":"canal","name":null},"geometry":{"type":"LineString","coordinates":[[44.2248,40.1849],[44.2232,40.1844]]}},{"type":"Feature","properties":{"waterway":"canal","name":null},"geometry":{"type":"LineString","coordinates":[[44.2231,40.1844],[44.2219,40.1841]]}},{"type":"Feature","properties":{"waterway":"canal","name":null},"geometry":{"type":"LineString","coordinates":[[44.2218,40.1841],[44.2128,40.1815]]}},{"type":"Feature","properties":{"waterway":"canal","name":null},"geometry":{"type":"LineString","coordinates":[[44.2644,40.1903],[44.2633,40.1901]]}},{"type":"Feature","properties":{"waterway":"canal","name":null},"geometry":{"type":"LineString","coordinates":[[44.2673,40.1909],[44.2692,40.1914]]}},{"type":"Feature","properties":{"waterway":"canal","name":null},"geometry":{"type":"LineString","coordinates":[[44.2686,40.1872],[44.2679,40.1866]]}},{"type":"Feature","properties":{"waterway":"canal","name":null},"geometry":{"type":"LineString","coordinates":[[44.2662,40.1832],[44.265,40.1837]]}},{"type":"Feature","properties":{"waterway":"canal","name":null},"geometry":{"type":"LineString","coordinates":[[44.2662,40.1831],[44.2666,40.1826]]}},{"type":"Feature","properties":{"waterway":"canal","name":null},"geometry":{"type":"LineString","coordinates":[[44.2698,40.175],[44.2693,40.174]]}},{"type":"Feature","properties":{"waterway":"canal","name":null},"geometry":{"type":"LineString","coordinates":[[44.3791,40.2599],[44.3708,40.2561]]}},{"type":"Feature","properties":{"waterway":"canal","name":null},"geometry":{"type":"LineString","coordinates":[[44.3708,40.256],[44.369,40.2527]]}},{"type":"Feature","properties":{"waterway":"canal","name":null},"geometry":{"type":"LineString","coordinates":[[44.3708,40.2561],[44.3708,40.256]]}},{"type":"Feature","properties":{"waterway":"canal","name":null},"geometry":{"type":"LineString","coordinates":[[44.3791,40.2599],[44.3791,40.2599]]}},{"type":"Feature","properties":{"waterway":"canal","name":null},"geometry":{"type":"LineString","coordinates":[[44.3792,40.26],[44.3791,40.2599]]}},{"type":"Feature","properties":{"waterway":"canal","name":null},"geometry":{"type":"LineString","coordinates":[[43.893,40.1731],[43.8962,40.1735]]}},{"type":"Feature","properties":{"waterway":"canal","name":null},"geometry":{"type":"LineString","coordinates":[[43.8929,40.1731],[43.893,40.1731]]}},{"type":"Feature","properties":{"waterway":"canal","name":null},"geometry":{"type":"LineString","coordinates":[[44.2473,40.1812],[44.2445,40.1747]]}},{"type":"Feature","properties":{"waterway":"canal","name":null},"geometry":{"type":"LineString","coordinates":[[44.2477,40.1812],[44.2513,40.1798]]}},{"type":"Feature","properties":{"waterway":"canal","name":null},"geometry":{"type":"LineString","coordinates":[[44.2354,40.1782],[44.235,40.1775]]}},{"type":"Feature","properties":{"waterway":"canal","name":null},"geometry":{"type":"LineString","coordinates":[[44.2304,40.1761],[44.2298,40.1757]]}},{"type":"Feature","properties":{"waterway":"canal","name":null},"geometry":{"type":"LineString","coordinates":[[44.2309,40.1766],[44.2305,40.1762]]}},{"type":"Feature","properties":{"waterway":"canal","name":null},"geometry":{"type":"LineString","coordinates":[[44.2312,40.177],[44.2312,40.1769]]}},{"type":"Feature","properties":{"waterway":"canal","name":null},"geometry":{"type":"LineString","coordinates":[[44.2311,40.1768],[44.231,40.1767]]}},{"type":"Feature","properties":{"waterway":"canal","name":null},"geometry":{"type":"LineString","coordinates":[[44.2314,40.1774],[44.2313,40.1771]]}},{"type":"Feature","properties":{"waterway":"canal","name":null},"geometry":{"type":"LineString","coordinates":[[44.2318,40.1781],[44.2315,40.1774]]}},{"type":"Feature","properties":{"waterway":"river","name":"Հովաջուր"},"geometry":{"type":"LineString","coordinates":[[44.8525,40.7154],[44.8519,40.7222],[44.8667,40.7253],[44.8665,40.7328]]}},{"type":"Feature","properties":{"waterway":"river","name":"Հովաջուր"},"geometry":{"type":"LineString","coordinates":[[44.8525,40.7153],[44.8525,40.7154]]}},{"type":"Feature","properties":{"waterway":"river","name":"Հովաջուր"},"geometry":{"type":"LineString","coordinates":[[44.8515,40.7122],[44.8525,40.7153]]}},{"type":"Feature","properties":{"waterway":"river","name":"Հովաջուր"},"geometry":{"type":"LineString","coordinates":[[44.8514,40.712],[44.8515,40.7122]]}},{"type":"Feature","properties":{"waterway":"canal","name":null},"geometry":{"type":"LineString","coordinates":[[44.2245,40.175],[44.2241,40.1743]]}},{"type":"Feature","properties":{"waterway":"canal","name":null},"geometry":{"type":"LineString","coordinates":[[44.225,40.1759],[44.2246,40.1751]]}},{"type":"Feature","properties":{"waterway":"canal","name":null},"geometry":{"type":"LineString","coordinates":[[44.2256,40.177],[44.2251,40.176]]}},{"type":"Feature","properties":{"waterway":"canal","name":null},"geometry":{"type":"LineString","coordinates":[[44.2261,40.1779],[44.2256,40.177]]}},{"type":"Feature","properties":{"waterway":"canal","name":null},"geometry":{"type":"LineString","coordinates":[[44.0122,40.3447],[44.009,40.3441]]}},{"type":"Feature","properties":{"waterway":"canal","name":null},"geometry":{"type":"LineString","coordinates":[[44.3691,40.2755],[44.366,40.2745]]}},{"type":"Feature","properties":{"waterway":"canal","name":null},"geometry":{"type":"LineString","coordinates":[[44.366,40.2745],[44.3659,40.2745]]}},{"type":"Feature","properties":{"waterway":"canal","name":null},"geometry":{"type":"LineString","coordinates":[[44.3691,40.2755],[44.3676,40.2742]]}},{"type":"Feature","properties":{"waterway":"canal","name":null},"geometry":{"type":"LineString","coordinates":[[44.3676,40.2742],[44.3675,40.2742]]}},{"type":"Feature","properties":{"waterway":"canal","name":null},"geometry":{"type":"LineString","coordinates":[[44.3625,40.2728],[44.3592,40.2718]]}},{"type":"Feature","properties":{"waterway":"canal","name":null},"geometry":{"type":"LineString","coordinates":[[44.3626,40.2728],[44.3625,40.2728]]}},{"type":"Feature","properties":{"waterway":"canal","name":null},"geometry":{"type":"LineString","coordinates":[[44.3806,40.2768],[44.3783,40.2776]]}},{"type":"Feature","properties":{"waterway":"canal","name":null},"geometry":{"type":"LineString","coordinates":[[44.3807,40.2768],[44.3818,40.2747],[44.3784,40.2705],[44.3718,40.2712]]}},{"type":"Feature","properties":{"waterway":"canal","name":null},"geometry":{"type":"LineString","coordinates":[[44.385,40.2645],[44.3816,40.262]]}},{"type":"Feature","properties":{"waterway":"canal","name":null},"geometry":{"type":"LineString","coordinates":[[44.387,40.2658],[44.3851,40.2646]]}},{"type":"Feature","properties":{"waterway":"canal","name":null},"geometry":{"type":"LineString","coordinates":[[44.3851,40.2646],[44.385,40.2645]]}},{"type":"Feature","properties":{"waterway":"canal","name":"Արզնի ջրանցք"},"geometry":{"type":"LineString","coordinates":[[44.3995,40.2666],[44.396,40.2607],[44.3875,40.2557]]}},{"type":"Feature","properties":{"waterway":"canal","name":"Արզնի ջրանցք"},"geometry":{"type":"LineString","coordinates":[[44.3875,40.2557],[44.3874,40.2556]]}},{"type":"Feature","properties":{"waterway":"canal","name":null},"geometry":{"type":"LineString","coordinates":[[44.2384,40.171],[44.2379,40.1697]]}},{"type":"Feature","properties":{"waterway":"canal","name":null},"geometry":{"type":"LineString","coordinates":[[44.2393,40.1731],[44.2385,40.171]]}},{"type":"Feature","properties":{"waterway":"canal","name":null},"geometry":{"type":"LineString","coordinates":[[44.2379,40.1696],[44.2368,40.167]]}},{"type":"Feature","properties":{"waterway":"canal","name":null},"geometry":{"type":"LineString","coordinates":[[44.2367,40.1669],[44.2359,40.1648]]}},{"type":"Feature","properties":{"waterway":"canal","name":null},"geometry":{"type":"LineString","coordinates":[[44.2358,40.1648],[44.2349,40.1626]]}},{"type":"Feature","properties":{"waterway":"canal","name":null},"geometry":{"type":"LineString","coordinates":[[44.2351,40.1712],[44.2331,40.1664]]}},{"type":"Feature","properties":{"waterway":"canal","name":null},"geometry":{"type":"LineString","coordinates":[[44.2331,40.1662],[44.2322,40.1642]]}},{"type":"Feature","properties":{"waterway":"canal","name":null},"geometry":{"type":"LineString","coordinates":[[44.2635,40.0627],[44.2472,40.0649]]}},{"type":"Feature","properties":{"waterway":"canal","name":null},"geometry":{"type":"LineString","coordinates":[[44.277,40.0859],[44.2765,40.0869]]}},{"type":"Feature","properties":{"waterway":"canal","name":null},"geometry":{"type":"LineString","coordinates":[[44.2764,40.087],[44.2758,40.0873]]}},{"type":"Feature","properties":{"waterway":"canal","name":null},"geometry":{"type":"LineString","coordinates":[[44.2757,40.0874],[44.2749,40.0885]]}},{"type":"Feature","properties":{"waterway":"canal","name":null},"geometry":{"type":"LineString","coordinates":[[44.275,40.0886],[44.2755,40.0895]]}},{"type":"Feature","properties":{"waterway":"canal","name":null},"geometry":{"type":"LineString","coordinates":[[44.2127,40.0957],[44.2126,40.0952]]}},{"type":"Feature","properties":{"waterway":"canal","name":null},"geometry":{"type":"LineString","coordinates":[[44.229,40.0891],[44.2283,40.0886]]}},{"type":"Feature","properties":{"waterway":"canal","name":null},"geometry":{"type":"LineString","coordinates":[[44.1053,40.127],[44.1057,40.1279]]}},{"type":"Feature","properties":{"waterway":"canal","name":null},"geometry":{"type":"LineString","coordinates":[[44.1053,40.1269],[44.1053,40.127]]}},{"type":"Feature","properties":{"waterway":"canal","name":null},"geometry":{"type":"LineString","coordinates":[[44.1026,40.1361],[44.1084,40.1353]]}},{"type":"Feature","properties":{"waterway":"canal","name":null},"geometry":{"type":"LineString","coordinates":[[44.1025,40.1361],[44.1026,40.1361]]}},{"type":"Feature","properties":{"waterway":"canal","name":"Սելիվ֊Մաստարա կանալ"},"geometry":{"type":"LineString","coordinates":[[44.1024,40.1354],[44.1328,40.139],[44.1509,40.1341]]}},{"type":"Feature","properties":{"waterway":"canal","name":"Սելիվ֊Մաստարա կանալ"},"geometry":{"type":"LineString","coordinates":[[44.1023,40.1355],[44.1024,40.1354]]}},{"type":"Feature","properties":{"waterway":"canal","name":null},"geometry":{"type":"LineString","coordinates":[[44.272,40.2285],[44.2706,40.2283]]}},{"type":"Feature","properties":{"waterway":"canal","name":null},"geometry":{"type":"LineString","coordinates":[[44.2765,40.224],[44.275,40.2248]]}},{"type":"Feature","properties":{"waterway":"canal","name":null},"geometry":{"type":"LineString","coordinates":[[44.2764,40.2239],[44.2761,40.222]]}},{"type":"Feature","properties":{"waterway":"canal","name":null},"geometry":{"type":"LineString","coordinates":[[44.2123,40.0955],[44.2115,40.0948]]}},{"type":"Feature","properties":{"waterway":"canal","name":null},"geometry":{"type":"LineString","coordinates":[[44.2125,40.0958],[44.2124,40.0956]]}},{"type":"Feature","properties":{"waterway":"canal","name":null},"geometry":{"type":"LineString","coordinates":[[44.2124,40.0956],[44.2123,40.0955]]}},{"type":"Feature","properties":{"waterway":"canal","name":null},"geometry":{"type":"LineString","coordinates":[[44.2539,40.1855],[44.2551,40.1852]]}},{"type":"Feature","properties":{"waterway":"canal","name":null},"geometry":{"type":"LineString","coordinates":[[44.105,40.1155],[44.0967,40.1069]]}},{"type":"Feature","properties":{"waterway":"canal","name":null},"geometry":{"type":"LineString","coordinates":[[44.0893,40.1013],[44.081,40.1012]]}},{"type":"Feature","properties":{"waterway":"canal","name":null},"geometry":{"type":"LineString","coordinates":[[44.0895,40.1013],[44.0893,40.1013]]}},{"type":"Feature","properties":{"waterway":"canal","name":null},"geometry":{"type":"LineString","coordinates":[[44.0932,40.1041],[44.0895,40.1013]]}},{"type":"Feature","properties":{"waterway":"canal","name":null},"geometry":{"type":"LineString","coordinates":[[44.0932,40.1042],[44.0932,40.1041]]}},{"type":"Feature","properties":{"waterway":"canal","name":null},"geometry":{"type":"LineString","coordinates":[[44.0945,40.1052],[44.0932,40.1042]]}},{"type":"Feature","properties":{"waterway":"canal","name":null},"geometry":{"type":"LineString","coordinates":[[44.0945,40.1052],[44.0945,40.1052]]}},{"type":"Feature","properties":{"waterway":"canal","name":null},"geometry":{"type":"LineString","coordinates":[[44.0955,40.1059],[44.0945,40.1052]]}},{"type":"Feature","properties":{"waterway":"canal","name":null},"geometry":{"type":"LineString","coordinates":[[44.0956,40.1059],[44.0955,40.1059]]}},{"type":"Feature","properties":{"waterway":"canal","name":null},"geometry":{"type":"LineString","coordinates":[[44.0967,40.1068],[44.0956,40.1059]]}},{"type":"Feature","properties":{"waterway":"canal","name":null},"geometry":{"type":"LineString","coordinates":[[44.0967,40.1069],[44.0967,40.1068]]}},{"type":"Feature","properties":{"waterway":"canal","name":null},"geometry":{"type":"LineString","coordinates":[[44.1108,40.1213],[44.1069,40.1174]]}},{"type":"Feature","properties":{"waterway":"canal","name":null},"geometry":{"type":"LineString","coordinates":[[44.105,40.1155],[44.105,40.1155]]}},{"type":"Feature","properties":{"waterway":"canal","name":null},"geometry":{"type":"LineString","coordinates":[[44.1068,40.1173],[44.105,40.1155]]}},{"type":"Feature","properties":{"waterway":"canal","name":null},"geometry":{"type":"LineString","coordinates":[[44.1069,40.1174],[44.1068,40.1173]]}},{"type":"Feature","properties":{"waterway":"canal","name":null},"geometry":{"type":"LineString","coordinates":[[44.2405,40.2049],[44.2335,40.1976]]}},{"type":"Feature","properties":{"waterway":"river","name":null},"geometry":{"type":"LineString","coordinates":[[44.2202,40.0649],[44.219,40.066]]}},{"type":"Feature","properties":{"waterway":"river","name":null},"geometry":{"type":"LineString","coordinates":[[44.219,40.066],[44.2189,40.0661]]}},{"type":"Feature","properties":{"waterway":"canal","name":"Արտաշատի ջրանցք"},"geometry":{"type":"LineString","coordinates":[[44.501,40.1749],[44.5027,40.1709]]}},{"type":"Feature","properties":{"waterway":"canal","name":"Արտաշատի ջրանցք"},"geometry":{"type":"LineString","coordinates":[[44.5027,40.1709],[44.5028,40.1707]]}},{"type":"Feature","properties":{"waterway":"river","name":null},"geometry":{"type":"LineString","coordinates":[[44.3032,40.2963],[44.3035,40.2951]]}},{"type":"Feature","properties":{"waterway":"river","name":null},"geometry":{"type":"LineString","coordinates":[[44.3035,40.2951],[44.3035,40.2946]]}},{"type":"Feature","properties":{"waterway":"canal","name":null},"geometry":{"type":"LineString","coordinates":[[43.821,40.4239],[43.82,40.4246]]}},{"type":"Feature","properties":{"waterway":"river","name":null},"geometry":{"type":"LineString","coordinates":[[43.8487,40.7623],[43.8442,40.7558]]}},{"type":"Feature","properties":{"waterway":"river","name":null},"geometry":{"type":"LineString","coordinates":[[43.8442,40.7558],[43.8441,40.7558]]}},{"type":"Feature","properties":{"waterway":"river","name":null},"geometry":{"type":"LineString","coordinates":[[43.8441,40.7558],[43.8441,40.7558]]}},{"type":"Feature","properties":{"waterway":"canal","name":null},"geometry":{"type":"LineString","coordinates":[[44.3344,40.2446],[44.3343,40.2446]]}},{"type":"Feature","properties":{"waterway":"canal","name":null},"geometry":{"type":"LineString","coordinates":[[44.3344,40.2447],[44.3344,40.2446]]}},{"type":"Feature","properties":{"waterway":"canal","name":"Շիրակամուտ"},"geometry":{"type":"LineString","coordinates":[[44.0993,40.8104],[44.1045,40.816]]}},{"type":"Feature","properties":{"waterway":"canal","name":"Շիրակամուտ"},"geometry":{"type":"LineString","coordinates":[[44.0988,40.8104],[44.0993,40.8104]]}},{"type":"Feature","properties":{"waterway":"canal","name":"Շիրակամուտ"},"geometry":{"type":"LineString","coordinates":[[44.0916,40.8172],[44.0948,40.8107],[44.0988,40.8104]]}},{"type":"Feature","properties":{"waterway":"canal","name":"Շիրակամուտ"},"geometry":{"type":"LineString","coordinates":[[44.0915,40.8174],[44.0916,40.8172]]}},{"type":"Feature","properties":{"waterway":"canal","name":"Շիրակամուտ"},"geometry":{"type":"LineString","coordinates":[[44.0306,40.8447],[44.0308,40.8431]]}},{"type":"Feature","properties":{"waterway":"canal","name":"Շիրակամուտ"},"geometry":{"type":"LineString","coordinates":[[44.0309,40.845],[44.0306,40.8447]]}},{"type":"Feature","properties":{"waterway":"canal","name":"Շիրակամուտ"},"geometry":{"type":"LineString","coordinates":[[44.0451,40.8251],[44.0464,40.8255]]}},{"type":"Feature","properties":{"waterway":"canal","name":"Շիրակամուտ"},"geometry":{"type":"LineString","coordinates":[[44.0449,40.8253],[44.0451,40.8251]]}},{"type":"Feature","properties":{"waterway":"canal","name":"Շիրակամուտ"},"geometry":{"type":"LineString","coordinates":[[44.1048,40.816],[44.1116,40.826]]}},{"type":"Feature","properties":{"waterway":"canal","name":"Շիրակամուտ"},"geometry":{"type":"LineString","coordinates":[[44.1045,40.816],[44.1048,40.816]]}},{"type":"Feature","properties":{"waterway":"canal","name":"Շիրակամուտ"},"geometry":{"type":"LineString","coordinates":[[44.0513,40.8323],[44.0515,40.8324]]}},{"type":"Feature","properties":{"waterway":"canal","name":"Շիրակամուտ"},"geometry":{"type":"LineString","coordinates":[[44.0466,40.8255],[44.0489,40.8258],[44.0513,40.8323]]}},{"type":"Feature","properties":{"waterway":"canal","name":"Շիրակամուտ"},"geometry":{"type":"LineString","coordinates":[[44.0464,40.8255],[44.0466,40.8255]]}},{"type":"Feature","properties":{"waterway":"canal","name":"Շիրակամուտ"},"geometry":{"type":"LineString","coordinates":[[44.0418,40.8286],[44.0449,40.8253]]}},{"type":"Feature","properties":{"waterway":"canal","name":"Շիրակամուտ"},"geometry":{"type":"LineString","coordinates":[[44.0417,40.8286],[44.0418,40.8286]]}},{"type":"Feature","properties":{"waterway":"canal","name":"Շիրակամուտ"},"geometry":{"type":"LineString","coordinates":[[44.0438,40.8338],[44.0402,40.8313],[44.0417,40.8286]]}},{"type":"Feature","properties":{"waterway":"canal","name":"Շիրակամուտ"},"geometry":{"type":"LineString","coordinates":[[44.0438,40.8343],[44.0438,40.8338]]}},{"type":"Feature","properties":{"waterway":"canal","name":"Շիրակամուտ"},"geometry":{"type":"LineString","coordinates":[[44.0438,40.8359],[44.0438,40.8343]]}},{"type":"Feature","properties":{"waterway":"canal","name":"Շիրակամուտ"},"geometry":{"type":"LineString","coordinates":[[44.0439,40.8361],[44.0438,40.8359]]}},{"type":"Feature","properties":{"waterway":"canal","name":"Շիրակամուտ"},"geometry":{"type":"LineString","coordinates":[[44.031,40.843],[44.0357,40.8426],[44.0398,40.8382],[44.0443,40.8379],[44.0439,40.8361]]}},{"type":"Feature","properties":{"waterway":"canal","name":"Շիրակամուտ"},"geometry":{"type":"LineString","coordinates":[[44.0308,40.8431],[44.031,40.843]]}},{"type":"Feature","properties":{"waterway":"canal","name":"Շիրակամուտ"},"geometry":{"type":"LineString","coordinates":[[44.0416,40.8464],[44.0309,40.845]]}},{"type":"Feature","properties":{"waterway":"canal","name":null},"geometry":{"type":"LineString","coordinates":[[44.5091,40.0516],[44.5057,40.0501]]}},{"type":"Feature","properties":{"waterway":"canal","name":null},"geometry":{"type":"LineString","coordinates":[[44.5014,40.0482],[44.4995,40.0474]]}},{"type":"Feature","properties":{"waterway":"canal","name":null},"geometry":{"type":"LineString","coordinates":[[44.5032,40.049],[44.5031,40.049]]}},{"type":"Feature","properties":{"waterway":"canal","name":null},"geometry":{"type":"LineString","coordinates":[[44.5056,40.0501],[44.5032,40.049]]}},{"type":"Feature","properties":{"waterway":"canal","name":null},"geometry":{"type":"LineString","coordinates":[[44.5057,40.0501],[44.5056,40.0501]]}},{"type":"Feature","properties":{"waterway":"canal","name":null},"geometry":{"type":"LineString","coordinates":[[44.5031,40.049],[44.5015,40.0483]]}},{"type":"Feature","properties":{"waterway":"canal","name":null},"geometry":{"type":"LineString","coordinates":[[44.5015,40.0483],[44.5014,40.0482]]}},{"type":"Feature","properties":{"waterway":"canal","name":null},"geometry":{"type":"LineString","coordinates":[[44.5094,40.0517],[44.5092,40.0516]]}},{"type":"Feature","properties":{"waterway":"canal","name":null},"geometry":{"type":"LineString","coordinates":[[44.5092,40.0516],[44.5091,40.0516]]}},{"type":"Feature","properties":{"waterway":"canal","name":null},"geometry":{"type":"LineString","coordinates":[[45.1327,40.8631],[45.1372,40.8655]]}},{"type":"Feature","properties":{"waterway":"canal","name":"Գետառ"},"geometry":{"type":"LineString","coordinates":[[44.5175,40.1732],[44.5158,40.1729]]}},{"type":"Feature","properties":{"waterway":"canal","name":"Գետառ"},"geometry":{"type":"LineString","coordinates":[[44.5199,40.1737],[44.5189,40.1732]]}},{"type":"Feature","properties":{"waterway":"canal","name":null},"geometry":{"type":"LineString","coordinates":[[44.4988,40.1895],[44.4987,40.1892]]}},{"type":"Feature","properties":{"waterway":"river","name":"Հրազդան"},"geometry":{"type":"LineString","coordinates":[[44.5044,40.2168],[44.504,40.2166]]}},{"type":"Feature","properties":{"waterway":"canal","name":null},"geometry":{"type":"LineString","coordinates":[[44.0481,40.2868],[44.0462,40.2801]]}},{"type":"Feature","properties":{"waterway":"canal","name":null},"geometry":{"type":"LineString","coordinates":[[44.0463,40.28],[44.0494,40.2757]]}},{"type":"Feature","properties":{"waterway":"canal","name":null},"geometry":{"type":"LineString","coordinates":[[44.0495,40.2756],[44.0511,40.2747],[44.0501,40.2662]]}},{"type":"Feature","properties":{"waterway":"canal","name":null},"geometry":{"type":"LineString","coordinates":[[44.0501,40.2661],[44.0476,40.254]]}},{"type":"Feature","properties":{"waterway":"canal","name":null},"geometry":{"type":"LineString","coordinates":[[44.1771,40.1272],[44.1784,40.1261],[44.1749,40.1202]]}},{"type":"Feature","properties":{"waterway":"canal","name":null},"geometry":{"type":"LineString","coordinates":[[44.1784,40.1261],[44.181,40.1245],[44.1785,40.1188],[44.1749,40.12]]}},{"type":"Feature","properties":{"waterway":"canal","name":null},"geometry":{"type":"LineString","coordinates":[[44.1644,40.1339],[44.1525,40.1335]]}},{"type":"Feature","properties":{"waterway":"canal","name":null},"geometry":{"type":"LineString","coordinates":[[44.1661,40.1335],[44.166,40.1336]]}},{"type":"Feature","properties":{"waterway":"canal","name":null},"geometry":{"type":"LineString","coordinates":[[44.166,40.1336],[44.1645,40.1338]]}},{"type":"Feature","properties":{"waterway":"canal","name":null},"geometry":{"type":"LineString","coordinates":[[44.1645,40.1338],[44.1644,40.1339]]}},{"type":"Feature","properties":{"waterway":"canal","name":null},"geometry":{"type":"LineString","coordinates":[[44.17,40.1324],[44.1661,40.1335]]}},{"type":"Feature","properties":{"waterway":"canal","name":null},"geometry":{"type":"LineString","coordinates":[[44.1701,40.1323],[44.17,40.1324]]}},{"type":"Feature","properties":{"waterway":"canal","name":null},"geometry":{"type":"LineString","coordinates":[[44.1755,40.1287],[44.1701,40.1323]]}},{"type":"Feature","properties":{"waterway":"canal","name":null},"geometry":{"type":"LineString","coordinates":[[44.1756,40.1286],[44.1755,40.1287]]}},{"type":"Feature","properties":{"waterway":"canal","name":null},"geometry":{"type":"LineString","coordinates":[[44.1761,40.1283],[44.1756,40.1286]]}},{"type":"Feature","properties":{"waterway":"canal","name":null},"geometry":{"type":"LineString","coordinates":[[44.1762,40.1282],[44.1761,40.1283]]}},{"type":"Feature","properties":{"waterway":"canal","name":null},"geometry":{"type":"LineString","coordinates":[[44.1976,40.1183],[44.1852,40.1221],[44.1762,40.1282]]}},{"type":"Feature","properties":{"waterway":"canal","name":null},"geometry":{"type":"LineString","coordinates":[[44.1977,40.1183],[44.1976,40.1183]]}},{"type":"Feature","properties":{"waterway":"canal","name":null},"geometry":{"type":"LineString","coordinates":[[44.2227,40.1045],[44.2191,40.1092]]}},{"type":"Feature","properties":{"waterway":"canal","name":null},"geometry":{"type":"LineString","coordinates":[[44.2145,40.1129],[44.2144,40.1129]]}},{"type":"Feature","properties":{"waterway":"canal","name":null},"geometry":{"type":"LineString","coordinates":[[44.176,40.128],[44.177,40.1273]]}},{"type":"Feature","properties":{"waterway":"canal","name":null},"geometry":{"type":"LineString","coordinates":[[44.177,40.1273],[44.1771,40.1272]]}},{"type":"Feature","properties":{"waterway":"canal","name":null},"geometry":{"type":"LineString","coordinates":[[44.2189,40.1093],[44.2145,40.1129]]}},{"type":"Feature","properties":{"waterway":"canal","name":null},"geometry":{"type":"LineString","coordinates":[[44.2191,40.1092],[44.2189,40.1093]]}},{"type":"Feature","properties":{"waterway":"river","name":null},"geometry":{"type":"LineString","coordinates":[[43.8326,40.7746],[43.8326,40.7747]]}},{"type":"Feature","properties":{"waterway":"river","name":null},"geometry":{"type":"LineString","coordinates":[[43.8325,40.7746],[43.8326,40.7746]]}},{"type":"Feature","properties":{"waterway":"river","name":null},"geometry":{"type":"LineString","coordinates":[[43.8326,40.7747],[43.8331,40.7753]]}},{"type":"Feature","properties":{"waterway":"river","name":null},"geometry":{"type":"LineString","coordinates":[[43.8331,40.7753],[43.8333,40.7754]]}},{"type":"Feature","properties":{"waterway":"river","name":"Հովաջուր"},"geometry":{"type":"LineString","coordinates":[[44.8513,40.7119],[44.8514,40.712]]}},{"type":"Feature","properties":{"waterway":"river","name":"Հովաջուր"},"geometry":{"type":"LineString","coordinates":[[44.8513,40.7118],[44.8513,40.7119]]}},{"type":"Feature","properties":{"waterway":"canal","name":null},"geometry":{"type":"LineString","coordinates":[[45.761,39.8022],[45.756,39.7927],[45.7572,39.7825]]}},{"type":"Feature","properties":{"waterway":"canal","name":"Որոտան-Արփա Թունել"},"geometry":{"type":"LineString","coordinates":[[45.8088,39.6599],[45.7811,39.6627],[45.7232,39.6834],[45.6832,39.7092],[45.656,39.7661],[45.6583,39.7876]]}},{"type":"Feature","properties":{"waterway":"canal","name":"Արփա֊Սևան"},"geometry":{"type":"LineString","coordinates":[[45.6482,39.7918],[45.5527,39.8318],[45.49,39.8996]]}},{"type":"Feature","properties":{"waterway":"canal","name":"Արփա-Սևան Ջրատար"},"geometry":{"type":"LineString","coordinates":[[45.49,39.8996],[45.4896,39.8999]]}},{"type":"Feature","properties":{"waterway":"canal","name":null},"geometry":{"type":"LineString","coordinates":[[45.4908,39.9001],[45.4897,39.8998]]}},{"type":"Feature","properties":{"waterway":"canal","name":null},"geometry":{"type":"LineString","coordinates":[[45.8478,39.6482],[45.851,39.6482]]}},{"type":"Feature","properties":{"waterway":"river","name":null},"geometry":{"type":"LineString","coordinates":[[45.817,39.6359],[45.823,39.6391]]}},{"type":"Feature","properties":{"waterway":"canal","name":null},"geometry":{"type":"LineString","coordinates":[[45.1902,39.7265],[45.1902,39.7257]]}},{"type":"Feature","properties":{"waterway":"canal","name":null},"geometry":{"type":"LineString","coordinates":[[45.1902,39.7267],[45.1902,39.7265]]}}]}